"REF_SECTOR","TIME_PERIOD","ACCOUNTING_ENTRY","STO","signe","formule","id_formule"
"S11",2024,"B","B9",1,"Lien épargne/capacité ou besoin de financement",1
"S12",2024,"B","B9",1,"Lien épargne/capacité ou besoin de financement",2
"S1",2024,"B","B9",1,"Lien épargne/capacité ou besoin de financement",3
"S13",2024,"B","B9",1,"Lien épargne/capacité ou besoin de financement",4
"S14",2024,"B","B9",1,"Lien épargne/capacité ou besoin de financement",5
"S15",2024,"B","B9",1,"Lien épargne/capacité ou besoin de financement",6
"S1",2024,"D","P5",1,"Lien épargne/capacité ou besoin de financement",3
"S14",2024,"C","D9P",-1,"Lien épargne/capacité ou besoin de financement",5
"S14",2024,"C","D9R",-1,"Lien épargne/capacité ou besoin de financement",5
"S14",2024,"B","B8G",-1,"Lien épargne/capacité ou besoin de financement",5
"S15",2024,"D","P5",1,"Lien épargne/capacité ou besoin de financement",6
"S14",2024,"D","P5",1,"Lien épargne/capacité ou besoin de financement",5
"S13",2024,"D","P5",1,"Lien épargne/capacité ou besoin de financement",4
"S11",2024,"D","P5",1,"Lien épargne/capacité ou besoin de financement",1
"S12",2024,"D","P5",1,"Lien épargne/capacité ou besoin de financement",2
"S13",2024,"D","NP",1,"Lien épargne/capacité ou besoin de financement",4
"S11",2024,"D","NP",1,"Lien épargne/capacité ou besoin de financement",1
"S12",2024,"D","NP",1,"Lien épargne/capacité ou besoin de financement",2
"S14",2024,"D","NP",1,"Lien épargne/capacité ou besoin de financement",5
"S11",2024,"C","D9R",-1,"Lien épargne/capacité ou besoin de financement",1
"S11",2024,"C","D9P",-1,"Lien épargne/capacité ou besoin de financement",1
"S15",2024,"C","D9P",-1,"Lien épargne/capacité ou besoin de financement",6
"S15",2024,"C","D9R",-1,"Lien épargne/capacité ou besoin de financement",6
"S12",2024,"C","D9R",-1,"Lien épargne/capacité ou besoin de financement",2
"S13",2024,"C","D9R",-1,"Lien épargne/capacité ou besoin de financement",4
"S13",2024,"C","D9P",-1,"Lien épargne/capacité ou besoin de financement",4
"S12",2024,"C","D9P",-1,"Lien épargne/capacité ou besoin de financement",2
"S12",2024,"B","B8G",-1,"Lien épargne/capacité ou besoin de financement",2
"S13",2024,"B","B8G",-1,"Lien épargne/capacité ou besoin de financement",4
"S15",2024,"B","B8G",-1,"Lien épargne/capacité ou besoin de financement",6
"S11",2024,"B","B8G",-1,"Lien épargne/capacité ou besoin de financement",1
"S15",2024,"D","NP",1,"Lien épargne/capacité ou besoin de financement",6
"S1",2024,"D","NP",1,"Lien épargne/capacité ou besoin de financement",3
"S1",2024,"C","D9R",-1,"Lien épargne/capacité ou besoin de financement",3
"S1",2024,"C","D9P",-1,"Lien épargne/capacité ou besoin de financement",3
"S1",2024,"B","B8G",-1,"Lien épargne/capacité ou besoin de financement",3
"S1",2024,"D","P3",1,"Lien solde revenus primaires/épargne",1
"S15",2024,"D","P3",1,"Lien solde revenus primaires/épargne",2
"S14",2024,"D","P3",1,"Lien solde revenus primaires/épargne",3
"S13",2024,"D","P3",1,"Lien solde revenus primaires/épargne",4
"S14",2024,"B","B8G",1,"Lien solde revenus primaires/épargne",3
"S14",2024,"B","B6G",-1,"Lien solde revenus primaires/épargne",3
"S12",2024,"D","D8",1,"Lien solde revenus primaires/épargne",5
"S12",2024,"B","B6G",-1,"Lien solde revenus primaires/épargne",5
"S11",2024,"B","B6G",-1,"Lien solde revenus primaires/épargne",6
"S15",2024,"B","B6G",-1,"Lien solde revenus primaires/épargne",2
"S13",2024,"B","B6G",-1,"Lien solde revenus primaires/épargne",4
"S12",2024,"B","B8G",1,"Lien solde revenus primaires/épargne",5
"S13",2024,"B","B8G",1,"Lien solde revenus primaires/épargne",4
"S15",2024,"B","B8G",1,"Lien solde revenus primaires/épargne",2
"S11",2024,"B","B8G",1,"Lien solde revenus primaires/épargne",6
"S11",2024,"D","D8",1,"Lien solde revenus primaires/épargne",6
"S15",2024,"D","D8",1,"Lien solde revenus primaires/épargne",2
"S14",2024,"D","D8",1,"Lien solde revenus primaires/épargne",3
"S1",2024,"C","D8",-1,"Lien solde revenus primaires/épargne",1
"S1",2024,"D","D8",1,"Lien solde revenus primaires/épargne",1
"S14",2024,"C","D8",-1,"Lien solde revenus primaires/épargne",3
"S13",2024,"D","D8",1,"Lien solde revenus primaires/épargne",4
"S1",2024,"B","B8G",1,"Lien solde revenus primaires/épargne",1
"S1",2024,"B","B6G",-1,"Lien solde revenus primaires/épargne",1
"S14",2024,"D","D7",1,"Lien revenu disponible/solde revenus primaires",1
"S14",2024,"C","D7",-1,"Lien revenu disponible/solde revenus primaires",1
"S14",2024,"B","B5G",-1,"Lien revenu disponible/solde revenus primaires",1
"S14",2024,"B","B6G",1,"Lien revenu disponible/solde revenus primaires",1
"S11",2024,"D","D7",1,"Lien revenu disponible/solde revenus primaires",2
"S12",2024,"D","D7",1,"Lien revenu disponible/solde revenus primaires",3
"S13",2024,"D","D7",1,"Lien revenu disponible/solde revenus primaires",4
"S15",2024,"C","D7",-1,"Lien revenu disponible/solde revenus primaires",5
"S11",2024,"C","D7",-1,"Lien revenu disponible/solde revenus primaires",2
"S15",2024,"D","D7",1,"Lien revenu disponible/solde revenus primaires",5
"S13",2024,"C","D7",-1,"Lien revenu disponible/solde revenus primaires",4
"S12",2024,"C","D7",-1,"Lien revenu disponible/solde revenus primaires",3
"S12",2024,"B","B6G",1,"Lien revenu disponible/solde revenus primaires",3
"S11",2024,"B","B5G",-1,"Lien revenu disponible/solde revenus primaires",2
"S12",2024,"B","B5G",-1,"Lien revenu disponible/solde revenus primaires",3
"S13",2024,"B","B5G",-1,"Lien revenu disponible/solde revenus primaires",4
"S15",2024,"B","B5G",-1,"Lien revenu disponible/solde revenus primaires",5
"S11",2024,"B","B6G",1,"Lien revenu disponible/solde revenus primaires",2
"S15",2024,"B","B6G",1,"Lien revenu disponible/solde revenus primaires",5
"S13",2024,"B","B6G",1,"Lien revenu disponible/solde revenus primaires",4
"S15",2024,"C","D6",-1,"Lien revenu disponible/solde revenus primaires",5
"S12",2024,"D","D6",1,"Lien revenu disponible/solde revenus primaires",3
"S1",2024,"C","D6",-1,"Lien revenu disponible/solde revenus primaires",6
"S15",2024,"D","D6",1,"Lien revenu disponible/solde revenus primaires",5
"S13",2024,"D","D6",1,"Lien revenu disponible/solde revenus primaires",4
"S12",2024,"C","D6",-1,"Lien revenu disponible/solde revenus primaires",3
"S1",2024,"D","D6",1,"Lien revenu disponible/solde revenus primaires",6
"S11",2024,"D","D6",1,"Lien revenu disponible/solde revenus primaires",2
"S11",2024,"C","D6",-1,"Lien revenu disponible/solde revenus primaires",2
"S14",2024,"D","D6",1,"Lien revenu disponible/solde revenus primaires",1
"S13",2024,"C","D6",-1,"Lien revenu disponible/solde revenus primaires",4
"S14",2024,"C","D6",-1,"Lien revenu disponible/solde revenus primaires",1
"S1",2024,"D","D7",1,"Lien revenu disponible/solde revenus primaires",6
"S1",2024,"C","D7",-1,"Lien revenu disponible/solde revenus primaires",6
"S1",2024,"B","B6G",1,"Lien revenu disponible/solde revenus primaires",6
"S1",2024,"B","B5G",-1,"Lien revenu disponible/solde revenus primaires",6
"S1",2024,"B","B3G",-1,"Lien solde des revenus primaires/excédent brut d'exploitation",1
"S1",2024,"B","B2G",-1,"Lien solde des revenus primaires/excédent brut d'exploitation",1
"S14",2024,"C","D1",-1,"Lien solde des revenus primaires/excédent brut d'exploitation",2
"S14",2024,"D","D4",1,"Lien solde des revenus primaires/excédent brut d'exploitation",2
"S14",2024,"C","D4",-1,"Lien solde des revenus primaires/excédent brut d'exploitation",2
"S14",2024,"B","B2G",-1,"Lien solde des revenus primaires/excédent brut d'exploitation",2
"S14",2024,"B","B3G",-1,"Lien solde des revenus primaires/excédent brut d'exploitation",2
"S14",2024,"B","B5G",1,"Lien solde des revenus primaires/excédent brut d'exploitation",2
"S13",2024,"C","D2",-1,"Lien solde des revenus primaires/excédent brut d'exploitation",3
"S13",2024,"C","D3",-1,"Lien solde des revenus primaires/excédent brut d'exploitation",3
"S11",2024,"D","D4",1,"Lien solde des revenus primaires/excédent brut d'exploitation",4
"S11",2024,"C","D4",-1,"Lien solde des revenus primaires/excédent brut d'exploitation",4
"S13",2024,"D","D4",1,"Lien solde des revenus primaires/excédent brut d'exploitation",3
"S12",2024,"D","D4",1,"Lien solde des revenus primaires/excédent brut d'exploitation",5
"S15",2024,"D","D4",1,"Lien solde des revenus primaires/excédent brut d'exploitation",6
"S13",2024,"C","D4",-1,"Lien solde des revenus primaires/excédent brut d'exploitation",3
"S15",2024,"C","D4",-1,"Lien solde des revenus primaires/excédent brut d'exploitation",6
"S12",2024,"C","D4",-1,"Lien solde des revenus primaires/excédent brut d'exploitation",5
"S13",2024,"B","B2G",-1,"Lien solde des revenus primaires/excédent brut d'exploitation",3
"S11",2024,"B","B2G",-1,"Lien solde des revenus primaires/excédent brut d'exploitation",4
"S15",2024,"B","B2G",-1,"Lien solde des revenus primaires/excédent brut d'exploitation",6
"S12",2024,"B","B2G",-1,"Lien solde des revenus primaires/excédent brut d'exploitation",5
"S11",2024,"B","B5G",1,"Lien solde des revenus primaires/excédent brut d'exploitation",4
"S12",2024,"B","B5G",1,"Lien solde des revenus primaires/excédent brut d'exploitation",5
"S13",2024,"B","B5G",1,"Lien solde des revenus primaires/excédent brut d'exploitation",3
"S15",2024,"B","B5G",1,"Lien solde des revenus primaires/excédent brut d'exploitation",6
"S1",2024,"C","D1",-1,"Lien solde des revenus primaires/excédent brut d'exploitation",1
"S1",2024,"C","D3",-1,"Lien solde des revenus primaires/excédent brut d'exploitation",1
"S1",2024,"D","D4",1,"Lien solde des revenus primaires/excédent brut d'exploitation",1
"S1",2024,"C","D4",-1,"Lien solde des revenus primaires/excédent brut d'exploitation",1
"S1",2024,"C","D2",-1,"Lien solde des revenus primaires/excédent brut d'exploitation",1
"S1",2024,"B","B5G",1,"Lien solde des revenus primaires/excédent brut d'exploitation",1
"S1",2024,"B","B2A3G",1,"Lien excédent brut d'exploitation et revenu mixte brut/excédent brut d'exploitation",1
"S1",2024,"B","B3G",-1,"Lien excédent brut d'exploitation et revenu mixte brut/excédent brut d'exploitation",1
"S1",2024,"B","B2G",-1,"Lien excédent brut d'exploitation et revenu mixte brut/excédent brut d'exploitation",1
"S14",2024,"B","B2G",-1,"Lien excédent brut d'exploitation et revenu mixte brut/excédent brut d'exploitation",2
"S14",2024,"B","B2A3G",1,"Lien excédent brut d'exploitation et revenu mixte brut/excédent brut d'exploitation",2
"S14",2024,"B","B3G",-1,"Lien excédent brut d'exploitation et revenu mixte brut/excédent brut d'exploitation",2
"S1",2024,"D","D1",-1,"Lien PIB/excédent brut d'exploitation",1
"S1",2024,"D","D2",-1,"Lien PIB/excédent brut d'exploitation",1
"S1",2024,"D","D3",-1,"Lien PIB/excédent brut d'exploitation",1
"S1",2024,"B","B1GQ",1,"Lien PIB/excédent brut d'exploitation",1
"S1",2024,"B","B3G",-1,"Lien PIB/excédent brut d'exploitation",1
"S1",2024,"B","B2G",-1,"Lien PIB/excédent brut d'exploitation",1
"S1",2024,"B","B1G",-1,"Lien PIB/valeur ajoutée",1
"S1",2024,"B","B1GQ",1,"Lien PIB/valeur ajoutée",1
"S1",2024,"C","D21X31",-1,"Lien PIB/valeur ajoutée",1
"S1",2024,"D","P3",1,"Ventilation en sous-catégorie",1
"S1",2024,"D","P31",-1,"Ventilation en sous-catégorie",1
"S1",2024,"D","P32",-1,"Ventilation en sous-catégorie",1
"S13",2024,"D","P3",1,"Ventilation en sous-catégorie",2
"S13",2024,"D","P32",-1,"Ventilation en sous-catégorie",2
"S13",2024,"D","P31",-1,"Ventilation en sous-catégorie",2
"S15",2024,"D","P3",1,"Ventilation en sous-catégorie",3
"S15",2024,"D","P31",-1,"Ventilation en sous-catégorie",3
"S14",2024,"D","P3",1,"Ventilation en sous-catégorie",4
"S14",2024,"D","P31",-1,"Ventilation en sous-catégorie",4
"S1",2024,"D","D1",1,"Ventilation en sous-catégorie",5
"S1",2024,"D","D11",-1,"Ventilation en sous-catégorie",5
"S1",2024,"D","D12",-1,"Ventilation en sous-catégorie",5
"S1",2024,"D","D2",1,"Ventilation en sous-catégorie",6
"S1",2024,"D","D21",-1,"Ventilation en sous-catégorie",6
"S1",2024,"D","D29",-1,"Ventilation en sous-catégorie",6
"S14",2024,"C","D1",1,"Ventilation en sous-catégorie",7
"S14",2024,"C","D12",-1,"Ventilation en sous-catégorie",7
"S14",2024,"C","D11",-1,"Ventilation en sous-catégorie",7
"S14",2024,"D","D1",1,"Ventilation en sous-catégorie",8
"S14",2024,"D","D12",-1,"Ventilation en sous-catégorie",8
"S14",2024,"D","D11",-1,"Ventilation en sous-catégorie",8
"S14",2024,"D","D12",1,"Ventilation en sous-catégorie",9
"S14",2024,"D","D122",-1,"Ventilation en sous-catégorie",9
"S14",2024,"D","D121",-1,"Ventilation en sous-catégorie",9
"S14",2024,"C","D12",1,"Ventilation en sous-catégorie",10
"S14",2024,"C","D122",-1,"Ventilation en sous-catégorie",10
"S14",2024,"C","D121",-1,"Ventilation en sous-catégorie",10
"S1",2024,"D","D3",1,"Ventilation en sous-catégorie",11
"S1",2024,"D","D31",-1,"Ventilation en sous-catégorie",11
"S1",2024,"D","D39",-1,"Ventilation en sous-catégorie",11
"S14",2024,"D","D6",1,"Ventilation en sous-catégorie",12
"S14",2024,"D","D61",-1,"Ventilation en sous-catégorie",12
"S14",2024,"D","D62",-1,"Ventilation en sous-catégorie",12
"S14",2024,"C","D6",1,"Ventilation en sous-catégorie",13
"S14",2024,"C","D63",-1,"Ventilation en sous-catégorie",13
"S14",2024,"C","D62",-1,"Ventilation en sous-catégorie",13
"S14",2024,"C","D61",-1,"Ventilation en sous-catégorie",13
"S15",2024,"C","P1",1,"Ventilation en sous-catégorie",14
"S15",2024,"C","P13",-1,"Ventilation en sous-catégorie",14
"S15",2024,"C","P11",-1,"Ventilation en sous-catégorie",14
"S15",2024,"C","P12",-1,"Ventilation en sous-catégorie",14
"S11",2024,"C","P1",1,"Ventilation en sous-catégorie",15
"S11",2024,"C","P11",-1,"Ventilation en sous-catégorie",15
"S11",2024,"C","P12",-1,"Ventilation en sous-catégorie",15
"S14",2024,"C","P1",1,"Ventilation en sous-catégorie",16
"S14",2024,"C","P11",-1,"Ventilation en sous-catégorie",16
"S14",2024,"C","P12",-1,"Ventilation en sous-catégorie",16
"S13",2024,"C","P1",1,"Ventilation en sous-catégorie",17
"S13",2024,"C","P12",-1,"Ventilation en sous-catégorie",17
"S13",2024,"C","P11",-1,"Ventilation en sous-catégorie",17
"S13",2024,"C","P13",-1,"Ventilation en sous-catégorie",17
"S12",2024,"C","P1",1,"Ventilation en sous-catégorie",18
"S12",2024,"C","P11",-1,"Ventilation en sous-catégorie",18
"S12",2024,"C","P12",-1,"Ventilation en sous-catégorie",18
"S12",2024,"D","D1",1,"Ventilation en sous-catégorie",19
"S12",2024,"D","D11",-1,"Ventilation en sous-catégorie",19
"S12",2024,"D","D12",-1,"Ventilation en sous-catégorie",19
"S11",2024,"D","D1",1,"Ventilation en sous-catégorie",20
"S11",2024,"D","D11",-1,"Ventilation en sous-catégorie",20
"S11",2024,"D","D12",-1,"Ventilation en sous-catégorie",20
"S12",2024,"D","D12",1,"Ventilation en sous-catégorie",21
"S12",2024,"D","D122",-1,"Ventilation en sous-catégorie",21
"S12",2024,"D","D121",-1,"Ventilation en sous-catégorie",21
"S13",2024,"D","D12",1,"Ventilation en sous-catégorie",22
"S13",2024,"D","D122",-1,"Ventilation en sous-catégorie",22
"S13",2024,"D","D121",-1,"Ventilation en sous-catégorie",22
"S15",2024,"D","D12",1,"Ventilation en sous-catégorie",23
"S15",2024,"D","D121",-1,"Ventilation en sous-catégorie",23
"S11",2024,"D","D12",1,"Ventilation en sous-catégorie",24
"S11",2024,"D","D122",-1,"Ventilation en sous-catégorie",24
"S11",2024,"D","D121",-1,"Ventilation en sous-catégorie",24
"S15",2024,"D","D1",1,"Ventilation en sous-catégorie",25
"S15",2024,"D","D12",-1,"Ventilation en sous-catégorie",25
"S15",2024,"D","D11",-1,"Ventilation en sous-catégorie",25
"S13",2024,"D","D1",1,"Ventilation en sous-catégorie",26
"S13",2024,"D","D11",-1,"Ventilation en sous-catégorie",26
"S13",2024,"D","D12",-1,"Ventilation en sous-catégorie",26
"S13",2024,"C","D2",1,"Ventilation en sous-catégorie",27
"S13",2024,"C","D21",-1,"Ventilation en sous-catégorie",27
"S13",2024,"C","D29",-1,"Ventilation en sous-catégorie",27
"S13",2024,"C","D21",1,"Ventilation en sous-catégorie",28
"S13",2024,"C","D212",-1,"Ventilation en sous-catégorie",28
"S13",2024,"C","D211",-1,"Ventilation en sous-catégorie",28
"S13",2024,"C","D214",-1,"Ventilation en sous-catégorie",28
"S12",2024,"D","D2",1,"Ventilation en sous-catégorie",29
"S12",2024,"D","D29",-1,"Ventilation en sous-catégorie",29
"S11",2024,"D","D2",1,"Ventilation en sous-catégorie",30
"S11",2024,"D","D29",-1,"Ventilation en sous-catégorie",30
"S13",2024,"D","D2",1,"Ventilation en sous-catégorie",31
"S13",2024,"D","D29",-1,"Ventilation en sous-catégorie",31
"S12",2024,"D","D29",1,"Ventilation en sous-catégorie",32
"S12",2024,"D","D291",-1,"Ventilation en sous-catégorie",32
"S12",2024,"D","D292",-1,"Ventilation en sous-catégorie",32
"S11",2024,"D","D29",1,"Ventilation en sous-catégorie",33
"S11",2024,"D","D291",-1,"Ventilation en sous-catégorie",33
"S11",2024,"D","D292",-1,"Ventilation en sous-catégorie",33
"S15",2024,"D","D2",1,"Ventilation en sous-catégorie",34
"S15",2024,"D","D29",-1,"Ventilation en sous-catégorie",34
"S13",2024,"D","D29",1,"Ventilation en sous-catégorie",35
"S13",2024,"D","D291",-1,"Ventilation en sous-catégorie",35
"S13",2024,"D","D292",-1,"Ventilation en sous-catégorie",35
"S14",2024,"D","D2",1,"Ventilation en sous-catégorie",36
"S14",2024,"D","D29",-1,"Ventilation en sous-catégorie",36
"S14",2024,"D","D29",1,"Ventilation en sous-catégorie",37
"S14",2024,"D","D292",-1,"Ventilation en sous-catégorie",37
"S14",2024,"D","D291",-1,"Ventilation en sous-catégorie",37
"S15",2024,"D","D29",1,"Ventilation en sous-catégorie",38
"S15",2024,"D","D291",-1,"Ventilation en sous-catégorie",38
"S15",2024,"D","D292",-1,"Ventilation en sous-catégorie",38
"S13",2024,"C","D29",1,"Ventilation en sous-catégorie",39
"S13",2024,"C","D291",-1,"Ventilation en sous-catégorie",39
"S13",2024,"C","D292",-1,"Ventilation en sous-catégorie",39
"S13",2024,"D","D3",1,"Ventilation en sous-catégorie",40
"S13",2024,"D","D39",-1,"Ventilation en sous-catégorie",40
"S11",2024,"D","D3",1,"Ventilation en sous-catégorie",41
"S11",2024,"D","D39",-1,"Ventilation en sous-catégorie",41
"S13",2024,"C","D3",1,"Ventilation en sous-catégorie",42
"S13",2024,"C","D31",-1,"Ventilation en sous-catégorie",42
"S13",2024,"C","D39",-1,"Ventilation en sous-catégorie",42
"S13",2024,"C","D3R",-1,"Ventilation en sous-catégorie",42
"S13",2024,"C","D39",1,"Ventilation en sous-catégorie",43
"S13",2024,"C","D399",-1,"Ventilation en sous-catégorie",43
"S13",2024,"C","D392",-1,"Ventilation en sous-catégorie",43
"S13",2024,"C","D391",-1,"Ventilation en sous-catégorie",43
"S15",2024,"D","D3",1,"Ventilation en sous-catégorie",44
"S15",2024,"D","D39",-1,"Ventilation en sous-catégorie",44
"S14",2024,"D","D3",1,"Ventilation en sous-catégorie",45
"S14",2024,"D","D39",-1,"Ventilation en sous-catégorie",45
"S13",2024,"C","D4",1,"Ventilation en sous-catégorie",46
"S13",2024,"C","D41",-1,"Ventilation en sous-catégorie",46
"S13",2024,"C","D42",-1,"Ventilation en sous-catégorie",46
"S13",2024,"C","D45",-1,"Ventilation en sous-catégorie",46
"S13",2024,"C","D44",-1,"Ventilation en sous-catégorie",46
"S13",2024,"C","D43",-1,"Ventilation en sous-catégorie",46
"S12",2024,"D","D4",1,"Ventilation en sous-catégorie",47
"S12",2024,"D","D42",-1,"Ventilation en sous-catégorie",47
"S12",2024,"D","D41",-1,"Ventilation en sous-catégorie",47
"S12",2024,"D","D44",-1,"Ventilation en sous-catégorie",47
"S12",2024,"D","D43",-1,"Ventilation en sous-catégorie",47
"S12",2024,"D","D45",-1,"Ventilation en sous-catégorie",47
"S14",2024,"C","D4",1,"Ventilation en sous-catégorie",48
"S14",2024,"C","D41",-1,"Ventilation en sous-catégorie",48
"S14",2024,"C","D42",-1,"Ventilation en sous-catégorie",48
"S14",2024,"C","D44",-1,"Ventilation en sous-catégorie",48
"S14",2024,"C","D45",-1,"Ventilation en sous-catégorie",48
"S14",2024,"C","D43",-1,"Ventilation en sous-catégorie",48
"S15",2024,"C","D4",1,"Ventilation en sous-catégorie",49
"S15",2024,"C","D41",-1,"Ventilation en sous-catégorie",49
"S15",2024,"C","D44",-1,"Ventilation en sous-catégorie",49
"S15",2024,"C","D45",-1,"Ventilation en sous-catégorie",49
"S15",2024,"C","D42",-1,"Ventilation en sous-catégorie",49
"S15",2024,"C","D43",-1,"Ventilation en sous-catégorie",49
"S12",2024,"C","D4",1,"Ventilation en sous-catégorie",50
"S12",2024,"C","D42",-1,"Ventilation en sous-catégorie",50
"S12",2024,"C","D41",-1,"Ventilation en sous-catégorie",50
"S12",2024,"C","D44",-1,"Ventilation en sous-catégorie",50
"S12",2024,"C","D43",-1,"Ventilation en sous-catégorie",50
"S12",2024,"C","D45",-1,"Ventilation en sous-catégorie",50
"S11",2024,"C","D4",1,"Ventilation en sous-catégorie",51
"S11",2024,"C","D42",-1,"Ventilation en sous-catégorie",51
"S11",2024,"C","D41",-1,"Ventilation en sous-catégorie",51
"S11",2024,"C","D44",-1,"Ventilation en sous-catégorie",51
"S11",2024,"C","D43",-1,"Ventilation en sous-catégorie",51
"S11",2024,"C","D45",-1,"Ventilation en sous-catégorie",51
"S11",2024,"D","D4",1,"Ventilation en sous-catégorie",52
"S11",2024,"D","D42",-1,"Ventilation en sous-catégorie",52
"S11",2024,"D","D41",-1,"Ventilation en sous-catégorie",52
"S11",2024,"D","D43",-1,"Ventilation en sous-catégorie",52
"S11",2024,"D","D45",-1,"Ventilation en sous-catégorie",52
"S11",2024,"D","D44",-1,"Ventilation en sous-catégorie",52
"S13",2024,"D","D4",1,"Ventilation en sous-catégorie",53
"S13",2024,"D","D41",-1,"Ventilation en sous-catégorie",53
"S13",2024,"D","D45",-1,"Ventilation en sous-catégorie",53
"S15",2024,"D","D4",1,"Ventilation en sous-catégorie",54
"S15",2024,"D","D41",-1,"Ventilation en sous-catégorie",54
"S15",2024,"D","D45",-1,"Ventilation en sous-catégorie",54
"S15",2024,"D","D43",-1,"Ventilation en sous-catégorie",54
"S15",2024,"D","D44",-1,"Ventilation en sous-catégorie",54
"S14",2024,"D","D4",1,"Ventilation en sous-catégorie",55
"S14",2024,"D","D41",-1,"Ventilation en sous-catégorie",55
"S14",2024,"D","D45",-1,"Ventilation en sous-catégorie",55
"S14",2024,"D","D44",-1,"Ventilation en sous-catégorie",55
"S14",2024,"D","D43",-1,"Ventilation en sous-catégorie",55
"S12",2024,"D","D42",1,"Ventilation en sous-catégorie",56
"S12",2024,"D","D421",-1,"Ventilation en sous-catégorie",56
"S12",2024,"D","D422",-1,"Ventilation en sous-catégorie",56
"S11",2024,"D","D42",1,"Ventilation en sous-catégorie",57
"S11",2024,"D","D421",-1,"Ventilation en sous-catégorie",57
"S11",2024,"D","D422",-1,"Ventilation en sous-catégorie",57
"S11",2024,"C","D42",1,"Ventilation en sous-catégorie",58
"S11",2024,"C","D422",-1,"Ventilation en sous-catégorie",58
"S11",2024,"C","D421",-1,"Ventilation en sous-catégorie",58
"S13",2024,"C","D42",1,"Ventilation en sous-catégorie",59
"S13",2024,"C","D421",-1,"Ventilation en sous-catégorie",59
"S12",2024,"C","D42",1,"Ventilation en sous-catégorie",60
"S12",2024,"C","D421",-1,"Ventilation en sous-catégorie",60
"S12",2024,"C","D422",-1,"Ventilation en sous-catégorie",60
"S14",2024,"C","D42",1,"Ventilation en sous-catégorie",61
"S14",2024,"C","D421",-1,"Ventilation en sous-catégorie",61
"S14",2024,"C","D422",-1,"Ventilation en sous-catégorie",61
"S14",2024,"D","D5",1,"Ventilation en sous-catégorie",62
"S14",2024,"D","D51",-1,"Ventilation en sous-catégorie",62
"S14",2024,"D","D59",-1,"Ventilation en sous-catégorie",62
"S12",2024,"D","D5",1,"Ventilation en sous-catégorie",63
"S12",2024,"D","D51",-1,"Ventilation en sous-catégorie",63
"S12",2024,"D","D59",-1,"Ventilation en sous-catégorie",63
"S13",2024,"D","D5",1,"Ventilation en sous-catégorie",64
"S13",2024,"D","D51",-1,"Ventilation en sous-catégorie",64
"S13",2024,"D","D59",-1,"Ventilation en sous-catégorie",64
"S13",2024,"C","D5",1,"Ventilation en sous-catégorie",65
"S13",2024,"C","D51",-1,"Ventilation en sous-catégorie",65
"S13",2024,"C","D59",-1,"Ventilation en sous-catégorie",65
"S11",2024,"D","D5",1,"Ventilation en sous-catégorie",66
"S11",2024,"D","D51",-1,"Ventilation en sous-catégorie",66
"S11",2024,"D","D59",-1,"Ventilation en sous-catégorie",66
"S13",2024,"C","D61",1,"Ventilation en sous-catégorie",67
"S13",2024,"C","D611",-1,"Ventilation en sous-catégorie",67
"S13",2024,"C","D613",-1,"Ventilation en sous-catégorie",67
"S13",2024,"C","D612",-1,"Ventilation en sous-catégorie",67
"S13",2024,"C","D614",-1,"Ventilation en sous-catégorie",67
"S11",2024,"C","D6",1,"Ventilation en sous-catégorie",68
"S11",2024,"C","D61",-1,"Ventilation en sous-catégorie",68
"S12",2024,"C","D6",1,"Ventilation en sous-catégorie",69
"S12",2024,"C","D61",-1,"Ventilation en sous-catégorie",69
"S13",2024,"C","D6",1,"Ventilation en sous-catégorie",70
"S13",2024,"C","D61",-1,"Ventilation en sous-catégorie",70
"S11",2024,"C","D61",1,"Ventilation en sous-catégorie",71
"S11",2024,"C","D612",-1,"Ventilation en sous-catégorie",71
"S11",2024,"C","D611",-1,"Ventilation en sous-catégorie",71
"S11",2024,"C","D613",-1,"Ventilation en sous-catégorie",71
"S11",2024,"C","D614",-1,"Ventilation en sous-catégorie",71
"S14",2024,"C","D61",1,"Ventilation en sous-catégorie",72
"S14",2024,"C","D612",-1,"Ventilation en sous-catégorie",72
"S14",2024,"C","D611",-1,"Ventilation en sous-catégorie",72
"S14",2024,"C","D613",-1,"Ventilation en sous-catégorie",72
"S14",2024,"C","D614",-1,"Ventilation en sous-catégorie",72
"S15",2024,"D","D6",1,"Ventilation en sous-catégorie",73
"S15",2024,"D","D62",-1,"Ventilation en sous-catégorie",73
"S15",2024,"D","D63",-1,"Ventilation en sous-catégorie",73
"S11",2024,"D","D6",1,"Ventilation en sous-catégorie",74
"S11",2024,"D","D62",-1,"Ventilation en sous-catégorie",74
"S12",2024,"D","D6",1,"Ventilation en sous-catégorie",75
"S12",2024,"D","D62",-1,"Ventilation en sous-catégorie",75
"S13",2024,"D","D6",1,"Ventilation en sous-catégorie",76
"S13",2024,"D","D62",-1,"Ventilation en sous-catégorie",76
"S13",2024,"D","D63",-1,"Ventilation en sous-catégorie",76
"S13",2024,"D","D62",1,"Ventilation en sous-catégorie",77
"S13",2024,"D","D623",-1,"Ventilation en sous-catégorie",77
"S13",2024,"D","D622",-1,"Ventilation en sous-catégorie",77
"S13",2024,"D","D621",-1,"Ventilation en sous-catégorie",77
"S14",2024,"D","D62",1,"Ventilation en sous-catégorie",78
"S14",2024,"D","D622",-1,"Ventilation en sous-catégorie",78
"S14",2024,"C","D62",1,"Ventilation en sous-catégorie",79
"S14",2024,"C","D621",-1,"Ventilation en sous-catégorie",79
"S14",2024,"C","D623",-1,"Ventilation en sous-catégorie",79
"S14",2024,"C","D622",-1,"Ventilation en sous-catégorie",79
"S12",2024,"D","D62",1,"Ventilation en sous-catégorie",80
"S12",2024,"D","D622",-1,"Ventilation en sous-catégorie",80
"S11",2024,"D","D62",1,"Ventilation en sous-catégorie",81
"S11",2024,"D","D622",-1,"Ventilation en sous-catégorie",81
"S15",2024,"D","D62",1,"Ventilation en sous-catégorie",82
"S15",2024,"D","D623",-1,"Ventilation en sous-catégorie",82
"S14",2024,"C","D63",1,"Ventilation en sous-catégorie",83
"S14",2024,"C","D632",-1,"Ventilation en sous-catégorie",83
"S14",2024,"C","D631",-1,"Ventilation en sous-catégorie",83
"S15",2024,"D","D63",1,"Ventilation en sous-catégorie",84
"S15",2024,"D","D631",-1,"Ventilation en sous-catégorie",84
"S15",2024,"D","D632",-1,"Ventilation en sous-catégorie",84
"S13",2024,"D","D63",1,"Ventilation en sous-catégorie",85
"S13",2024,"D","D632",-1,"Ventilation en sous-catégorie",85
"S13",2024,"D","D631",-1,"Ventilation en sous-catégorie",85
"S14",2024,"C","D7",1,"Ventilation en sous-catégorie",86
"S14",2024,"C","D72",-1,"Ventilation en sous-catégorie",86
"S14",2024,"C","D75",-1,"Ventilation en sous-catégorie",86
"S13",2024,"D","D7",1,"Ventilation en sous-catégorie",87
"S13",2024,"D","D72",-1,"Ventilation en sous-catégorie",87
"S13",2024,"D","D73",-1,"Ventilation en sous-catégorie",87
"S13",2024,"D","D71",-1,"Ventilation en sous-catégorie",87
"S13",2024,"D","D74",-1,"Ventilation en sous-catégorie",87
"S13",2024,"D","D75",-1,"Ventilation en sous-catégorie",87
"S13",2024,"D","D76",-1,"Ventilation en sous-catégorie",87
"S13",2024,"C","D7",1,"Ventilation en sous-catégorie",88
"S13",2024,"C","D71",-1,"Ventilation en sous-catégorie",88
"S13",2024,"C","D72",-1,"Ventilation en sous-catégorie",88
"S13",2024,"C","D73",-1,"Ventilation en sous-catégorie",88
"S13",2024,"C","D74",-1,"Ventilation en sous-catégorie",88
"S13",2024,"C","D75",-1,"Ventilation en sous-catégorie",88
"S12",2024,"C","D7",1,"Ventilation en sous-catégorie",89
"S12",2024,"C","D71",-1,"Ventilation en sous-catégorie",89
"S12",2024,"C","D72",-1,"Ventilation en sous-catégorie",89
"S12",2024,"C","D75",-1,"Ventilation en sous-catégorie",89
"S11",2024,"C","D7",1,"Ventilation en sous-catégorie",90
"S11",2024,"C","D72",-1,"Ventilation en sous-catégorie",90
"S11",2024,"C","D75",-1,"Ventilation en sous-catégorie",90
"S15",2024,"D","D7",1,"Ventilation en sous-catégorie",91
"S15",2024,"D","D71",-1,"Ventilation en sous-catégorie",91
"S15",2024,"D","D75",-1,"Ventilation en sous-catégorie",91
"S12",2024,"D","D7",1,"Ventilation en sous-catégorie",92
"S12",2024,"D","D72",-1,"Ventilation en sous-catégorie",92
"S12",2024,"D","D71",-1,"Ventilation en sous-catégorie",92
"S12",2024,"D","D75",-1,"Ventilation en sous-catégorie",92
"S15",2024,"C","D7",1,"Ventilation en sous-catégorie",93
"S15",2024,"C","D72",-1,"Ventilation en sous-catégorie",93
"S15",2024,"C","D75",-1,"Ventilation en sous-catégorie",93
"S11",2024,"D","D7",1,"Ventilation en sous-catégorie",94
"S11",2024,"D","D71",-1,"Ventilation en sous-catégorie",94
"S11",2024,"D","D75",-1,"Ventilation en sous-catégorie",94
"S14",2024,"D","D7",1,"Ventilation en sous-catégorie",95
"S14",2024,"D","D71",-1,"Ventilation en sous-catégorie",95
"S14",2024,"D","D75",-1,"Ventilation en sous-catégorie",95
"S13",2024,"D","D73",1,"Ventilation en sous-catégorie",96
"S13",2024,"D","D731",-1,"Ventilation en sous-catégorie",96
"S13",2024,"D","D732",-1,"Ventilation en sous-catégorie",96
"S13",2024,"C","D73",1,"Ventilation en sous-catégorie",97
"S13",2024,"C","D732",-1,"Ventilation en sous-catégorie",97
"S13",2024,"C","D731",-1,"Ventilation en sous-catégorie",97
"S11",2024,"D","D75",1,"Ventilation en sous-catégorie",98
"S11",2024,"D","D751",-1,"Ventilation en sous-catégorie",98
"S11",2024,"D","D759",-1,"Ventilation en sous-catégorie",98
"S13",2024,"D","D75",1,"Ventilation en sous-catégorie",99
"S13",2024,"D","D751",-1,"Ventilation en sous-catégorie",99
"S13",2024,"D","D759",-1,"Ventilation en sous-catégorie",99
"S15",2024,"C","D75",1,"Ventilation en sous-catégorie",100
"S15",2024,"C","D751",-1,"Ventilation en sous-catégorie",100
"S15",2024,"C","D759",-1,"Ventilation en sous-catégorie",100
"S12",2024,"D","D75",1,"Ventilation en sous-catégorie",101
"S12",2024,"D","D759",-1,"Ventilation en sous-catégorie",101
"S14",2024,"C","D75",1,"Ventilation en sous-catégorie",102
"S14",2024,"C","D752",-1,"Ventilation en sous-catégorie",102
"S14",2024,"C","D759",-1,"Ventilation en sous-catégorie",102
"S14",2024,"D","D75",1,"Ventilation en sous-catégorie",103
"S14",2024,"D","D751",-1,"Ventilation en sous-catégorie",103
"S14",2024,"D","D759",-1,"Ventilation en sous-catégorie",103
"S14",2024,"D","D752",-1,"Ventilation en sous-catégorie",103
"S11",2024,"C","D75",1,"Ventilation en sous-catégorie",104
"S11",2024,"C","D759",-1,"Ventilation en sous-catégorie",104
"S13",2024,"C","D75",1,"Ventilation en sous-catégorie",105
"S13",2024,"C","D759",-1,"Ventilation en sous-catégorie",105
"S15",2024,"D","D75",1,"Ventilation en sous-catégorie",106
"S15",2024,"D","D759",-1,"Ventilation en sous-catégorie",106
"S12",2024,"C","D75",1,"Ventilation en sous-catégorie",107
"S12",2024,"C","D759",-1,"Ventilation en sous-catégorie",107
"S1",2024,"C","D3",1,"Ventilation en sous-catégorie",108
"S1",2024,"C","D3R",-1,"Ventilation en sous-catégorie",108
"S1",2024,"C","D31",-1,"Ventilation en sous-catégorie",108
"S1",2024,"C","D39",-1,"Ventilation en sous-catégorie",108
"S14",2024,"D","D44",1,"Ventilation en sous-catégorie",109
"S14",2024,"D","D443",-1,"Ventilation en sous-catégorie",109
"S14",2024,"D","D442",-1,"Ventilation en sous-catégorie",109
"S14",2024,"D","D441",-1,"Ventilation en sous-catégorie",109
"S15",2024,"D","D44",1,"Ventilation en sous-catégorie",110
"S15",2024,"D","D443",-1,"Ventilation en sous-catégorie",110
"S15",2024,"D","D442",-1,"Ventilation en sous-catégorie",110
"S15",2024,"D","D441",-1,"Ventilation en sous-catégorie",110
"S15",2024,"D","D5",1,"Ventilation en sous-catégorie",111
"S15",2024,"D","D51",-1,"Ventilation en sous-catégorie",111
"S15",2024,"D","D59",-1,"Ventilation en sous-catégorie",111
"S15",2024,"C","D42",1,"Ventilation en sous-catégorie",112
"S15",2024,"C","D421",-1,"Ventilation en sous-catégorie",112
"S15",2024,"C","D422",-1,"Ventilation en sous-catégorie",112
"S11",2024,"D","D44",1,"Ventilation en sous-catégorie",113
"S11",2024,"D","D442",-1,"Ventilation en sous-catégorie",113
"S11",2024,"D","D443",-1,"Ventilation en sous-catégorie",113
"S11",2024,"D","D441",-1,"Ventilation en sous-catégorie",113
"S11",2024,"C","D44",1,"Ventilation en sous-catégorie",114
"S11",2024,"C","D442",-1,"Ventilation en sous-catégorie",114
"S11",2024,"C","D441",-1,"Ventilation en sous-catégorie",114
"S11",2024,"C","D443",-1,"Ventilation en sous-catégorie",114
"S15",2024,"C","D61",1,"Ventilation en sous-catégorie",115
"S15",2024,"C","D611",-1,"Ventilation en sous-catégorie",115
"S15",2024,"C","D612",-1,"Ventilation en sous-catégorie",115
"S15",2024,"C","D614",-1,"Ventilation en sous-catégorie",115
"S15",2024,"C","D613",-1,"Ventilation en sous-catégorie",115
"S15",2024,"C","D6",1,"Ventilation en sous-catégorie",116
"S15",2024,"C","D61",-1,"Ventilation en sous-catégorie",116
"S12",2024,"C","D44",1,"Ventilation en sous-catégorie",117
"S12",2024,"C","D442",-1,"Ventilation en sous-catégorie",117
"S12",2024,"C","D441",-1,"Ventilation en sous-catégorie",117
"S12",2024,"C","D443",-1,"Ventilation en sous-catégorie",117
"S15",2024,"C","D44",1,"Ventilation en sous-catégorie",118
"S15",2024,"C","D442",-1,"Ventilation en sous-catégorie",118
"S15",2024,"C","D441",-1,"Ventilation en sous-catégorie",118
"S15",2024,"C","D443",-1,"Ventilation en sous-catégorie",118
"S1",2024,"C","P1",1,"Ventilation en sous-catégorie",119
"S1",2024,"C","P12",-1,"Ventilation en sous-catégorie",119
"S1",2024,"C","P11",-1,"Ventilation en sous-catégorie",119
"S1",2024,"C","P13",-1,"Ventilation en sous-catégorie",119
"S1",2024,"C","D1",1,"Ventilation en sous-catégorie",120
"S1",2024,"C","D11",-1,"Ventilation en sous-catégorie",120
"S1",2024,"C","D12",-1,"Ventilation en sous-catégorie",120
"S1",2024,"C","D21",1,"Ventilation en sous-catégorie",121
"S1",2024,"C","D214",-1,"Ventilation en sous-catégorie",121
"S1",2024,"C","D212",-1,"Ventilation en sous-catégorie",121
"S1",2024,"C","D211",-1,"Ventilation en sous-catégorie",121
"S1",2024,"C","D2",1,"Ventilation en sous-catégorie",122
"S1",2024,"C","D29",-1,"Ventilation en sous-catégorie",122
"S1",2024,"C","D21",-1,"Ventilation en sous-catégorie",122
"S1",2024,"D","D4",1,"Ventilation en sous-catégorie",123
"S1",2024,"D","D43",-1,"Ventilation en sous-catégorie",123
"S1",2024,"D","D42",-1,"Ventilation en sous-catégorie",123
"S1",2024,"D","D41",-1,"Ventilation en sous-catégorie",123
"S1",2024,"D","D44",-1,"Ventilation en sous-catégorie",123
"S1",2024,"D","D45",-1,"Ventilation en sous-catégorie",123
"S1",2024,"C","D4",1,"Ventilation en sous-catégorie",124
"S1",2024,"C","D41",-1,"Ventilation en sous-catégorie",124
"S1",2024,"C","D43",-1,"Ventilation en sous-catégorie",124
"S1",2024,"C","D42",-1,"Ventilation en sous-catégorie",124
"S1",2024,"C","D44",-1,"Ventilation en sous-catégorie",124
"S1",2024,"C","D45",-1,"Ventilation en sous-catégorie",124
"S1",2024,"D","D42",1,"Ventilation en sous-catégorie",125
"S1",2024,"D","D421",-1,"Ventilation en sous-catégorie",125
"S1",2024,"D","D422",-1,"Ventilation en sous-catégorie",125
"S1",2024,"C","D42",1,"Ventilation en sous-catégorie",126
"S1",2024,"C","D421",-1,"Ventilation en sous-catégorie",126
"S1",2024,"C","D422",-1,"Ventilation en sous-catégorie",126
"S12",2024,"D","D44",1,"Ventilation en sous-catégorie",127
"S12",2024,"D","D442",-1,"Ventilation en sous-catégorie",127
"S12",2024,"D","D441",-1,"Ventilation en sous-catégorie",127
"S12",2024,"D","D443",-1,"Ventilation en sous-catégorie",127
"S1",2024,"D","D44",1,"Ventilation en sous-catégorie",128
"S1",2024,"D","D442",-1,"Ventilation en sous-catégorie",128
"S1",2024,"D","D441",-1,"Ventilation en sous-catégorie",128
"S1",2024,"D","D443",-1,"Ventilation en sous-catégorie",128
"S1",2024,"C","D44",1,"Ventilation en sous-catégorie",129
"S1",2024,"C","D442",-1,"Ventilation en sous-catégorie",129
"S1",2024,"C","D441",-1,"Ventilation en sous-catégorie",129
"S1",2024,"C","D443",-1,"Ventilation en sous-catégorie",129
"S13",2024,"C","D44",1,"Ventilation en sous-catégorie",130
"S13",2024,"C","D441",-1,"Ventilation en sous-catégorie",130
"S13",2024,"C","D443",-1,"Ventilation en sous-catégorie",130
"S14",2024,"C","D44",1,"Ventilation en sous-catégorie",131
"S14",2024,"C","D441",-1,"Ventilation en sous-catégorie",131
"S14",2024,"C","D442",-1,"Ventilation en sous-catégorie",131
"S14",2024,"C","D443",-1,"Ventilation en sous-catégorie",131
"S1",2024,"C","D5",1,"Ventilation en sous-catégorie",132
"S1",2024,"C","D59",-1,"Ventilation en sous-catégorie",132
"S1",2024,"C","D51",-1,"Ventilation en sous-catégorie",132
"S1",2024,"D","D5",1,"Ventilation en sous-catégorie",133
"S1",2024,"D","D51",-1,"Ventilation en sous-catégorie",133
"S1",2024,"D","D59",-1,"Ventilation en sous-catégorie",133
"S1",2024,"C","D6",1,"Ventilation en sous-catégorie",134
"S1",2024,"C","D61",-1,"Ventilation en sous-catégorie",134
"S1",2024,"C","D62",-1,"Ventilation en sous-catégorie",134
"S1",2024,"C","D63",-1,"Ventilation en sous-catégorie",134
"S1",2024,"D","D6",1,"Ventilation en sous-catégorie",135
"S1",2024,"D","D61",-1,"Ventilation en sous-catégorie",135
"S1",2024,"D","D62",-1,"Ventilation en sous-catégorie",135
"S1",2024,"D","D63",-1,"Ventilation en sous-catégorie",135
"S1",2024,"D","D7",1,"Ventilation en sous-catégorie",136
"S1",2024,"D","D74",-1,"Ventilation en sous-catégorie",136
"S1",2024,"D","D73",-1,"Ventilation en sous-catégorie",136
"S1",2024,"D","D75",-1,"Ventilation en sous-catégorie",136
"S1",2024,"D","D71",-1,"Ventilation en sous-catégorie",136
"S1",2024,"D","D72",-1,"Ventilation en sous-catégorie",136
"S1",2024,"D","D76",-1,"Ventilation en sous-catégorie",136
"S1",2024,"C","D7",1,"Ventilation en sous-catégorie",137
"S1",2024,"C","D72",-1,"Ventilation en sous-catégorie",137
"S1",2024,"C","D73",-1,"Ventilation en sous-catégorie",137
"S1",2024,"C","D71",-1,"Ventilation en sous-catégorie",137
"S1",2024,"C","D75",-1,"Ventilation en sous-catégorie",137
"S1",2024,"C","D74",-1,"Ventilation en sous-catégorie",137
"S1",2024,"C","D63",1,"Ventilation en sous-catégorie",138
"S1",2024,"C","D631",-1,"Ventilation en sous-catégorie",138
"S1",2024,"C","D632",-1,"Ventilation en sous-catégorie",138
"S1",2024,"D","D63",1,"Ventilation en sous-catégorie",139
"S1",2024,"D","D631",-1,"Ventilation en sous-catégorie",139
"S1",2024,"D","D632",-1,"Ventilation en sous-catégorie",139
"S1",2024,"D","P32",1,"Ventilation en sous-secteur",1
"S13",2024,"D","P32",-1,"Ventilation en sous-secteur",1
"S1",2024,"D","P31",1,"Ventilation en sous-secteur",2
"S13",2024,"D","P31",-1,"Ventilation en sous-secteur",2
"S15",2024,"D","P31",-1,"Ventilation en sous-secteur",2
"S14",2024,"D","P31",-1,"Ventilation en sous-secteur",2
"S13",2024,"D","P51G",1,"Ventilation en sous-secteur",3
"S1312",2024,"D","P51G",-1,"Ventilation en sous-secteur",3
"S1311",2024,"D","P51G",-1,"Ventilation en sous-secteur",3
"S1313",2024,"D","P51G",-1,"Ventilation en sous-secteur",3
"S1314",2024,"D","P51G",-1,"Ventilation en sous-secteur",3
"S13",2024,"D","P32",1,"Ventilation en sous-secteur",4
"S1312",2024,"D","P32",-1,"Ventilation en sous-secteur",4
"S1311",2024,"D","P32",-1,"Ventilation en sous-secteur",4
"S1313",2024,"D","P32",-1,"Ventilation en sous-secteur",4
"S1314",2024,"D","P32",-1,"Ventilation en sous-secteur",4
"S13",2024,"B","B5N",1,"Ventilation en sous-secteur",5
"S1312",2024,"B","B5N",-1,"Ventilation en sous-secteur",5
"S1313",2024,"B","B5N",-1,"Ventilation en sous-secteur",5
"S1314",2024,"B","B5N",-1,"Ventilation en sous-secteur",5
"S1311",2024,"B","B5N",-1,"Ventilation en sous-secteur",5
"S13",2024,"D","P31",1,"Ventilation en sous-secteur",6
"S1312",2024,"D","P31",-1,"Ventilation en sous-secteur",6
"S1311",2024,"D","P31",-1,"Ventilation en sous-secteur",6
"S1314",2024,"D","P31",-1,"Ventilation en sous-secteur",6
"S1313",2024,"D","P31",-1,"Ventilation en sous-secteur",6
"S13",2024,"D","D11",1,"Ventilation en sous-secteur",7
"S1312",2024,"D","D11",-1,"Ventilation en sous-secteur",7
"S1313",2024,"D","D11",-1,"Ventilation en sous-secteur",7
"S1314",2024,"D","D11",-1,"Ventilation en sous-secteur",7
"S1311",2024,"D","D11",-1,"Ventilation en sous-secteur",7
"S13",2024,"B","B8G",1,"Ventilation en sous-secteur",8
"S1312",2024,"B","B8G",-1,"Ventilation en sous-secteur",8
"S1313",2024,"B","B8G",-1,"Ventilation en sous-secteur",8
"S1314",2024,"B","B8G",-1,"Ventilation en sous-secteur",8
"S1311",2024,"B","B8G",-1,"Ventilation en sous-secteur",8
"S13",2024,"B","B9",1,"Ventilation en sous-secteur",9
"S1314",2024,"B","B9",-1,"Ventilation en sous-secteur",9
"S1313",2024,"B","B9",-1,"Ventilation en sous-secteur",9
"S1311",2024,"B","B9",-1,"Ventilation en sous-secteur",9
"S1312",2024,"B","B9",-1,"Ventilation en sous-secteur",9
"S1",2024,"B","B9",1,"Ventilation en sous-secteur",10
"S11",2024,"B","B9",-1,"Ventilation en sous-secteur",10
"S12",2024,"B","B9",-1,"Ventilation en sous-secteur",10
"S13",2024,"B","B9",-1,"Ventilation en sous-secteur",10
"S14",2024,"B","B9",-1,"Ventilation en sous-secteur",10
"S15",2024,"B","B9",-1,"Ventilation en sous-secteur",10
"S1311",2024,"B","B9",1,"Ventilation en sous-secteur",11
"S13111",2024,"B","B9",-1,"Ventilation en sous-secteur",11
"S13112",2024,"B","B9",-1,"Ventilation en sous-secteur",11
"S1",2024,"D","P51G",1,"Ventilation en sous-secteur",12
"S14",2024,"D","P51G",-1,"Ventilation en sous-secteur",12
"S15",2024,"D","P51G",-1,"Ventilation en sous-secteur",12
"S13",2024,"D","P51G",-1,"Ventilation en sous-secteur",12
"S11",2024,"D","P51G",-1,"Ventilation en sous-secteur",12
"S12",2024,"D","P51G",-1,"Ventilation en sous-secteur",12
"S1",2024,"C","D1",1,"Ventilation en sous-secteur",13
"S14",2024,"C","D1",-1,"Ventilation en sous-secteur",13
"S1",2024,"C","D12",1,"Ventilation en sous-secteur",14
"S14",2024,"C","D12",-1,"Ventilation en sous-secteur",14
"S1",2024,"D","D12",1,"Ventilation en sous-secteur",15
"S14",2024,"D","D12",-1,"Ventilation en sous-secteur",15
"S15",2024,"D","D12",-1,"Ventilation en sous-secteur",15
"S11",2024,"D","D12",-1,"Ventilation en sous-secteur",15
"S12",2024,"D","D12",-1,"Ventilation en sous-secteur",15
"S13",2024,"D","D12",-1,"Ventilation en sous-secteur",15
"S1",2024,"D","D11",1,"Ventilation en sous-secteur",16
"S14",2024,"D","D11",-1,"Ventilation en sous-secteur",16
"S12",2024,"D","D11",-1,"Ventilation en sous-secteur",16
"S11",2024,"D","D11",-1,"Ventilation en sous-secteur",16
"S15",2024,"D","D11",-1,"Ventilation en sous-secteur",16
"S13",2024,"D","D11",-1,"Ventilation en sous-secteur",16
"S1",2024,"D","D4",1,"Ventilation en sous-secteur",17
"S14",2024,"D","D4",-1,"Ventilation en sous-secteur",17
"S11",2024,"D","D4",-1,"Ventilation en sous-secteur",17
"S13",2024,"D","D4",-1,"Ventilation en sous-secteur",17
"S12",2024,"D","D4",-1,"Ventilation en sous-secteur",17
"S15",2024,"D","D4",-1,"Ventilation en sous-secteur",17
"S1",2024,"C","D11",1,"Ventilation en sous-secteur",18
"S14",2024,"C","D11",-1,"Ventilation en sous-secteur",18
"S1",2024,"D","D5",1,"Ventilation en sous-secteur",19
"S14",2024,"D","D5",-1,"Ventilation en sous-secteur",19
"S12",2024,"D","D5",-1,"Ventilation en sous-secteur",19
"S11",2024,"D","D5",-1,"Ventilation en sous-secteur",19
"S13",2024,"D","D5",-1,"Ventilation en sous-secteur",19
"S15",2024,"D","D5",-1,"Ventilation en sous-secteur",19
"S1",2024,"D","D1",1,"Ventilation en sous-secteur",20
"S14",2024,"D","D1",-1,"Ventilation en sous-secteur",20
"S15",2024,"D","D1",-1,"Ventilation en sous-secteur",20
"S12",2024,"D","D1",-1,"Ventilation en sous-secteur",20
"S11",2024,"D","D1",-1,"Ventilation en sous-secteur",20
"S13",2024,"D","D1",-1,"Ventilation en sous-secteur",20
"S1",2024,"C","D4",1,"Ventilation en sous-secteur",21
"S14",2024,"C","D4",-1,"Ventilation en sous-secteur",21
"S11",2024,"C","D4",-1,"Ventilation en sous-secteur",21
"S13",2024,"C","D4",-1,"Ventilation en sous-secteur",21
"S15",2024,"C","D4",-1,"Ventilation en sous-secteur",21
"S12",2024,"C","D4",-1,"Ventilation en sous-secteur",21
"S1",2024,"B","B1G",1,"Ventilation en sous-secteur",22
"S12",2024,"B","B1G",-1,"Ventilation en sous-secteur",22
"S13",2024,"B","B1G",-1,"Ventilation en sous-secteur",22
"S11",2024,"B","B1G",-1,"Ventilation en sous-secteur",22
"S15",2024,"B","B1G",-1,"Ventilation en sous-secteur",22
"S14",2024,"B","B1G",-1,"Ventilation en sous-secteur",22
"S1",2024,"D","P3",1,"Ventilation en sous-secteur",23
"S15",2024,"D","P3",-1,"Ventilation en sous-secteur",23
"S14",2024,"D","P3",-1,"Ventilation en sous-secteur",23
"S13",2024,"D","P3",-1,"Ventilation en sous-secteur",23
"S1",2024,"B","B2G",1,"Ventilation en sous-secteur",24
"S14",2024,"B","B2G",-1,"Ventilation en sous-secteur",24
"S13",2024,"B","B2G",-1,"Ventilation en sous-secteur",24
"S11",2024,"B","B2G",-1,"Ventilation en sous-secteur",24
"S15",2024,"B","B2G",-1,"Ventilation en sous-secteur",24
"S12",2024,"B","B2G",-1,"Ventilation en sous-secteur",24
"S1",2024,"D","D61",1,"Ventilation en sous-secteur",25
"S14",2024,"D","D61",-1,"Ventilation en sous-secteur",25
"S1",2024,"C","D9P",1,"Ventilation en sous-secteur",26
"S14",2024,"C","D9P",-1,"Ventilation en sous-secteur",26
"S11",2024,"C","D9P",-1,"Ventilation en sous-secteur",26
"S15",2024,"C","D9P",-1,"Ventilation en sous-secteur",26
"S13",2024,"C","D9P",-1,"Ventilation en sous-secteur",26
"S12",2024,"C","D9P",-1,"Ventilation en sous-secteur",26
"S1",2024,"C","D9R",1,"Ventilation en sous-secteur",27
"S14",2024,"C","D9R",-1,"Ventilation en sous-secteur",27
"S11",2024,"C","D9R",-1,"Ventilation en sous-secteur",27
"S15",2024,"C","D9R",-1,"Ventilation en sous-secteur",27
"S12",2024,"C","D9R",-1,"Ventilation en sous-secteur",27
"S13",2024,"C","D9R",-1,"Ventilation en sous-secteur",27
"S1",2024,"B","B2A3G",1,"Ventilation en sous-secteur",28
"S14",2024,"B","B2A3G",-1,"Ventilation en sous-secteur",28
"S15",2024,"B","B2A3G",-1,"Ventilation en sous-secteur",28
"S11",2024,"B","B2A3G",-1,"Ventilation en sous-secteur",28
"S12",2024,"B","B2A3G",-1,"Ventilation en sous-secteur",28
"S13",2024,"B","B2A3G",-1,"Ventilation en sous-secteur",28
"S1",2024,"D","D62",1,"Ventilation en sous-secteur",29
"S14",2024,"D","D62",-1,"Ventilation en sous-secteur",29
"S15",2024,"D","D62",-1,"Ventilation en sous-secteur",29
"S11",2024,"D","D62",-1,"Ventilation en sous-secteur",29
"S12",2024,"D","D62",-1,"Ventilation en sous-secteur",29
"S13",2024,"D","D62",-1,"Ventilation en sous-secteur",29
"S1",2024,"B","B3G",1,"Ventilation en sous-secteur",30
"S14",2024,"B","B3G",-1,"Ventilation en sous-secteur",30
"S1",2024,"D","D7",1,"Ventilation en sous-secteur",31
"S14",2024,"D","D7",-1,"Ventilation en sous-secteur",31
"S11",2024,"D","D7",-1,"Ventilation en sous-secteur",31
"S12",2024,"D","D7",-1,"Ventilation en sous-secteur",31
"S13",2024,"D","D7",-1,"Ventilation en sous-secteur",31
"S15",2024,"D","D7",-1,"Ventilation en sous-secteur",31
"S1",2024,"C","D7",1,"Ventilation en sous-secteur",32
"S14",2024,"C","D7",-1,"Ventilation en sous-secteur",32
"S15",2024,"C","D7",-1,"Ventilation en sous-secteur",32
"S11",2024,"C","D7",-1,"Ventilation en sous-secteur",32
"S13",2024,"C","D7",-1,"Ventilation en sous-secteur",32
"S12",2024,"C","D7",-1,"Ventilation en sous-secteur",32
"S1",2024,"C","D63",1,"Ventilation en sous-secteur",33
"S14",2024,"C","D63",-1,"Ventilation en sous-secteur",33
"S1",2024,"C","D62",1,"Ventilation en sous-secteur",34
"S14",2024,"C","D62",-1,"Ventilation en sous-secteur",34
"S1",2024,"C","D61",1,"Ventilation en sous-secteur",35
"S14",2024,"C","D61",-1,"Ventilation en sous-secteur",35
"S11",2024,"C","D61",-1,"Ventilation en sous-secteur",35
"S12",2024,"C","D61",-1,"Ventilation en sous-secteur",35
"S13",2024,"C","D61",-1,"Ventilation en sous-secteur",35
"S15",2024,"C","D61",-1,"Ventilation en sous-secteur",35
"S1",2024,"B","B5G",1,"Ventilation en sous-secteur",36
"S14",2024,"B","B5G",-1,"Ventilation en sous-secteur",36
"S11",2024,"B","B5G",-1,"Ventilation en sous-secteur",36
"S12",2024,"B","B5G",-1,"Ventilation en sous-secteur",36
"S13",2024,"B","B5G",-1,"Ventilation en sous-secteur",36
"S15",2024,"B","B5G",-1,"Ventilation en sous-secteur",36
"S1",2024,"B","B8G",1,"Ventilation en sous-secteur",37
"S14",2024,"B","B8G",-1,"Ventilation en sous-secteur",37
"S12",2024,"B","B8G",-1,"Ventilation en sous-secteur",37
"S13",2024,"B","B8G",-1,"Ventilation en sous-secteur",37
"S15",2024,"B","B8G",-1,"Ventilation en sous-secteur",37
"S11",2024,"B","B8G",-1,"Ventilation en sous-secteur",37
"S1",2024,"C","P1",1,"Ventilation en sous-secteur",38
"S13",2024,"C","P1",-1,"Ventilation en sous-secteur",38
"S11",2024,"C","P1",-1,"Ventilation en sous-secteur",38
"S12",2024,"C","P1",-1,"Ventilation en sous-secteur",38
"S14",2024,"C","P1",-1,"Ventilation en sous-secteur",38
"S15",2024,"C","P1",-1,"Ventilation en sous-secteur",38
"S13",2024,"C","P1",1,"Ventilation en sous-secteur",39
"S1311",2024,"C","P1",-1,"Ventilation en sous-secteur",39
"S1313",2024,"C","P1",-1,"Ventilation en sous-secteur",39
"S1314",2024,"C","P1",-1,"Ventilation en sous-secteur",39
"S1312",2024,"C","P1",-1,"Ventilation en sous-secteur",39
"S1311",2024,"C","P1",1,"Ventilation en sous-secteur",40
"S13112",2024,"C","P1",-1,"Ventilation en sous-secteur",40
"S13111",2024,"C","P1",-1,"Ventilation en sous-secteur",40
"S1",2024,"B","B7G",1,"Ventilation en sous-secteur",41
"S14",2024,"B","B7G",-1,"Ventilation en sous-secteur",41
"S15",2024,"B","B7G",-1,"Ventilation en sous-secteur",41
"S13",2024,"B","B7G",-1,"Ventilation en sous-secteur",41
"S12",2024,"B","B7G",-1,"Ventilation en sous-secteur",41
"S11",2024,"B","B7G",-1,"Ventilation en sous-secteur",41
"S1",2024,"B","B6G",1,"Ventilation en sous-secteur",42
"S14",2024,"B","B6G",-1,"Ventilation en sous-secteur",42
"S12",2024,"B","B6G",-1,"Ventilation en sous-secteur",42
"S11",2024,"B","B6G",-1,"Ventilation en sous-secteur",42
"S15",2024,"B","B6G",-1,"Ventilation en sous-secteur",42
"S13",2024,"B","B6G",-1,"Ventilation en sous-secteur",42
"S1",2024,"C","P13",1,"Ventilation en sous-secteur",43
"S15",2024,"C","P13",-1,"Ventilation en sous-secteur",43
"S13",2024,"C","P13",-1,"Ventilation en sous-secteur",43
"S13",2024,"C","P11",1,"Ventilation en sous-secteur",44
"S1314",2024,"C","P11",-1,"Ventilation en sous-secteur",44
"S1313",2024,"C","P11",-1,"Ventilation en sous-secteur",44
"S1311",2024,"C","P11",-1,"Ventilation en sous-secteur",44
"S1312",2024,"C","P11",-1,"Ventilation en sous-secteur",44
"S1",2024,"C","P11",1,"Ventilation en sous-secteur",45
"S11",2024,"C","P11",-1,"Ventilation en sous-secteur",45
"S14",2024,"C","P11",-1,"Ventilation en sous-secteur",45
"S13",2024,"C","P11",-1,"Ventilation en sous-secteur",45
"S15",2024,"C","P11",-1,"Ventilation en sous-secteur",45
"S12",2024,"C","P11",-1,"Ventilation en sous-secteur",45
"S1311",2024,"C","P11",1,"Ventilation en sous-secteur",46
"S13112",2024,"C","P11",-1,"Ventilation en sous-secteur",46
"S13111",2024,"C","P11",-1,"Ventilation en sous-secteur",46
"S13",2024,"C","P13",1,"Ventilation en sous-secteur",47
"S1313",2024,"C","P13",-1,"Ventilation en sous-secteur",47
"S1314",2024,"C","P13",-1,"Ventilation en sous-secteur",47
"S1311",2024,"C","P13",-1,"Ventilation en sous-secteur",47
"S1312",2024,"C","P13",-1,"Ventilation en sous-secteur",47
"S1311",2024,"C","P13",1,"Ventilation en sous-secteur",48
"S13112",2024,"C","P13",-1,"Ventilation en sous-secteur",48
"S13111",2024,"C","P13",-1,"Ventilation en sous-secteur",48
"S1311",2024,"C","P12",1,"Ventilation en sous-secteur",49
"S13112",2024,"C","P12",-1,"Ventilation en sous-secteur",49
"S13111",2024,"C","P12",-1,"Ventilation en sous-secteur",49
"S13",2024,"C","P12",1,"Ventilation en sous-secteur",50
"S1313",2024,"C","P12",-1,"Ventilation en sous-secteur",50
"S1314",2024,"C","P12",-1,"Ventilation en sous-secteur",50
"S1311",2024,"C","P12",-1,"Ventilation en sous-secteur",50
"S1312",2024,"C","P12",-1,"Ventilation en sous-secteur",50
"S1",2024,"C","P12",1,"Ventilation en sous-secteur",51
"S14",2024,"C","P12",-1,"Ventilation en sous-secteur",51
"S13",2024,"C","P12",-1,"Ventilation en sous-secteur",51
"S11",2024,"C","P12",-1,"Ventilation en sous-secteur",51
"S12",2024,"C","P12",-1,"Ventilation en sous-secteur",51
"S15",2024,"C","P12",-1,"Ventilation en sous-secteur",51
"S1311",2024,"D","P32",1,"Ventilation en sous-secteur",52
"S13111",2024,"D","P32",-1,"Ventilation en sous-secteur",52
"S13112",2024,"D","P32",-1,"Ventilation en sous-secteur",52
"S13",2024,"D","P2",1,"Ventilation en sous-secteur",53
"S1311",2024,"D","P2",-1,"Ventilation en sous-secteur",53
"S1313",2024,"D","P2",-1,"Ventilation en sous-secteur",53
"S1314",2024,"D","P2",-1,"Ventilation en sous-secteur",53
"S1312",2024,"D","P2",-1,"Ventilation en sous-secteur",53
"S1311",2024,"D","P31",1,"Ventilation en sous-secteur",54
"S13112",2024,"D","P31",-1,"Ventilation en sous-secteur",54
"S13111",2024,"D","P31",-1,"Ventilation en sous-secteur",54
"S1",2024,"D","P2",1,"Ventilation en sous-secteur",55
"S12",2024,"D","P2",-1,"Ventilation en sous-secteur",55
"S13",2024,"D","P2",-1,"Ventilation en sous-secteur",55
"S14",2024,"D","P2",-1,"Ventilation en sous-secteur",55
"S11",2024,"D","P2",-1,"Ventilation en sous-secteur",55
"S15",2024,"D","P2",-1,"Ventilation en sous-secteur",55
"S1311",2024,"D","P2",1,"Ventilation en sous-secteur",56
"S13111",2024,"D","P2",-1,"Ventilation en sous-secteur",56
"S13112",2024,"D","P2",-1,"Ventilation en sous-secteur",56
"S13",2024,"D","P3",1,"Ventilation en sous-secteur",57
"S1314",2024,"D","P3",-1,"Ventilation en sous-secteur",57
"S1313",2024,"D","P3",-1,"Ventilation en sous-secteur",57
"S1311",2024,"D","P3",-1,"Ventilation en sous-secteur",57
"S1312",2024,"D","P3",-1,"Ventilation en sous-secteur",57
"S1311",2024,"D","P3",1,"Ventilation en sous-secteur",58
"S13112",2024,"D","P3",-1,"Ventilation en sous-secteur",58
"S13111",2024,"D","P3",-1,"Ventilation en sous-secteur",58
"S13",2024,"D","P5",1,"Ventilation en sous-secteur",59
"S1313",2024,"D","P5",-1,"Ventilation en sous-secteur",59
"S1311",2024,"D","P5",-1,"Ventilation en sous-secteur",59
"S1314",2024,"D","P5",-1,"Ventilation en sous-secteur",59
"S1312",2024,"D","P5",-1,"Ventilation en sous-secteur",59
"S1",2024,"D","P5",1,"Ventilation en sous-secteur",60
"S15",2024,"D","P5",-1,"Ventilation en sous-secteur",60
"S14",2024,"D","P5",-1,"Ventilation en sous-secteur",60
"S13",2024,"D","P5",-1,"Ventilation en sous-secteur",60
"S11",2024,"D","P5",-1,"Ventilation en sous-secteur",60
"S12",2024,"D","P5",-1,"Ventilation en sous-secteur",60
"S13",2024,"D","P4",1,"Ventilation en sous-secteur",61
"S1311",2024,"D","P4",-1,"Ventilation en sous-secteur",61
"S1314",2024,"D","P4",-1,"Ventilation en sous-secteur",61
"S1313",2024,"D","P4",-1,"Ventilation en sous-secteur",61
"S1311",2024,"D","P51G",1,"Ventilation en sous-secteur",62
"S13112",2024,"D","P51G",-1,"Ventilation en sous-secteur",62
"S13111",2024,"D","P51G",-1,"Ventilation en sous-secteur",62
"S1311",2024,"D","P4",1,"Ventilation en sous-secteur",63
"S13112",2024,"D","P4",-1,"Ventilation en sous-secteur",63
"S13111",2024,"D","P4",-1,"Ventilation en sous-secteur",63
"S1311",2024,"D","P5",1,"Ventilation en sous-secteur",64
"S13112",2024,"D","P5",-1,"Ventilation en sous-secteur",64
"S13111",2024,"D","P5",-1,"Ventilation en sous-secteur",64
"S1",2024,"D","P51C",1,"Ventilation en sous-secteur",65
"S11",2024,"D","P51C",-1,"Ventilation en sous-secteur",65
"S15",2024,"D","P51C",-1,"Ventilation en sous-secteur",65
"S12",2024,"D","P51C",-1,"Ventilation en sous-secteur",65
"S13",2024,"D","P51C",-1,"Ventilation en sous-secteur",65
"S14",2024,"D","P51C",-1,"Ventilation en sous-secteur",65
"S13",2024,"D","P52",1,"Ventilation en sous-secteur",66
"S1314",2024,"D","P52",-1,"Ventilation en sous-secteur",66
"S1313",2024,"D","P52",-1,"Ventilation en sous-secteur",66
"S1311",2024,"D","P52",-1,"Ventilation en sous-secteur",66
"S1",2024,"D","P52",1,"Ventilation en sous-secteur",67
"S14",2024,"D","P52",-1,"Ventilation en sous-secteur",67
"S13",2024,"D","P52",-1,"Ventilation en sous-secteur",67
"S11",2024,"D","P52",-1,"Ventilation en sous-secteur",67
"S12",2024,"D","P52",-1,"Ventilation en sous-secteur",67
"S15",2024,"D","P52",-1,"Ventilation en sous-secteur",67
"S1",2024,"D","NP",1,"Ventilation en sous-secteur",68
"S13",2024,"D","NP",-1,"Ventilation en sous-secteur",68
"S11",2024,"D","NP",-1,"Ventilation en sous-secteur",68
"S12",2024,"D","NP",-1,"Ventilation en sous-secteur",68
"S14",2024,"D","NP",-1,"Ventilation en sous-secteur",68
"S15",2024,"D","NP",-1,"Ventilation en sous-secteur",68
"S1311",2024,"D","P51C",1,"Ventilation en sous-secteur",69
"S13112",2024,"D","P51C",-1,"Ventilation en sous-secteur",69
"S13111",2024,"D","P51C",-1,"Ventilation en sous-secteur",69
"S1",2024,"D","P53",1,"Ventilation en sous-secteur",70
"S14",2024,"D","P53",-1,"Ventilation en sous-secteur",70
"S12",2024,"D","P53",-1,"Ventilation en sous-secteur",70
"S11",2024,"D","P53",-1,"Ventilation en sous-secteur",70
"S15",2024,"D","P53",-1,"Ventilation en sous-secteur",70
"S13",2024,"D","P53",-1,"Ventilation en sous-secteur",70
"S1311",2024,"D","P52",1,"Ventilation en sous-secteur",71
"S13111",2024,"D","P52",-1,"Ventilation en sous-secteur",71
"S13112",2024,"D","P52",-1,"Ventilation en sous-secteur",71
"S13",2024,"D","P51C",1,"Ventilation en sous-secteur",72
"S1311",2024,"D","P51C",-1,"Ventilation en sous-secteur",72
"S1313",2024,"D","P51C",-1,"Ventilation en sous-secteur",72
"S1314",2024,"D","P51C",-1,"Ventilation en sous-secteur",72
"S1312",2024,"D","P51C",-1,"Ventilation en sous-secteur",72
"S13",2024,"D","D1",1,"Ventilation en sous-secteur",73
"S1311",2024,"D","D1",-1,"Ventilation en sous-secteur",73
"S1313",2024,"D","D1",-1,"Ventilation en sous-secteur",73
"S1314",2024,"D","D1",-1,"Ventilation en sous-secteur",73
"S1312",2024,"D","D1",-1,"Ventilation en sous-secteur",73
"S13",2024,"D","NP",1,"Ventilation en sous-secteur",74
"S1314",2024,"D","NP",-1,"Ventilation en sous-secteur",74
"S1313",2024,"D","NP",-1,"Ventilation en sous-secteur",74
"S1311",2024,"D","NP",-1,"Ventilation en sous-secteur",74
"S1312",2024,"D","NP",-1,"Ventilation en sous-secteur",74
"S1311",2024,"D","NP",1,"Ventilation en sous-secteur",75
"S13112",2024,"D","NP",-1,"Ventilation en sous-secteur",75
"S13111",2024,"D","NP",-1,"Ventilation en sous-secteur",75
"S1311",2024,"D","D1",1,"Ventilation en sous-secteur",76
"S13111",2024,"D","D1",-1,"Ventilation en sous-secteur",76
"S13112",2024,"D","D1",-1,"Ventilation en sous-secteur",76
"S1",2024,"C","D2",1,"Ventilation en sous-secteur",77
"S13",2024,"C","D2",-1,"Ventilation en sous-secteur",77
"S1311",2024,"D","D122",1,"Ventilation en sous-secteur",78
"S13111",2024,"D","D122",-1,"Ventilation en sous-secteur",78
"S13112",2024,"D","D122",-1,"Ventilation en sous-secteur",78
"S13",2024,"D","D121",1,"Ventilation en sous-secteur",79
"S1313",2024,"D","D121",-1,"Ventilation en sous-secteur",79
"S1314",2024,"D","D121",-1,"Ventilation en sous-secteur",79
"S1311",2024,"D","D121",-1,"Ventilation en sous-secteur",79
"S1311",2024,"D","D121",1,"Ventilation en sous-secteur",80
"S13112",2024,"D","D121",-1,"Ventilation en sous-secteur",80
"S13111",2024,"D","D121",-1,"Ventilation en sous-secteur",80
"S13",2024,"D","D122",1,"Ventilation en sous-secteur",81
"S1311",2024,"D","D122",-1,"Ventilation en sous-secteur",81
"S1314",2024,"D","D122",-1,"Ventilation en sous-secteur",81
"S1313",2024,"D","D122",-1,"Ventilation en sous-secteur",81
"S13",2024,"C","D2",1,"Ventilation en sous-secteur",82
"S1311",2024,"C","D2",-1,"Ventilation en sous-secteur",82
"S1313",2024,"C","D2",-1,"Ventilation en sous-secteur",82
"S1314",2024,"C","D2",-1,"Ventilation en sous-secteur",82
"S1312",2024,"C","D2",-1,"Ventilation en sous-secteur",82
"S1311",2024,"D","D12",1,"Ventilation en sous-secteur",83
"S13111",2024,"D","D12",-1,"Ventilation en sous-secteur",83
"S13112",2024,"D","D12",-1,"Ventilation en sous-secteur",83
"S13",2024,"D","D12",1,"Ventilation en sous-secteur",84
"S1311",2024,"D","D12",-1,"Ventilation en sous-secteur",84
"S1314",2024,"D","D12",-1,"Ventilation en sous-secteur",84
"S1313",2024,"D","D12",-1,"Ventilation en sous-secteur",84
"S1312",2024,"D","D12",-1,"Ventilation en sous-secteur",84
"S1311",2024,"D","D11",1,"Ventilation en sous-secteur",85
"S13111",2024,"D","D11",-1,"Ventilation en sous-secteur",85
"S13112",2024,"D","D11",-1,"Ventilation en sous-secteur",85
"S1311",2024,"C","D214",1,"Ventilation en sous-secteur",86
"S13111",2024,"C","D214",-1,"Ventilation en sous-secteur",86
"S13112",2024,"C","D214",-1,"Ventilation en sous-secteur",86
"S13",2024,"C","D211",1,"Ventilation en sous-secteur",87
"S1311",2024,"C","D211",-1,"Ventilation en sous-secteur",87
"S1314",2024,"C","D211",-1,"Ventilation en sous-secteur",87
"S1313",2024,"C","D211",-1,"Ventilation en sous-secteur",87
"S1312",2024,"C","D211",-1,"Ventilation en sous-secteur",87
"S1",2024,"C","D21",1,"Ventilation en sous-secteur",88
"S13",2024,"C","D21",-1,"Ventilation en sous-secteur",88
"S13",2024,"C","D21",1,"Ventilation en sous-secteur",89
"S1313",2024,"C","D21",-1,"Ventilation en sous-secteur",89
"S1314",2024,"C","D21",-1,"Ventilation en sous-secteur",89
"S1311",2024,"C","D21",-1,"Ventilation en sous-secteur",89
"S1312",2024,"C","D21",-1,"Ventilation en sous-secteur",89
"S1",2024,"C","D212",1,"Ventilation en sous-secteur",90
"S13",2024,"C","D212",-1,"Ventilation en sous-secteur",90
"S1",2024,"D","D29",1,"Ventilation en sous-secteur",91
"S12",2024,"D","D29",-1,"Ventilation en sous-secteur",91
"S11",2024,"D","D29",-1,"Ventilation en sous-secteur",91
"S13",2024,"D","D29",-1,"Ventilation en sous-secteur",91
"S15",2024,"D","D29",-1,"Ventilation en sous-secteur",91
"S14",2024,"D","D29",-1,"Ventilation en sous-secteur",91
"S1311",2024,"C","D2",1,"Ventilation en sous-secteur",92
"S13112",2024,"C","D2",-1,"Ventilation en sous-secteur",92
"S13111",2024,"C","D2",-1,"Ventilation en sous-secteur",92
"S1",2024,"C","D211",1,"Ventilation en sous-secteur",93
"S13",2024,"C","D211",-1,"Ventilation en sous-secteur",93
"S13",2024,"C","D214",1,"Ventilation en sous-secteur",94
"S1314",2024,"C","D214",-1,"Ventilation en sous-secteur",94
"S1313",2024,"C","D214",-1,"Ventilation en sous-secteur",94
"S1311",2024,"C","D214",-1,"Ventilation en sous-secteur",94
"S1311",2024,"C","D21",1,"Ventilation en sous-secteur",95
"S13112",2024,"C","D21",-1,"Ventilation en sous-secteur",95
"S13111",2024,"C","D21",-1,"Ventilation en sous-secteur",95
"S1311",2024,"C","D212",1,"Ventilation en sous-secteur",96
"S13111",2024,"C","D212",-1,"Ventilation en sous-secteur",96
"S13",2024,"C","D212",1,"Ventilation en sous-secteur",97
"S1313",2024,"C","D212",-1,"Ventilation en sous-secteur",97
"S1311",2024,"C","D212",-1,"Ventilation en sous-secteur",97
"S1311",2024,"C","D211",1,"Ventilation en sous-secteur",98
"S13111",2024,"C","D211",-1,"Ventilation en sous-secteur",98
"S1",2024,"C","D214",1,"Ventilation en sous-secteur",99
"S13",2024,"C","D214",-1,"Ventilation en sous-secteur",99
"S13",2024,"C","D29",1,"Ventilation en sous-secteur",100
"S1311",2024,"C","D29",-1,"Ventilation en sous-secteur",100
"S1314",2024,"C","D29",-1,"Ventilation en sous-secteur",100
"S1313",2024,"C","D29",-1,"Ventilation en sous-secteur",100
"S1312",2024,"C","D29",-1,"Ventilation en sous-secteur",100
"S13",2024,"D","D29",1,"Ventilation en sous-secteur",101
"S1311",2024,"D","D29",-1,"Ventilation en sous-secteur",101
"S1313",2024,"D","D29",-1,"Ventilation en sous-secteur",101
"S1314",2024,"D","D29",-1,"Ventilation en sous-secteur",101
"S1312",2024,"D","D29",-1,"Ventilation en sous-secteur",101
"S1311",2024,"D","D29",1,"Ventilation en sous-secteur",102
"S13112",2024,"D","D29",-1,"Ventilation en sous-secteur",102
"S13111",2024,"D","D29",-1,"Ventilation en sous-secteur",102
"S1311",2024,"C","D29",1,"Ventilation en sous-secteur",103
"S13112",2024,"C","D29",-1,"Ventilation en sous-secteur",103
"S13111",2024,"C","D29",-1,"Ventilation en sous-secteur",103
"S1",2024,"C","D29",1,"Ventilation en sous-secteur",104
"S13",2024,"C","D29",-1,"Ventilation en sous-secteur",104
"S1311",2024,"D","D291",1,"Ventilation en sous-secteur",105
"S13111",2024,"D","D291",-1,"Ventilation en sous-secteur",105
"S13112",2024,"D","D291",-1,"Ventilation en sous-secteur",105
"S13",2024,"D","D291",1,"Ventilation en sous-secteur",106
"S1311",2024,"D","D291",-1,"Ventilation en sous-secteur",106
"S1314",2024,"D","D291",-1,"Ventilation en sous-secteur",106
"S1313",2024,"D","D291",-1,"Ventilation en sous-secteur",106
"S13",2024,"D","D292",1,"Ventilation en sous-secteur",107
"S1311",2024,"D","D292",-1,"Ventilation en sous-secteur",107
"S1314",2024,"D","D292",-1,"Ventilation en sous-secteur",107
"S1313",2024,"D","D292",-1,"Ventilation en sous-secteur",107
"S1311",2024,"C","D291",1,"Ventilation en sous-secteur",108
"S13111",2024,"C","D291",-1,"Ventilation en sous-secteur",108
"S13112",2024,"C","D291",-1,"Ventilation en sous-secteur",108
"S13",2024,"C","D291",1,"Ventilation en sous-secteur",109
"S1313",2024,"C","D291",-1,"Ventilation en sous-secteur",109
"S1314",2024,"C","D291",-1,"Ventilation en sous-secteur",109
"S1311",2024,"C","D291",-1,"Ventilation en sous-secteur",109
"S1311",2024,"D","D292",1,"Ventilation en sous-secteur",110
"S13112",2024,"D","D292",-1,"Ventilation en sous-secteur",110
"S13111",2024,"D","D292",-1,"Ventilation en sous-secteur",110
"S1311",2024,"C","D292",1,"Ventilation en sous-secteur",111
"S13111",2024,"C","D292",-1,"Ventilation en sous-secteur",111
"S13112",2024,"C","D292",-1,"Ventilation en sous-secteur",111
"S1",2024,"D","D39",1,"Ventilation en sous-secteur",112
"S13",2024,"D","D39",-1,"Ventilation en sous-secteur",112
"S11",2024,"D","D39",-1,"Ventilation en sous-secteur",112
"S15",2024,"D","D39",-1,"Ventilation en sous-secteur",112
"S14",2024,"D","D39",-1,"Ventilation en sous-secteur",112
"S13",2024,"C","D292",1,"Ventilation en sous-secteur",113
"S1311",2024,"C","D292",-1,"Ventilation en sous-secteur",113
"S1313",2024,"C","D292",-1,"Ventilation en sous-secteur",113
"S1314",2024,"C","D292",-1,"Ventilation en sous-secteur",113
"S1311",2024,"D","D39",1,"Ventilation en sous-secteur",114
"S13112",2024,"D","D39",-1,"Ventilation en sous-secteur",114
"S1311",2024,"C","D31",1,"Ventilation en sous-secteur",115
"S13111",2024,"C","D31",-1,"Ventilation en sous-secteur",115
"S13112",2024,"C","D31",-1,"Ventilation en sous-secteur",115
"S1311",2024,"C","D3",1,"Ventilation en sous-secteur",116
"S13112",2024,"C","D3",-1,"Ventilation en sous-secteur",116
"S13111",2024,"C","D3",-1,"Ventilation en sous-secteur",116
"S13",2024,"C","D3",1,"Ventilation en sous-secteur",117
"S1314",2024,"C","D3",-1,"Ventilation en sous-secteur",117
"S1313",2024,"C","D3",-1,"Ventilation en sous-secteur",117
"S1311",2024,"C","D3",-1,"Ventilation en sous-secteur",117
"S13",2024,"C","D31",1,"Ventilation en sous-secteur",118
"S1311",2024,"C","D31",-1,"Ventilation en sous-secteur",118
"S1313",2024,"C","D31",-1,"Ventilation en sous-secteur",118
"S1",2024,"C","D3",1,"Ventilation en sous-secteur",119
"S13",2024,"C","D3",-1,"Ventilation en sous-secteur",119
"S13",2024,"D","D39",1,"Ventilation en sous-secteur",120
"S1311",2024,"D","D39",-1,"Ventilation en sous-secteur",120
"S1314",2024,"D","D39",-1,"Ventilation en sous-secteur",120
"S1313",2024,"D","D39",-1,"Ventilation en sous-secteur",120
"S1",2024,"C","D31",1,"Ventilation en sous-secteur",121
"S13",2024,"C","D31",-1,"Ventilation en sous-secteur",121
"S1311",2024,"C","D39",1,"Ventilation en sous-secteur",122
"S13112",2024,"C","D39",-1,"Ventilation en sous-secteur",122
"S13111",2024,"C","D39",-1,"Ventilation en sous-secteur",122
"S13",2024,"C","D39",1,"Ventilation en sous-secteur",123
"S1313",2024,"C","D39",-1,"Ventilation en sous-secteur",123
"S1314",2024,"C","D39",-1,"Ventilation en sous-secteur",123
"S1311",2024,"C","D39",-1,"Ventilation en sous-secteur",123
"S13",2024,"C","D399",1,"Ventilation en sous-secteur",124
"S1311",2024,"C","D399",-1,"Ventilation en sous-secteur",124
"S1313",2024,"C","D399",-1,"Ventilation en sous-secteur",124
"S1314",2024,"C","D399",-1,"Ventilation en sous-secteur",124
"S1311",2024,"D","D4",1,"Ventilation en sous-secteur",125
"S13111",2024,"D","D4",-1,"Ventilation en sous-secteur",125
"S13112",2024,"D","D4",-1,"Ventilation en sous-secteur",125
"S13",2024,"C","D391",1,"Ventilation en sous-secteur",126
"S1311",2024,"C","D391",-1,"Ventilation en sous-secteur",126
"S1314",2024,"C","D391",-1,"Ventilation en sous-secteur",126
"S13",2024,"D","D4",1,"Ventilation en sous-secteur",127
"S1313",2024,"D","D4",-1,"Ventilation en sous-secteur",127
"S1314",2024,"D","D4",-1,"Ventilation en sous-secteur",127
"S1311",2024,"D","D4",-1,"Ventilation en sous-secteur",127
"S1311",2024,"C","D392",1,"Ventilation en sous-secteur",128
"S13111",2024,"C","D392",-1,"Ventilation en sous-secteur",128
"S13112",2024,"C","D392",-1,"Ventilation en sous-secteur",128
"S13",2024,"C","D392",1,"Ventilation en sous-secteur",129
"S1311",2024,"C","D392",-1,"Ventilation en sous-secteur",129
"S1311",2024,"C","D399",1,"Ventilation en sous-secteur",130
"S13111",2024,"C","D399",-1,"Ventilation en sous-secteur",130
"S13112",2024,"C","D399",-1,"Ventilation en sous-secteur",130
"S1311",2024,"C","D391",1,"Ventilation en sous-secteur",131
"S13111",2024,"C","D391",-1,"Ventilation en sous-secteur",131
"S1",2024,"C","D39",1,"Ventilation en sous-secteur",132
"S13",2024,"C","D39",-1,"Ventilation en sous-secteur",132
"S13",2024,"C","D41",1,"Ventilation en sous-secteur",133
"S1311",2024,"C","D41",-1,"Ventilation en sous-secteur",133
"S1313",2024,"C","D41",-1,"Ventilation en sous-secteur",133
"S1314",2024,"C","D41",-1,"Ventilation en sous-secteur",133
"S1311",2024,"C","D41",1,"Ventilation en sous-secteur",134
"S13112",2024,"C","D41",-1,"Ventilation en sous-secteur",134
"S13111",2024,"C","D41",-1,"Ventilation en sous-secteur",134
"S1311",2024,"C","D42",1,"Ventilation en sous-secteur",135
"S13112",2024,"C","D42",-1,"Ventilation en sous-secteur",135
"S13111",2024,"C","D42",-1,"Ventilation en sous-secteur",135
"S1",2024,"C","D41",1,"Ventilation en sous-secteur",136
"S13",2024,"C","D41",-1,"Ventilation en sous-secteur",136
"S14",2024,"C","D41",-1,"Ventilation en sous-secteur",136
"S15",2024,"C","D41",-1,"Ventilation en sous-secteur",136
"S12",2024,"C","D41",-1,"Ventilation en sous-secteur",136
"S11",2024,"C","D41",-1,"Ventilation en sous-secteur",136
"S1",2024,"D","D42",1,"Ventilation en sous-secteur",137
"S12",2024,"D","D42",-1,"Ventilation en sous-secteur",137
"S11",2024,"D","D42",-1,"Ventilation en sous-secteur",137
"S13",2024,"C","D42",1,"Ventilation en sous-secteur",138
"S1311",2024,"C","D42",-1,"Ventilation en sous-secteur",138
"S1313",2024,"C","D42",-1,"Ventilation en sous-secteur",138
"S1314",2024,"C","D42",-1,"Ventilation en sous-secteur",138
"S1",2024,"C","D42",1,"Ventilation en sous-secteur",139
"S13",2024,"C","D42",-1,"Ventilation en sous-secteur",139
"S12",2024,"C","D42",-1,"Ventilation en sous-secteur",139
"S11",2024,"C","D42",-1,"Ventilation en sous-secteur",139
"S14",2024,"C","D42",-1,"Ventilation en sous-secteur",139
"S15",2024,"C","D42",-1,"Ventilation en sous-secteur",139
"S13",2024,"D","D41",1,"Ventilation en sous-secteur",140
"S1311",2024,"D","D41",-1,"Ventilation en sous-secteur",140
"S1314",2024,"D","D41",-1,"Ventilation en sous-secteur",140
"S1313",2024,"D","D41",-1,"Ventilation en sous-secteur",140
"S13",2024,"C","D4",1,"Ventilation en sous-secteur",141
"S1314",2024,"C","D4",-1,"Ventilation en sous-secteur",141
"S1311",2024,"C","D4",-1,"Ventilation en sous-secteur",141
"S1313",2024,"C","D4",-1,"Ventilation en sous-secteur",141
"S1311",2024,"D","D41",1,"Ventilation en sous-secteur",142
"S13111",2024,"D","D41",-1,"Ventilation en sous-secteur",142
"S13112",2024,"D","D41",-1,"Ventilation en sous-secteur",142
"S1311",2024,"C","D4",1,"Ventilation en sous-secteur",143
"S13112",2024,"C","D4",-1,"Ventilation en sous-secteur",143
"S13111",2024,"C","D4",-1,"Ventilation en sous-secteur",143
"S1",2024,"D","D41",1,"Ventilation en sous-secteur",144
"S11",2024,"D","D41",-1,"Ventilation en sous-secteur",144
"S13",2024,"D","D41",-1,"Ventilation en sous-secteur",144
"S12",2024,"D","D41",-1,"Ventilation en sous-secteur",144
"S15",2024,"D","D41",-1,"Ventilation en sous-secteur",144
"S14",2024,"D","D41",-1,"Ventilation en sous-secteur",144
"S1",2024,"D","D421",1,"Ventilation en sous-secteur",145
"S12",2024,"D","D421",-1,"Ventilation en sous-secteur",145
"S11",2024,"D","D421",-1,"Ventilation en sous-secteur",145
"S1",2024,"C","D422",1,"Ventilation en sous-secteur",146
"S11",2024,"C","D422",-1,"Ventilation en sous-secteur",146
"S12",2024,"C","D422",-1,"Ventilation en sous-secteur",146
"S14",2024,"C","D422",-1,"Ventilation en sous-secteur",146
"S15",2024,"C","D422",-1,"Ventilation en sous-secteur",146
"S13",2024,"C","D43",1,"Ventilation en sous-secteur",147
"S1311",2024,"C","D43",-1,"Ventilation en sous-secteur",147
"S1",2024,"C","D421",1,"Ventilation en sous-secteur",148
"S13",2024,"C","D421",-1,"Ventilation en sous-secteur",148
"S11",2024,"C","D421",-1,"Ventilation en sous-secteur",148
"S12",2024,"C","D421",-1,"Ventilation en sous-secteur",148
"S14",2024,"C","D421",-1,"Ventilation en sous-secteur",148
"S15",2024,"C","D421",-1,"Ventilation en sous-secteur",148
"S1",2024,"C","D44",1,"Ventilation en sous-secteur",149
"S12",2024,"C","D44",-1,"Ventilation en sous-secteur",149
"S11",2024,"C","D44",-1,"Ventilation en sous-secteur",149
"S14",2024,"C","D44",-1,"Ventilation en sous-secteur",149
"S15",2024,"C","D44",-1,"Ventilation en sous-secteur",149
"S13",2024,"C","D44",-1,"Ventilation en sous-secteur",149
"S1",2024,"D","D44",1,"Ventilation en sous-secteur",150
"S12",2024,"D","D44",-1,"Ventilation en sous-secteur",150
"S11",2024,"D","D44",-1,"Ventilation en sous-secteur",150
"S14",2024,"D","D44",-1,"Ventilation en sous-secteur",150
"S15",2024,"D","D44",-1,"Ventilation en sous-secteur",150
"S1",2024,"D","D43",1,"Ventilation en sous-secteur",151
"S12",2024,"D","D43",-1,"Ventilation en sous-secteur",151
"S11",2024,"D","D43",-1,"Ventilation en sous-secteur",151
"S15",2024,"D","D43",-1,"Ventilation en sous-secteur",151
"S14",2024,"D","D43",-1,"Ventilation en sous-secteur",151
"S1311",2024,"C","D43",1,"Ventilation en sous-secteur",152
"S13111",2024,"C","D43",-1,"Ventilation en sous-secteur",152
"S1311",2024,"C","D421",1,"Ventilation en sous-secteur",153
"S13112",2024,"C","D421",-1,"Ventilation en sous-secteur",153
"S13111",2024,"C","D421",-1,"Ventilation en sous-secteur",153
"S1",2024,"C","D43",1,"Ventilation en sous-secteur",154
"S11",2024,"C","D43",-1,"Ventilation en sous-secteur",154
"S12",2024,"C","D43",-1,"Ventilation en sous-secteur",154
"S13",2024,"C","D43",-1,"Ventilation en sous-secteur",154
"S14",2024,"C","D43",-1,"Ventilation en sous-secteur",154
"S15",2024,"C","D43",-1,"Ventilation en sous-secteur",154
"S13",2024,"C","D421",1,"Ventilation en sous-secteur",155
"S1314",2024,"C","D421",-1,"Ventilation en sous-secteur",155
"S1313",2024,"C","D421",-1,"Ventilation en sous-secteur",155
"S1311",2024,"C","D421",-1,"Ventilation en sous-secteur",155
"S1",2024,"D","D422",1,"Ventilation en sous-secteur",156
"S11",2024,"D","D422",-1,"Ventilation en sous-secteur",156
"S12",2024,"D","D422",-1,"Ventilation en sous-secteur",156
"S13",2024,"C","D44",1,"Ventilation en sous-secteur",157
"S1314",2024,"C","D44",-1,"Ventilation en sous-secteur",157
"S1313",2024,"C","D44",-1,"Ventilation en sous-secteur",157
"S1311",2024,"C","D44",-1,"Ventilation en sous-secteur",157
"S1",2024,"C","D45",1,"Ventilation en sous-secteur",158
"S13",2024,"C","D45",-1,"Ventilation en sous-secteur",158
"S14",2024,"C","D45",-1,"Ventilation en sous-secteur",158
"S11",2024,"C","D45",-1,"Ventilation en sous-secteur",158
"S12",2024,"C","D45",-1,"Ventilation en sous-secteur",158
"S15",2024,"C","D45",-1,"Ventilation en sous-secteur",158
"S13",2024,"C","D45",1,"Ventilation en sous-secteur",159
"S1311",2024,"C","D45",-1,"Ventilation en sous-secteur",159
"S1314",2024,"C","D45",-1,"Ventilation en sous-secteur",159
"S1313",2024,"C","D45",-1,"Ventilation en sous-secteur",159
"S1",2024,"D","D45",1,"Ventilation en sous-secteur",160
"S14",2024,"D","D45",-1,"Ventilation en sous-secteur",160
"S11",2024,"D","D45",-1,"Ventilation en sous-secteur",160
"S13",2024,"D","D45",-1,"Ventilation en sous-secteur",160
"S15",2024,"D","D45",-1,"Ventilation en sous-secteur",160
"S12",2024,"D","D45",-1,"Ventilation en sous-secteur",160
"S13",2024,"D","D45",1,"Ventilation en sous-secteur",161
"S1313",2024,"D","D45",-1,"Ventilation en sous-secteur",161
"S1311",2024,"C","D45",1,"Ventilation en sous-secteur",162
"S13112",2024,"C","D45",-1,"Ventilation en sous-secteur",162
"S13111",2024,"C","D45",-1,"Ventilation en sous-secteur",162
"S1311",2024,"C","D44",1,"Ventilation en sous-secteur",163
"S13111",2024,"C","D44",-1,"Ventilation en sous-secteur",163
"S13112",2024,"C","D44",-1,"Ventilation en sous-secteur",163
"S1311",2024,"C","D5",1,"Ventilation en sous-secteur",164
"S13111",2024,"C","D5",-1,"Ventilation en sous-secteur",164
"S13112",2024,"C","D5",-1,"Ventilation en sous-secteur",164
"S13",2024,"D","D51",1,"Ventilation en sous-secteur",165
"S1313",2024,"D","D51",-1,"Ventilation en sous-secteur",165
"S1314",2024,"D","D51",-1,"Ventilation en sous-secteur",165
"S13",2024,"D","D5",1,"Ventilation en sous-secteur",166
"S1313",2024,"D","D5",-1,"Ventilation en sous-secteur",166
"S1314",2024,"D","D5",-1,"Ventilation en sous-secteur",166
"S1311",2024,"D","D5",-1,"Ventilation en sous-secteur",166
"S1312",2024,"D","D5",-1,"Ventilation en sous-secteur",166
"S1311",2024,"C","D51",1,"Ventilation en sous-secteur",167
"S13111",2024,"C","D51",-1,"Ventilation en sous-secteur",167
"S13112",2024,"C","D51",-1,"Ventilation en sous-secteur",167
"S13",2024,"C","D5",1,"Ventilation en sous-secteur",168
"S1311",2024,"C","D5",-1,"Ventilation en sous-secteur",168
"S1314",2024,"C","D5",-1,"Ventilation en sous-secteur",168
"S1313",2024,"C","D5",-1,"Ventilation en sous-secteur",168
"S1312",2024,"C","D5",-1,"Ventilation en sous-secteur",168
"S1",2024,"D","D51",1,"Ventilation en sous-secteur",169
"S14",2024,"D","D51",-1,"Ventilation en sous-secteur",169
"S12",2024,"D","D51",-1,"Ventilation en sous-secteur",169
"S13",2024,"D","D51",-1,"Ventilation en sous-secteur",169
"S11",2024,"D","D51",-1,"Ventilation en sous-secteur",169
"S15",2024,"D","D51",-1,"Ventilation en sous-secteur",169
"S13",2024,"C","D51",1,"Ventilation en sous-secteur",170
"S1311",2024,"C","D51",-1,"Ventilation en sous-secteur",170
"S1313",2024,"C","D51",-1,"Ventilation en sous-secteur",170
"S1314",2024,"C","D51",-1,"Ventilation en sous-secteur",170
"S1312",2024,"C","D51",-1,"Ventilation en sous-secteur",170
"S1311",2024,"D","D5",1,"Ventilation en sous-secteur",171
"S13112",2024,"D","D5",-1,"Ventilation en sous-secteur",171
"S1",2024,"C","D5",1,"Ventilation en sous-secteur",172
"S13",2024,"C","D5",-1,"Ventilation en sous-secteur",172
"S1",2024,"C","D51",1,"Ventilation en sous-secteur",173
"S13",2024,"C","D51",-1,"Ventilation en sous-secteur",173
"S1",2024,"D","D59",1,"Ventilation en sous-secteur",174
"S12",2024,"D","D59",-1,"Ventilation en sous-secteur",174
"S14",2024,"D","D59",-1,"Ventilation en sous-secteur",174
"S11",2024,"D","D59",-1,"Ventilation en sous-secteur",174
"S15",2024,"D","D59",-1,"Ventilation en sous-secteur",174
"S13",2024,"D","D59",-1,"Ventilation en sous-secteur",174
"S13",2024,"C","D59",1,"Ventilation en sous-secteur",175
"S1313",2024,"C","D59",-1,"Ventilation en sous-secteur",175
"S1314",2024,"C","D59",-1,"Ventilation en sous-secteur",175
"S1311",2024,"C","D59",-1,"Ventilation en sous-secteur",175
"S1312",2024,"C","D59",-1,"Ventilation en sous-secteur",175
"S1",2024,"C","D611",1,"Ventilation en sous-secteur",176
"S13",2024,"C","D611",-1,"Ventilation en sous-secteur",176
"S12",2024,"C","D611",-1,"Ventilation en sous-secteur",176
"S11",2024,"C","D611",-1,"Ventilation en sous-secteur",176
"S14",2024,"C","D611",-1,"Ventilation en sous-secteur",176
"S15",2024,"C","D611",-1,"Ventilation en sous-secteur",176
"S1",2024,"C","D59",1,"Ventilation en sous-secteur",177
"S13",2024,"C","D59",-1,"Ventilation en sous-secteur",177
"S1311",2024,"C","D59",1,"Ventilation en sous-secteur",178
"S13111",2024,"C","D59",-1,"Ventilation en sous-secteur",178
"S13112",2024,"C","D59",-1,"Ventilation en sous-secteur",178
"S1311",2024,"C","D61",1,"Ventilation en sous-secteur",179
"S13111",2024,"C","D61",-1,"Ventilation en sous-secteur",179
"S13112",2024,"C","D61",-1,"Ventilation en sous-secteur",179
"S1311",2024,"C","D611",1,"Ventilation en sous-secteur",180
"S13111",2024,"C","D611",-1,"Ventilation en sous-secteur",180
"S13",2024,"C","D611",1,"Ventilation en sous-secteur",181
"S1311",2024,"C","D611",-1,"Ventilation en sous-secteur",181
"S1314",2024,"C","D611",-1,"Ventilation en sous-secteur",181
"S1312",2024,"C","D611",-1,"Ventilation en sous-secteur",181
"S1313",2024,"C","D611",-1,"Ventilation en sous-secteur",181
"S13",2024,"C","D61",1,"Ventilation en sous-secteur",182
"S1314",2024,"C","D61",-1,"Ventilation en sous-secteur",182
"S1311",2024,"C","D61",-1,"Ventilation en sous-secteur",182
"S1313",2024,"C","D61",-1,"Ventilation en sous-secteur",182
"S1312",2024,"C","D61",-1,"Ventilation en sous-secteur",182
"S1",2024,"C","D613",1,"Ventilation en sous-secteur",183
"S13",2024,"C","D613",-1,"Ventilation en sous-secteur",183
"S12",2024,"C","D613",-1,"Ventilation en sous-secteur",183
"S11",2024,"C","D613",-1,"Ventilation en sous-secteur",183
"S14",2024,"C","D613",-1,"Ventilation en sous-secteur",183
"S15",2024,"C","D613",-1,"Ventilation en sous-secteur",183
"S1",2024,"C","D612",1,"Ventilation en sous-secteur",184
"S11",2024,"C","D612",-1,"Ventilation en sous-secteur",184
"S14",2024,"C","D612",-1,"Ventilation en sous-secteur",184
"S12",2024,"C","D612",-1,"Ventilation en sous-secteur",184
"S13",2024,"C","D612",-1,"Ventilation en sous-secteur",184
"S15",2024,"C","D612",-1,"Ventilation en sous-secteur",184
"S13",2024,"C","D613",1,"Ventilation en sous-secteur",185
"S1314",2024,"C","D613",-1,"Ventilation en sous-secteur",185
"S1311",2024,"C","D613",-1,"Ventilation en sous-secteur",185
"S1312",2024,"C","D613",-1,"Ventilation en sous-secteur",185
"S1313",2024,"C","D613",-1,"Ventilation en sous-secteur",185
"S1311",2024,"C","D612",1,"Ventilation en sous-secteur",186
"S13111",2024,"C","D612",-1,"Ventilation en sous-secteur",186
"S13112",2024,"C","D612",-1,"Ventilation en sous-secteur",186
"S13",2024,"C","D612",1,"Ventilation en sous-secteur",187
"S1311",2024,"C","D612",-1,"Ventilation en sous-secteur",187
"S1313",2024,"C","D612",-1,"Ventilation en sous-secteur",187
"S1314",2024,"C","D612",-1,"Ventilation en sous-secteur",187
"S1311",2024,"C","D613",1,"Ventilation en sous-secteur",188
"S13111",2024,"C","D613",-1,"Ventilation en sous-secteur",188
"S13",2024,"D","D62",1,"Ventilation en sous-secteur",189
"S1314",2024,"D","D62",-1,"Ventilation en sous-secteur",189
"S1313",2024,"D","D62",-1,"Ventilation en sous-secteur",189
"S1311",2024,"D","D62",-1,"Ventilation en sous-secteur",189
"S1312",2024,"D","D62",-1,"Ventilation en sous-secteur",189
"S13",2024,"C","D613CS",1,"Ventilation en sous-secteur",190
"S1314",2024,"C","D613CS",-1,"Ventilation en sous-secteur",190
"S1311",2024,"D","D62",1,"Ventilation en sous-secteur",191
"S13111",2024,"D","D62",-1,"Ventilation en sous-secteur",191
"S13112",2024,"D","D62",-1,"Ventilation en sous-secteur",191
"S1",2024,"C","D614",1,"Ventilation en sous-secteur",192
"S12",2024,"C","D614",-1,"Ventilation en sous-secteur",192
"S15",2024,"C","D614",-1,"Ventilation en sous-secteur",192
"S11",2024,"C","D614",-1,"Ventilation en sous-secteur",192
"S13",2024,"C","D614",-1,"Ventilation en sous-secteur",192
"S14",2024,"C","D614",-1,"Ventilation en sous-secteur",192
"S13",2024,"C","D613NSI",1,"Ventilation en sous-secteur",193
"S1314",2024,"C","D613NSI",-1,"Ventilation en sous-secteur",193
"S13",2024,"C","D613CE",1,"Ventilation en sous-secteur",194
"S1314",2024,"C","D613CE",-1,"Ventilation en sous-secteur",194
"S1311",2024,"C","D613CE",-1,"Ventilation en sous-secteur",194
"S1311",2024,"C","D613CE",1,"Ventilation en sous-secteur",195
"S13111",2024,"C","D613CE",-1,"Ventilation en sous-secteur",195
"S1",2024,"C","D61SC",1,"Ventilation en sous-secteur",196
"S12",2024,"C","D61SC",-1,"Ventilation en sous-secteur",196
"S15",2024,"C","D61SC",-1,"Ventilation en sous-secteur",196
"S13",2024,"C","D61SC",-1,"Ventilation en sous-secteur",196
"S14",2024,"C","D61SC",-1,"Ventilation en sous-secteur",196
"S11",2024,"C","D61SC",-1,"Ventilation en sous-secteur",196
"S13",2024,"D","D622",1,"Ventilation en sous-secteur",197
"S1314",2024,"D","D622",-1,"Ventilation en sous-secteur",197
"S1313",2024,"D","D622",-1,"Ventilation en sous-secteur",197
"S1311",2024,"D","D622",-1,"Ventilation en sous-secteur",197
"S13",2024,"D","D623",1,"Ventilation en sous-secteur",198
"S1314",2024,"D","D623",-1,"Ventilation en sous-secteur",198
"S1311",2024,"D","D623",-1,"Ventilation en sous-secteur",198
"S1313",2024,"D","D623",-1,"Ventilation en sous-secteur",198
"S1311",2024,"D","D623",1,"Ventilation en sous-secteur",199
"S13112",2024,"D","D623",-1,"Ventilation en sous-secteur",199
"S13111",2024,"D","D623",-1,"Ventilation en sous-secteur",199
"S13",2024,"D","D621",1,"Ventilation en sous-secteur",200
"S1314",2024,"D","D621",-1,"Ventilation en sous-secteur",200
"S1311",2024,"D","D621",-1,"Ventilation en sous-secteur",200
"S1311",2024,"D","D622",1,"Ventilation en sous-secteur",201
"S13111",2024,"D","D622",-1,"Ventilation en sous-secteur",201
"S13112",2024,"D","D622",-1,"Ventilation en sous-secteur",201
"S1311",2024,"D","D621",1,"Ventilation en sous-secteur",202
"S13111",2024,"D","D621",-1,"Ventilation en sous-secteur",202
"S13",2024,"D","D63",1,"Ventilation en sous-secteur",203
"S1314",2024,"D","D63",-1,"Ventilation en sous-secteur",203
"S1313",2024,"D","D63",-1,"Ventilation en sous-secteur",203
"S1311",2024,"D","D63",-1,"Ventilation en sous-secteur",203
"S13",2024,"D","D7",1,"Ventilation en sous-secteur",204
"S1313",2024,"D","D7",-1,"Ventilation en sous-secteur",204
"S1311",2024,"D","D7",-1,"Ventilation en sous-secteur",204
"S1314",2024,"D","D7",-1,"Ventilation en sous-secteur",204
"S1",2024,"C","D632",1,"Ventilation en sous-secteur",205
"S14",2024,"C","D632",-1,"Ventilation en sous-secteur",205
"S13",2024,"D","D631",1,"Ventilation en sous-secteur",206
"S1311",2024,"D","D631",-1,"Ventilation en sous-secteur",206
"S1313",2024,"D","D631",-1,"Ventilation en sous-secteur",206
"S1314",2024,"D","D631",-1,"Ventilation en sous-secteur",206
"S13",2024,"D","D632",1,"Ventilation en sous-secteur",207
"S1314",2024,"D","D632",-1,"Ventilation en sous-secteur",207
"S1311",2024,"D","D632",-1,"Ventilation en sous-secteur",207
"S1313",2024,"D","D632",-1,"Ventilation en sous-secteur",207
"S1312",2024,"D","D632",-1,"Ventilation en sous-secteur",207
"S1311",2024,"D","D632",1,"Ventilation en sous-secteur",208
"S13112",2024,"D","D632",-1,"Ventilation en sous-secteur",208
"S13111",2024,"D","D632",-1,"Ventilation en sous-secteur",208
"S1",2024,"D","D63",1,"Ventilation en sous-secteur",209
"S13",2024,"D","D63",-1,"Ventilation en sous-secteur",209
"S15",2024,"D","D63",-1,"Ventilation en sous-secteur",209
"S1311",2024,"D","D7",1,"Ventilation en sous-secteur",210
"S13112",2024,"D","D7",-1,"Ventilation en sous-secteur",210
"S13111",2024,"D","D7",-1,"Ventilation en sous-secteur",210
"S1",2024,"D","D631",1,"Ventilation en sous-secteur",211
"S15",2024,"D","D631",-1,"Ventilation en sous-secteur",211
"S13",2024,"D","D631",-1,"Ventilation en sous-secteur",211
"S1311",2024,"D","D63",1,"Ventilation en sous-secteur",212
"S13112",2024,"D","D63",-1,"Ventilation en sous-secteur",212
"S13111",2024,"D","D63",-1,"Ventilation en sous-secteur",212
"S1311",2024,"D","D631",1,"Ventilation en sous-secteur",213
"S13111",2024,"D","D631",-1,"Ventilation en sous-secteur",213
"S13112",2024,"D","D631",-1,"Ventilation en sous-secteur",213
"S1",2024,"D","D632",1,"Ventilation en sous-secteur",214
"S13",2024,"D","D632",-1,"Ventilation en sous-secteur",214
"S15",2024,"D","D632",-1,"Ventilation en sous-secteur",214
"S1",2024,"C","D631",1,"Ventilation en sous-secteur",215
"S14",2024,"C","D631",-1,"Ventilation en sous-secteur",215
"S13",2024,"C","D72",1,"Ventilation en sous-secteur",216
"S1311",2024,"C","D72",-1,"Ventilation en sous-secteur",216
"S1313",2024,"C","D72",-1,"Ventilation en sous-secteur",216
"S1314",2024,"C","D72",-1,"Ventilation en sous-secteur",216
"S1",2024,"C","D72",1,"Ventilation en sous-secteur",217
"S14",2024,"C","D72",-1,"Ventilation en sous-secteur",217
"S13",2024,"C","D72",-1,"Ventilation en sous-secteur",217
"S11",2024,"C","D72",-1,"Ventilation en sous-secteur",217
"S15",2024,"C","D72",-1,"Ventilation en sous-secteur",217
"S12",2024,"C","D72",-1,"Ventilation en sous-secteur",217
"S1",2024,"D","D72",1,"Ventilation en sous-secteur",218
"S13",2024,"D","D72",-1,"Ventilation en sous-secteur",218
"S12",2024,"D","D72",-1,"Ventilation en sous-secteur",218
"S1",2024,"C","D71",1,"Ventilation en sous-secteur",219
"S13",2024,"C","D71",-1,"Ventilation en sous-secteur",219
"S12",2024,"C","D71",-1,"Ventilation en sous-secteur",219
"S1311",2024,"C","D72",1,"Ventilation en sous-secteur",220
"S13112",2024,"C","D72",-1,"Ventilation en sous-secteur",220
"S13111",2024,"C","D72",-1,"Ventilation en sous-secteur",220
"S13",2024,"D","D72",1,"Ventilation en sous-secteur",221
"S1311",2024,"D","D72",-1,"Ventilation en sous-secteur",221
"S1311",2024,"C","D71",1,"Ventilation en sous-secteur",222
"S13111",2024,"C","D71",-1,"Ventilation en sous-secteur",222
"S1",2024,"D","D73",1,"Ventilation en sous-secteur",223
"S13",2024,"D","D73",-1,"Ventilation en sous-secteur",223
"S1",2024,"D","D71",1,"Ventilation en sous-secteur",224
"S15",2024,"D","D71",-1,"Ventilation en sous-secteur",224
"S11",2024,"D","D71",-1,"Ventilation en sous-secteur",224
"S14",2024,"D","D71",-1,"Ventilation en sous-secteur",224
"S13",2024,"D","D71",-1,"Ventilation en sous-secteur",224
"S12",2024,"D","D71",-1,"Ventilation en sous-secteur",224
"S1311",2024,"D","D72",1,"Ventilation en sous-secteur",225
"S13111",2024,"D","D72",-1,"Ventilation en sous-secteur",225
"S13",2024,"C","D71",1,"Ventilation en sous-secteur",226
"S1311",2024,"C","D71",-1,"Ventilation en sous-secteur",226
"S13",2024,"C","D7",1,"Ventilation en sous-secteur",227
"S1313",2024,"C","D7",-1,"Ventilation en sous-secteur",227
"S1314",2024,"C","D7",-1,"Ventilation en sous-secteur",227
"S1311",2024,"C","D7",-1,"Ventilation en sous-secteur",227
"S13",2024,"D","D71",1,"Ventilation en sous-secteur",228
"S1313",2024,"D","D71",-1,"Ventilation en sous-secteur",228
"S1314",2024,"D","D71",-1,"Ventilation en sous-secteur",228
"S1311",2024,"D","D71",-1,"Ventilation en sous-secteur",228
"S1311",2024,"C","D7",1,"Ventilation en sous-secteur",229
"S13112",2024,"C","D7",-1,"Ventilation en sous-secteur",229
"S13111",2024,"C","D7",-1,"Ventilation en sous-secteur",229
"S1311",2024,"D","D71",1,"Ventilation en sous-secteur",230
"S13112",2024,"D","D71",-1,"Ventilation en sous-secteur",230
"S13111",2024,"D","D71",-1,"Ventilation en sous-secteur",230
"S1311",2024,"D","D73",1,"Ventilation en sous-secteur",231
"S13111",2024,"D","D73",-1,"Ventilation en sous-secteur",231
"S13112",2024,"D","D73",-1,"Ventilation en sous-secteur",231
"S1",2024,"C","D73",1,"Ventilation en sous-secteur",232
"S13",2024,"C","D73",-1,"Ventilation en sous-secteur",232
"S13",2024,"C","D73",1,"Ventilation en sous-secteur",233
"S1311",2024,"C","D73",-1,"Ventilation en sous-secteur",233
"S1313",2024,"C","D73",-1,"Ventilation en sous-secteur",233
"S1314",2024,"C","D73",-1,"Ventilation en sous-secteur",233
"S1311",2024,"C","D731",1,"Ventilation en sous-secteur",234
"S13111",2024,"C","D731",-1,"Ventilation en sous-secteur",234
"S13112",2024,"C","D731",-1,"Ventilation en sous-secteur",234
"S1311",2024,"D","D732",1,"Ventilation en sous-secteur",235
"S13111",2024,"D","D732",-1,"Ventilation en sous-secteur",235
"S13112",2024,"D","D732",-1,"Ventilation en sous-secteur",235
"S13",2024,"D","D74",1,"Ventilation en sous-secteur",236
"S1314",2024,"D","D74",-1,"Ventilation en sous-secteur",236
"S1311",2024,"D","D74",-1,"Ventilation en sous-secteur",236
"S1311",2024,"C","D73",1,"Ventilation en sous-secteur",237
"S13112",2024,"C","D73",-1,"Ventilation en sous-secteur",237
"S13111",2024,"C","D73",-1,"Ventilation en sous-secteur",237
"S13",2024,"D","D73",1,"Ventilation en sous-secteur",238
"S1313",2024,"D","D73",-1,"Ventilation en sous-secteur",238
"S1311",2024,"D","D73",-1,"Ventilation en sous-secteur",238
"S1314",2024,"D","D73",-1,"Ventilation en sous-secteur",238
"S1311",2024,"D","D74",1,"Ventilation en sous-secteur",239
"S13111",2024,"D","D74",-1,"Ventilation en sous-secteur",239
"S13112",2024,"D","D74",-1,"Ventilation en sous-secteur",239
"S1311",2024,"C","D732",1,"Ventilation en sous-secteur",240
"S13112",2024,"C","D732",-1,"Ventilation en sous-secteur",240
"S13111",2024,"C","D732",-1,"Ventilation en sous-secteur",240
"S13",2024,"C","D731",1,"Ventilation en sous-secteur",241
"S1314",2024,"C","D731",-1,"Ventilation en sous-secteur",241
"S1313",2024,"C","D731",-1,"Ventilation en sous-secteur",241
"S1311",2024,"C","D731",-1,"Ventilation en sous-secteur",241
"S1",2024,"C","D74",1,"Ventilation en sous-secteur",242
"S13",2024,"C","D74",-1,"Ventilation en sous-secteur",242
"S1311",2024,"C","D74",1,"Ventilation en sous-secteur",243
"S13111",2024,"C","D74",-1,"Ventilation en sous-secteur",243
"S13112",2024,"C","D74",-1,"Ventilation en sous-secteur",243
"S13",2024,"C","D732",1,"Ventilation en sous-secteur",244
"S1311",2024,"C","D732",-1,"Ventilation en sous-secteur",244
"S1314",2024,"C","D732",-1,"Ventilation en sous-secteur",244
"S1313",2024,"C","D732",-1,"Ventilation en sous-secteur",244
"S13",2024,"D","D732",1,"Ventilation en sous-secteur",245
"S1314",2024,"D","D732",-1,"Ventilation en sous-secteur",245
"S1311",2024,"D","D732",-1,"Ventilation en sous-secteur",245
"S1313",2024,"D","D732",-1,"Ventilation en sous-secteur",245
"S1311",2024,"D","D731",1,"Ventilation en sous-secteur",246
"S13112",2024,"D","D731",-1,"Ventilation en sous-secteur",246
"S13111",2024,"D","D731",-1,"Ventilation en sous-secteur",246
"S13",2024,"D","D731",1,"Ventilation en sous-secteur",247
"S1313",2024,"D","D731",-1,"Ventilation en sous-secteur",247
"S1314",2024,"D","D731",-1,"Ventilation en sous-secteur",247
"S1311",2024,"D","D731",-1,"Ventilation en sous-secteur",247
"S13",2024,"C","D74",1,"Ventilation en sous-secteur",248
"S1314",2024,"C","D74",-1,"Ventilation en sous-secteur",248
"S1311",2024,"C","D74",-1,"Ventilation en sous-secteur",248
"S1313",2024,"C","D74",-1,"Ventilation en sous-secteur",248
"S1",2024,"D","D74",1,"Ventilation en sous-secteur",249
"S13",2024,"D","D74",-1,"Ventilation en sous-secteur",249
"S1",2024,"C","D75",1,"Ventilation en sous-secteur",250
"S12",2024,"C","D75",-1,"Ventilation en sous-secteur",250
"S13",2024,"C","D75",-1,"Ventilation en sous-secteur",250
"S11",2024,"C","D75",-1,"Ventilation en sous-secteur",250
"S15",2024,"C","D75",-1,"Ventilation en sous-secteur",250
"S14",2024,"C","D75",-1,"Ventilation en sous-secteur",250
"S1311",2024,"C","D75",1,"Ventilation en sous-secteur",251
"S13112",2024,"C","D75",-1,"Ventilation en sous-secteur",251
"S13111",2024,"C","D75",-1,"Ventilation en sous-secteur",251
"S13",2024,"D","D75",1,"Ventilation en sous-secteur",252
"S1313",2024,"D","D75",-1,"Ventilation en sous-secteur",252
"S1314",2024,"D","D75",-1,"Ventilation en sous-secteur",252
"S1311",2024,"D","D75",-1,"Ventilation en sous-secteur",252
"S1",2024,"D","D75",1,"Ventilation en sous-secteur",253
"S12",2024,"D","D75",-1,"Ventilation en sous-secteur",253
"S14",2024,"D","D75",-1,"Ventilation en sous-secteur",253
"S15",2024,"D","D75",-1,"Ventilation en sous-secteur",253
"S13",2024,"D","D75",-1,"Ventilation en sous-secteur",253
"S11",2024,"D","D75",-1,"Ventilation en sous-secteur",253
"S13",2024,"C","D75",1,"Ventilation en sous-secteur",254
"S1311",2024,"C","D75",-1,"Ventilation en sous-secteur",254
"S1314",2024,"C","D75",-1,"Ventilation en sous-secteur",254
"S1313",2024,"C","D75",-1,"Ventilation en sous-secteur",254
"S1311",2024,"D","D75",1,"Ventilation en sous-secteur",255
"S13111",2024,"D","D75",-1,"Ventilation en sous-secteur",255
"S13112",2024,"D","D75",-1,"Ventilation en sous-secteur",255
"S1311",2024,"D","D76",1,"Ventilation en sous-secteur",256
"S13111",2024,"D","D76",-1,"Ventilation en sous-secteur",256
"S1311",2024,"D","D751",1,"Ventilation en sous-secteur",257
"S13112",2024,"D","D751",-1,"Ventilation en sous-secteur",257
"S13111",2024,"D","D751",-1,"Ventilation en sous-secteur",257
"S13",2024,"D","D759",1,"Ventilation en sous-secteur",258
"S1314",2024,"D","D759",-1,"Ventilation en sous-secteur",258
"S1311",2024,"D","D759",-1,"Ventilation en sous-secteur",258
"S1313",2024,"D","D759",-1,"Ventilation en sous-secteur",258
"S1311",2024,"C","D759",1,"Ventilation en sous-secteur",259
"S13112",2024,"C","D759",-1,"Ventilation en sous-secteur",259
"S13111",2024,"C","D759",-1,"Ventilation en sous-secteur",259
"S13",2024,"C","D759",1,"Ventilation en sous-secteur",260
"S1314",2024,"C","D759",-1,"Ventilation en sous-secteur",260
"S1313",2024,"C","D759",-1,"Ventilation en sous-secteur",260
"S1311",2024,"C","D759",-1,"Ventilation en sous-secteur",260
"S13",2024,"D","D76",1,"Ventilation en sous-secteur",261
"S1311",2024,"D","D76",-1,"Ventilation en sous-secteur",261
"S1",2024,"D","D76",1,"Ventilation en sous-secteur",262
"S13",2024,"D","D76",-1,"Ventilation en sous-secteur",262
"S1",2024,"D","D8",1,"Ventilation en sous-secteur",263
"S12",2024,"D","D8",-1,"Ventilation en sous-secteur",263
"S11",2024,"D","D8",-1,"Ventilation en sous-secteur",263
"S15",2024,"D","D8",-1,"Ventilation en sous-secteur",263
"S14",2024,"D","D8",-1,"Ventilation en sous-secteur",263
"S13",2024,"D","D8",-1,"Ventilation en sous-secteur",263
"S1311",2024,"D","D759",1,"Ventilation en sous-secteur",264
"S13111",2024,"D","D759",-1,"Ventilation en sous-secteur",264
"S13112",2024,"D","D759",-1,"Ventilation en sous-secteur",264
"S13",2024,"D","D751",1,"Ventilation en sous-secteur",265
"S1314",2024,"D","D751",-1,"Ventilation en sous-secteur",265
"S1311",2024,"D","D751",-1,"Ventilation en sous-secteur",265
"S1313",2024,"D","D751",-1,"Ventilation en sous-secteur",265
"S13",2024,"C","D9R",1,"Ventilation en sous-secteur",266
"S1313",2024,"C","D9R",-1,"Ventilation en sous-secteur",266
"S1314",2024,"C","D9R",-1,"Ventilation en sous-secteur",266
"S1311",2024,"C","D9R",-1,"Ventilation en sous-secteur",266
"S1",2024,"C","D91P",1,"Ventilation en sous-secteur",267
"S14",2024,"C","D91P",-1,"Ventilation en sous-secteur",267
"S11",2024,"C","D91P",-1,"Ventilation en sous-secteur",267
"S1",2024,"C","D91R",1,"Ventilation en sous-secteur",268
"S13",2024,"C","D91R",-1,"Ventilation en sous-secteur",268
"S1311",2024,"C","D9R",1,"Ventilation en sous-secteur",269
"S13112",2024,"C","D9R",-1,"Ventilation en sous-secteur",269
"S13111",2024,"C","D9R",-1,"Ventilation en sous-secteur",269
"S13",2024,"C","D9P",1,"Ventilation en sous-secteur",270
"S1313",2024,"C","D9P",-1,"Ventilation en sous-secteur",270
"S1311",2024,"C","D9P",-1,"Ventilation en sous-secteur",270
"S1314",2024,"C","D9P",-1,"Ventilation en sous-secteur",270
"S1311",2024,"C","D9P",1,"Ventilation en sous-secteur",271
"S13112",2024,"C","D9P",-1,"Ventilation en sous-secteur",271
"S13111",2024,"C","D9P",-1,"Ventilation en sous-secteur",271
"S13",2024,"C","D91R",1,"Ventilation en sous-secteur",272
"S1311",2024,"C","D91R",-1,"Ventilation en sous-secteur",272
"S1311",2024,"C","D91R",1,"Ventilation en sous-secteur",273
"S13111",2024,"C","D91R",-1,"Ventilation en sous-secteur",273
"S1",2024,"C","D99P",1,"Ventilation en sous-secteur",274
"S15",2024,"C","D99P",-1,"Ventilation en sous-secteur",274
"S13",2024,"C","D99P",-1,"Ventilation en sous-secteur",274
"S11",2024,"C","D99P",-1,"Ventilation en sous-secteur",274
"S12",2024,"C","D99P",-1,"Ventilation en sous-secteur",274
"S14",2024,"C","D99P",-1,"Ventilation en sous-secteur",274
"S1",2024,"C","D92R",1,"Ventilation en sous-secteur",275
"S11",2024,"C","D92R",-1,"Ventilation en sous-secteur",275
"S13",2024,"C","D92R",-1,"Ventilation en sous-secteur",275
"S15",2024,"C","D92R",-1,"Ventilation en sous-secteur",275
"S14",2024,"C","D92R",-1,"Ventilation en sous-secteur",275
"S1311",2024,"C","D92P",1,"Ventilation en sous-secteur",276
"S13112",2024,"C","D92P",-1,"Ventilation en sous-secteur",276
"S13111",2024,"C","D92P",-1,"Ventilation en sous-secteur",276
"S13",2024,"C","D99P",1,"Ventilation en sous-secteur",277
"S1314",2024,"C","D99P",-1,"Ventilation en sous-secteur",277
"S1311",2024,"C","D99P",-1,"Ventilation en sous-secteur",277
"S1313",2024,"C","D99P",-1,"Ventilation en sous-secteur",277
"S13",2024,"C","D92R",1,"Ventilation en sous-secteur",278
"S1314",2024,"C","D92R",-1,"Ventilation en sous-secteur",278
"S1311",2024,"C","D92R",-1,"Ventilation en sous-secteur",278
"S1313",2024,"C","D92R",-1,"Ventilation en sous-secteur",278
"S1311",2024,"C","D92R",1,"Ventilation en sous-secteur",279
"S13111",2024,"C","D92R",-1,"Ventilation en sous-secteur",279
"S13112",2024,"C","D92R",-1,"Ventilation en sous-secteur",279
"S13",2024,"C","D92P",1,"Ventilation en sous-secteur",280
"S1311",2024,"C","D92P",-1,"Ventilation en sous-secteur",280
"S1314",2024,"C","D92P",-1,"Ventilation en sous-secteur",280
"S1313",2024,"C","D92P",-1,"Ventilation en sous-secteur",280
"S1311",2024,"C","D99P",1,"Ventilation en sous-secteur",281
"S13112",2024,"C","D99P",-1,"Ventilation en sous-secteur",281
"S13111",2024,"C","D99P",-1,"Ventilation en sous-secteur",281
"S1",2024,"C","D99R",1,"Ventilation en sous-secteur",282
"S12",2024,"C","D99R",-1,"Ventilation en sous-secteur",282
"S11",2024,"C","D99R",-1,"Ventilation en sous-secteur",282
"S13",2024,"C","D99R",-1,"Ventilation en sous-secteur",282
"S15",2024,"C","D99R",-1,"Ventilation en sous-secteur",282
"S14",2024,"C","D99R",-1,"Ventilation en sous-secteur",282
"S13",2024,"C","D99R",1,"Ventilation en sous-secteur",283
"S1311",2024,"C","D99R",-1,"Ventilation en sous-secteur",283
"S1314",2024,"C","D99R",-1,"Ventilation en sous-secteur",283
"S1313",2024,"C","D99R",-1,"Ventilation en sous-secteur",283
"S1311",2024,"C","D99R",1,"Ventilation en sous-secteur",284
"S13111",2024,"C","D99R",-1,"Ventilation en sous-secteur",284
"S13112",2024,"C","D99R",-1,"Ventilation en sous-secteur",284
"S1",2024,"C","D92P",1,"Ventilation en sous-secteur",285
"S13",2024,"C","D92P",-1,"Ventilation en sous-secteur",285
"S13",2024,"B","B2N",1,"Ventilation en sous-secteur",286
"S1314",2024,"B","B2N",-1,"Ventilation en sous-secteur",286
"S1311",2024,"B","B2N",-1,"Ventilation en sous-secteur",286
"S1313",2024,"B","B2N",-1,"Ventilation en sous-secteur",286
"S1312",2024,"B","B2N",-1,"Ventilation en sous-secteur",286
"S1311",2024,"B","B2G",1,"Ventilation en sous-secteur",287
"S13112",2024,"B","B2G",-1,"Ventilation en sous-secteur",287
"S13111",2024,"B","B2G",-1,"Ventilation en sous-secteur",287
"S1",2024,"B","B2N",1,"Ventilation en sous-secteur",288
"S12",2024,"B","B2N",-1,"Ventilation en sous-secteur",288
"S14",2024,"B","B2N",-1,"Ventilation en sous-secteur",288
"S13",2024,"B","B2N",-1,"Ventilation en sous-secteur",288
"S11",2024,"B","B2N",-1,"Ventilation en sous-secteur",288
"S15",2024,"B","B2N",-1,"Ventilation en sous-secteur",288
"S1311",2024,"B","B2N",1,"Ventilation en sous-secteur",289
"S13112",2024,"B","B2N",-1,"Ventilation en sous-secteur",289
"S13111",2024,"B","B2N",-1,"Ventilation en sous-secteur",289
"S13",2024,"B","B2G",1,"Ventilation en sous-secteur",290
"S1314",2024,"B","B2G",-1,"Ventilation en sous-secteur",290
"S1313",2024,"B","B2G",-1,"Ventilation en sous-secteur",290
"S1311",2024,"B","B2G",-1,"Ventilation en sous-secteur",290
"S13",2024,"B","B1G",1,"Ventilation en sous-secteur",291
"S1314",2024,"B","B1G",-1,"Ventilation en sous-secteur",291
"S1313",2024,"B","B1G",-1,"Ventilation en sous-secteur",291
"S1311",2024,"B","B1G",-1,"Ventilation en sous-secteur",291
"S1312",2024,"B","B1G",-1,"Ventilation en sous-secteur",291
"S1311",2024,"B","B1N",1,"Ventilation en sous-secteur",292
"S13111",2024,"B","B1N",-1,"Ventilation en sous-secteur",292
"S13112",2024,"B","B1N",-1,"Ventilation en sous-secteur",292
"S1",2024,"B","B1N",1,"Ventilation en sous-secteur",293
"S15",2024,"B","B1N",-1,"Ventilation en sous-secteur",293
"S11",2024,"B","B1N",-1,"Ventilation en sous-secteur",293
"S12",2024,"B","B1N",-1,"Ventilation en sous-secteur",293
"S13",2024,"B","B1N",-1,"Ventilation en sous-secteur",293
"S14",2024,"B","B1N",-1,"Ventilation en sous-secteur",293
"S13",2024,"B","B1N",1,"Ventilation en sous-secteur",294
"S1314",2024,"B","B1N",-1,"Ventilation en sous-secteur",294
"S1313",2024,"B","B1N",-1,"Ventilation en sous-secteur",294
"S1311",2024,"B","B1N",-1,"Ventilation en sous-secteur",294
"S1312",2024,"B","B1N",-1,"Ventilation en sous-secteur",294
"S1311",2024,"B","B1G",1,"Ventilation en sous-secteur",295
"S13112",2024,"B","B1G",-1,"Ventilation en sous-secteur",295
"S13111",2024,"B","B1G",-1,"Ventilation en sous-secteur",295
"S1",2024,"B","B5N",1,"Ventilation en sous-secteur",296
"S13",2024,"B","B5N",-1,"Ventilation en sous-secteur",296
"S15",2024,"B","B5N",-1,"Ventilation en sous-secteur",296
"S12",2024,"B","B5N",-1,"Ventilation en sous-secteur",296
"S14",2024,"B","B5N",-1,"Ventilation en sous-secteur",296
"S11",2024,"B","B5N",-1,"Ventilation en sous-secteur",296
"S13",2024,"B","B5G",1,"Ventilation en sous-secteur",297
"S1313",2024,"B","B5G",-1,"Ventilation en sous-secteur",297
"S1314",2024,"B","B5G",-1,"Ventilation en sous-secteur",297
"S1311",2024,"B","B5G",-1,"Ventilation en sous-secteur",297
"S1311",2024,"B","B5N",1,"Ventilation en sous-secteur",298
"S13111",2024,"B","B5N",-1,"Ventilation en sous-secteur",298
"S13112",2024,"B","B5N",-1,"Ventilation en sous-secteur",298
"S1311",2024,"B","B5G",1,"Ventilation en sous-secteur",299
"S13111",2024,"B","B5G",-1,"Ventilation en sous-secteur",299
"S13112",2024,"B","B5G",-1,"Ventilation en sous-secteur",299
"S13",2024,"B","B6N",1,"Ventilation en sous-secteur",300
"S1314",2024,"B","B6N",-1,"Ventilation en sous-secteur",300
"S1311",2024,"B","B6N",-1,"Ventilation en sous-secteur",300
"S1313",2024,"B","B6N",-1,"Ventilation en sous-secteur",300
"S1312",2024,"B","B6N",-1,"Ventilation en sous-secteur",300
"S13",2024,"B","B7G",1,"Ventilation en sous-secteur",301
"S1313",2024,"B","B7G",-1,"Ventilation en sous-secteur",301
"S1311",2024,"B","B7G",-1,"Ventilation en sous-secteur",301
"S1314",2024,"B","B7G",-1,"Ventilation en sous-secteur",301
"S13",2024,"B","B7N",1,"Ventilation en sous-secteur",302
"S1313",2024,"B","B7N",-1,"Ventilation en sous-secteur",302
"S1311",2024,"B","B7N",-1,"Ventilation en sous-secteur",302
"S1314",2024,"B","B7N",-1,"Ventilation en sous-secteur",302
"S1311",2024,"B","B7N",1,"Ventilation en sous-secteur",303
"S13111",2024,"B","B7N",-1,"Ventilation en sous-secteur",303
"S13112",2024,"B","B7N",-1,"Ventilation en sous-secteur",303
"S1311",2024,"B","B6N",1,"Ventilation en sous-secteur",304
"S13111",2024,"B","B6N",-1,"Ventilation en sous-secteur",304
"S13112",2024,"B","B6N",-1,"Ventilation en sous-secteur",304
"S1",2024,"B","B7N",1,"Ventilation en sous-secteur",305
"S13",2024,"B","B7N",-1,"Ventilation en sous-secteur",305
"S15",2024,"B","B7N",-1,"Ventilation en sous-secteur",305
"S14",2024,"B","B7N",-1,"Ventilation en sous-secteur",305
"S11",2024,"B","B7N",-1,"Ventilation en sous-secteur",305
"S12",2024,"B","B7N",-1,"Ventilation en sous-secteur",305
"S1311",2024,"B","B6G",1,"Ventilation en sous-secteur",306
"S13111",2024,"B","B6G",-1,"Ventilation en sous-secteur",306
"S13112",2024,"B","B6G",-1,"Ventilation en sous-secteur",306
"S1311",2024,"B","B7G",1,"Ventilation en sous-secteur",307
"S13112",2024,"B","B7G",-1,"Ventilation en sous-secteur",307
"S13111",2024,"B","B7G",-1,"Ventilation en sous-secteur",307
"S1",2024,"B","B6N",1,"Ventilation en sous-secteur",308
"S15",2024,"B","B6N",-1,"Ventilation en sous-secteur",308
"S14",2024,"B","B6N",-1,"Ventilation en sous-secteur",308
"S12",2024,"B","B6N",-1,"Ventilation en sous-secteur",308
"S13",2024,"B","B6N",-1,"Ventilation en sous-secteur",308
"S11",2024,"B","B6N",-1,"Ventilation en sous-secteur",308
"S13",2024,"B","B6G",1,"Ventilation en sous-secteur",309
"S1311",2024,"B","B6G",-1,"Ventilation en sous-secteur",309
"S1314",2024,"B","B6G",-1,"Ventilation en sous-secteur",309
"S1313",2024,"B","B6G",-1,"Ventilation en sous-secteur",309
"S13",2024,"D","D8",1,"Ventilation en sous-secteur",310
"S1311",2024,"D","D8",-1,"Ventilation en sous-secteur",310
"S1314",2024,"D","D8",-1,"Ventilation en sous-secteur",310
"S1312",2024,"D","D8",-1,"Ventilation en sous-secteur",310
"S1313",2024,"D","D8",-1,"Ventilation en sous-secteur",310
"S1311",2024,"B","B8G",1,"Ventilation en sous-secteur",311
"S13112",2024,"B","B8G",-1,"Ventilation en sous-secteur",311
"S13111",2024,"B","B8G",-1,"Ventilation en sous-secteur",311
"S1",2024,"B","B8N",1,"Ventilation en sous-secteur",312
"S13",2024,"B","B8N",-1,"Ventilation en sous-secteur",312
"S14",2024,"B","B8N",-1,"Ventilation en sous-secteur",312
"S12",2024,"B","B8N",-1,"Ventilation en sous-secteur",312
"S15",2024,"B","B8N",-1,"Ventilation en sous-secteur",312
"S11",2024,"B","B8N",-1,"Ventilation en sous-secteur",312
"S13",2024,"B","B8N",1,"Ventilation en sous-secteur",313
"S1311",2024,"B","B8N",-1,"Ventilation en sous-secteur",313
"S1313",2024,"B","B8N",-1,"Ventilation en sous-secteur",313
"S1314",2024,"B","B8N",-1,"Ventilation en sous-secteur",313
"S1312",2024,"B","B8N",-1,"Ventilation en sous-secteur",313
"S1311",2024,"B","B8N",1,"Ventilation en sous-secteur",314
"S13112",2024,"B","B8N",-1,"Ventilation en sous-secteur",314
"S13111",2024,"B","B8N",-1,"Ventilation en sous-secteur",314
"S1",2024,"C","D6",1,"Ventilation en sous-secteur",315
"S15",2024,"C","D6",-1,"Ventilation en sous-secteur",315
"S12",2024,"C","D6",-1,"Ventilation en sous-secteur",315
"S11",2024,"C","D6",-1,"Ventilation en sous-secteur",315
"S13",2024,"C","D6",-1,"Ventilation en sous-secteur",315
"S14",2024,"C","D6",-1,"Ventilation en sous-secteur",315
"S1",2024,"D","D443",1,"Ventilation en sous-secteur",316
"S14",2024,"D","D443",-1,"Ventilation en sous-secteur",316
"S15",2024,"D","D443",-1,"Ventilation en sous-secteur",316
"S11",2024,"D","D443",-1,"Ventilation en sous-secteur",316
"S12",2024,"D","D443",-1,"Ventilation en sous-secteur",316
"S1",2024,"D","D442",1,"Ventilation en sous-secteur",317
"S11",2024,"D","D442",-1,"Ventilation en sous-secteur",317
"S14",2024,"D","D442",-1,"Ventilation en sous-secteur",317
"S15",2024,"D","D442",-1,"Ventilation en sous-secteur",317
"S12",2024,"D","D442",-1,"Ventilation en sous-secteur",317
"S1",2024,"C","D442",1,"Ventilation en sous-secteur",318
"S11",2024,"C","D442",-1,"Ventilation en sous-secteur",318
"S12",2024,"C","D442",-1,"Ventilation en sous-secteur",318
"S15",2024,"C","D442",-1,"Ventilation en sous-secteur",318
"S14",2024,"C","D442",-1,"Ventilation en sous-secteur",318
"S1",2024,"D","D441",1,"Ventilation en sous-secteur",319
"S11",2024,"D","D441",-1,"Ventilation en sous-secteur",319
"S15",2024,"D","D441",-1,"Ventilation en sous-secteur",319
"S14",2024,"D","D441",-1,"Ventilation en sous-secteur",319
"S12",2024,"D","D441",-1,"Ventilation en sous-secteur",319
"S1",2024,"D","D41G",1,"Ventilation en sous-secteur",320
"S12",2024,"D","D41G",-1,"Ventilation en sous-secteur",320
"S11",2024,"D","D41G",-1,"Ventilation en sous-secteur",320
"S13",2024,"D","D41G",-1,"Ventilation en sous-secteur",320
"S14",2024,"D","D41G",-1,"Ventilation en sous-secteur",320
"S15",2024,"D","D41G",-1,"Ventilation en sous-secteur",320
"S1",2024,"C","D41G",1,"Ventilation en sous-secteur",321
"S11",2024,"C","D41G",-1,"Ventilation en sous-secteur",321
"S12",2024,"C","D41G",-1,"Ventilation en sous-secteur",321
"S15",2024,"C","D41G",-1,"Ventilation en sous-secteur",321
"S13",2024,"C","D41G",-1,"Ventilation en sous-secteur",321
"S14",2024,"C","D41G",-1,"Ventilation en sous-secteur",321
"S1",2024,"C","D441",1,"Ventilation en sous-secteur",322
"S12",2024,"C","D441",-1,"Ventilation en sous-secteur",322
"S11",2024,"C","D441",-1,"Ventilation en sous-secteur",322
"S15",2024,"C","D441",-1,"Ventilation en sous-secteur",322
"S13",2024,"C","D441",-1,"Ventilation en sous-secteur",322
"S14",2024,"C","D441",-1,"Ventilation en sous-secteur",322
"S1",2024,"C","D443",1,"Ventilation en sous-secteur",323
"S15",2024,"C","D443",-1,"Ventilation en sous-secteur",323
"S13",2024,"C","D443",-1,"Ventilation en sous-secteur",323
"S12",2024,"C","D443",-1,"Ventilation en sous-secteur",323
"S14",2024,"C","D443",-1,"Ventilation en sous-secteur",323
"S11",2024,"C","D443",-1,"Ventilation en sous-secteur",323
"S1",2024,"D","D6",1,"Ventilation en sous-secteur",324
"S12",2024,"D","D6",-1,"Ventilation en sous-secteur",324
"S15",2024,"D","D6",-1,"Ventilation en sous-secteur",324
"S13",2024,"D","D6",-1,"Ventilation en sous-secteur",324
"S11",2024,"D","D6",-1,"Ventilation en sous-secteur",324
"S14",2024,"D","D6",-1,"Ventilation en sous-secteur",324
"S1",2024,"D","D612",1,"Ventilation en sous-secteur",325
"S14",2024,"D","D612",-1,"Ventilation en sous-secteur",325
"S1",2024,"D","D611",1,"Ventilation en sous-secteur",326
"S14",2024,"D","D611",-1,"Ventilation en sous-secteur",326
"S1",2024,"D","D614",1,"Ventilation en sous-secteur",327
"S14",2024,"D","D614",-1,"Ventilation en sous-secteur",327
"S1",2024,"D","D61SC",1,"Ventilation en sous-secteur",328
"S14",2024,"D","D61SC",-1,"Ventilation en sous-secteur",328
"S1",2024,"D","D613",1,"Ventilation en sous-secteur",329
"S14",2024,"D","D613",-1,"Ventilation en sous-secteur",329
"S1",2024,"C","D8",1,"Ventilation en sous-secteur",330
"S14",2024,"C","D8",-1,"Ventilation en sous-secteur",330
"S1",2024,"B","B101",1,"Ventilation en sous-secteur",331
"S15",2024,"B","B101",-1,"Ventilation en sous-secteur",331
"S14",2024,"B","B101",-1,"Ventilation en sous-secteur",331
"S12",2024,"B","B101",-1,"Ventilation en sous-secteur",331
"S11",2024,"B","B101",-1,"Ventilation en sous-secteur",331
"S13",2024,"B","B101",-1,"Ventilation en sous-secteur",331
"S1",2024,"_Z","B9FX9",1,"Ventilation en sous-secteur",332
"S11",2024,"_Z","B9FX9",-1,"Ventilation en sous-secteur",332
"S14",2024,"_Z","B9FX9",-1,"Ventilation en sous-secteur",332
"S12",2024,"_Z","B9FX9",-1,"Ventilation en sous-secteur",332
"S15",2024,"_Z","B9FX9",-1,"Ventilation en sous-secteur",332
"S13",2024,"_Z","B9FX9",-1,"Ventilation en sous-secteur",332
"S1",2024,"B","B3N",1,"Ventilation en sous-secteur",333
"S14",2024,"B","B3N",-1,"Ventilation en sous-secteur",333
