"REF_SECTOR","TIME_PERIOD","ACCOUNTING_ENTRY","STO","PRODUCT","ACTIVITY","signe","formule","id_formule"
"S1",2003,"D","D1","_T","_T",1,"Ventilation en activité",1
"S1",2003,"D","D1","_T","A",-1,"Ventilation en activité",1
"S1",2003,"D","D1","_T","B",-1,"Ventilation en activité",1
"S1",2003,"D","D1","_T","C",-1,"Ventilation en activité",1
"S1",2003,"D","D1","_T","D",-1,"Ventilation en activité",1
"S1",2003,"D","D1","_T","E",-1,"Ventilation en activité",1
"S1",2003,"D","D1","_T","F",-1,"Ventilation en activité",1
"S1",2003,"D","D1","_T","G",-1,"Ventilation en activité",1
"S1",2003,"D","D1","_T","H",-1,"Ventilation en activité",1
"S1",2003,"D","D1","_T","I",-1,"Ventilation en activité",1
"S1",2003,"D","D1","_T","J",-1,"Ventilation en activité",1
"S1",2003,"D","D1","_T","K",-1,"Ventilation en activité",1
"S1",2003,"D","D1","_T","L",-1,"Ventilation en activité",1
"S1",2003,"D","D1","_T","M",-1,"Ventilation en activité",1
"S1",2003,"D","D1","_T","N",-1,"Ventilation en activité",1
"S1",2003,"D","D1","_T","O",-1,"Ventilation en activité",1
"S1",2003,"D","D1","_T","P",-1,"Ventilation en activité",1
"S1",2003,"D","D1","_T","Q",-1,"Ventilation en activité",1
"S1",2003,"D","D1","_T","R",-1,"Ventilation en activité",1
"S1",2003,"D","D1","_T","S",-1,"Ventilation en activité",1
"S1",2003,"D","D1","_T","T",-1,"Ventilation en activité",1
"S1",2008,"D","P51C","_T","_T",1,"Ventilation en activité",2
"S1",2008,"D","P51C","_T","A",-1,"Ventilation en activité",2
"S1",2008,"D","P51C","_T","B",-1,"Ventilation en activité",2
"S1",2008,"D","P51C","_T","C",-1,"Ventilation en activité",2
"S1",2008,"D","P51C","_T","D",-1,"Ventilation en activité",2
"S1",2008,"D","P51C","_T","E",-1,"Ventilation en activité",2
"S1",2008,"D","P51C","_T","F",-1,"Ventilation en activité",2
"S1",2008,"D","P51C","_T","G",-1,"Ventilation en activité",2
"S1",2008,"D","P51C","_T","H",-1,"Ventilation en activité",2
"S1",2008,"D","P51C","_T","I",-1,"Ventilation en activité",2
"S1",2008,"D","P51C","_T","J",-1,"Ventilation en activité",2
"S1",2008,"D","P51C","_T","K",-1,"Ventilation en activité",2
"S1",2008,"D","P51C","_T","L",-1,"Ventilation en activité",2
"S1",2008,"D","P51C","_T","M",-1,"Ventilation en activité",2
"S1",2008,"D","P51C","_T","N",-1,"Ventilation en activité",2
"S1",2008,"D","P51C","_T","O",-1,"Ventilation en activité",2
"S1",2008,"D","P51C","_T","P",-1,"Ventilation en activité",2
"S1",2008,"D","P51C","_T","Q",-1,"Ventilation en activité",2
"S1",2008,"D","P51C","_T","R",-1,"Ventilation en activité",2
"S1",2008,"D","P51C","_T","S",-1,"Ventilation en activité",2
"S1",2000,"D","P2","_T","_T",1,"Ventilation en activité",3
"S1",2000,"D","P2","_T","A",-1,"Ventilation en activité",3
"S1",2000,"D","P2","_T","B",-1,"Ventilation en activité",3
"S1",2000,"D","P2","_T","C",-1,"Ventilation en activité",3
"S1",2000,"D","P2","_T","D",-1,"Ventilation en activité",3
"S1",2000,"D","P2","_T","E",-1,"Ventilation en activité",3
"S1",2000,"D","P2","_T","F",-1,"Ventilation en activité",3
"S1",2000,"D","P2","_T","G",-1,"Ventilation en activité",3
"S1",2000,"D","P2","_T","H",-1,"Ventilation en activité",3
"S1",2000,"D","P2","_T","I",-1,"Ventilation en activité",3
"S1",2000,"D","P2","_T","J",-1,"Ventilation en activité",3
"S1",2000,"D","P2","_T","K",-1,"Ventilation en activité",3
"S1",2000,"D","P2","_T","L",-1,"Ventilation en activité",3
"S1",2000,"D","P2","_T","M",-1,"Ventilation en activité",3
"S1",2000,"D","P2","_T","N",-1,"Ventilation en activité",3
"S1",2000,"D","P2","_T","O",-1,"Ventilation en activité",3
"S1",2000,"D","P2","_T","P",-1,"Ventilation en activité",3
"S1",2000,"D","P2","_T","Q",-1,"Ventilation en activité",3
"S1",2000,"D","P2","_T","R",-1,"Ventilation en activité",3
"S1",2000,"D","P2","_T","S",-1,"Ventilation en activité",3
"S1",1991,"D","D11","_T","_T",1,"Ventilation en activité",4
"S1",1991,"D","D11","_T","A",-1,"Ventilation en activité",4
"S1",1991,"D","D11","_T","B",-1,"Ventilation en activité",4
"S1",1991,"D","D11","_T","C",-1,"Ventilation en activité",4
"S1",1991,"D","D11","_T","D",-1,"Ventilation en activité",4
"S1",1991,"D","D11","_T","E",-1,"Ventilation en activité",4
"S1",1991,"D","D11","_T","F",-1,"Ventilation en activité",4
"S1",1991,"D","D11","_T","G",-1,"Ventilation en activité",4
"S1",1991,"D","D11","_T","H",-1,"Ventilation en activité",4
"S1",1991,"D","D11","_T","I",-1,"Ventilation en activité",4
"S1",1991,"D","D11","_T","J",-1,"Ventilation en activité",4
"S1",1991,"D","D11","_T","K",-1,"Ventilation en activité",4
"S1",1991,"D","D11","_T","L",-1,"Ventilation en activité",4
"S1",1991,"D","D11","_T","M",-1,"Ventilation en activité",4
"S1",1991,"D","D11","_T","N",-1,"Ventilation en activité",4
"S1",1991,"D","D11","_T","O",-1,"Ventilation en activité",4
"S1",1991,"D","D11","_T","P",-1,"Ventilation en activité",4
"S1",1991,"D","D11","_T","Q",-1,"Ventilation en activité",4
"S1",1991,"D","D11","_T","R",-1,"Ventilation en activité",4
"S1",1991,"D","D11","_T","S",-1,"Ventilation en activité",4
"S1",1991,"D","D11","_T","T",-1,"Ventilation en activité",4
"S1",2019,"B","B1G","_T","_T",1,"Ventilation en activité",5
"S1",2019,"B","B1G","_T","A",-1,"Ventilation en activité",5
"S1",2019,"B","B1G","_T","B",-1,"Ventilation en activité",5
"S1",2019,"B","B1G","_T","C",-1,"Ventilation en activité",5
"S1",2019,"B","B1G","_T","D",-1,"Ventilation en activité",5
"S1",2019,"B","B1G","_T","E",-1,"Ventilation en activité",5
"S1",2019,"B","B1G","_T","F",-1,"Ventilation en activité",5
"S1",2019,"B","B1G","_T","G",-1,"Ventilation en activité",5
"S1",2019,"B","B1G","_T","H",-1,"Ventilation en activité",5
"S1",2019,"B","B1G","_T","I",-1,"Ventilation en activité",5
"S1",2019,"B","B1G","_T","J",-1,"Ventilation en activité",5
"S1",2019,"B","B1G","_T","K",-1,"Ventilation en activité",5
"S1",2019,"B","B1G","_T","L",-1,"Ventilation en activité",5
"S1",2019,"B","B1G","_T","M",-1,"Ventilation en activité",5
"S1",2019,"B","B1G","_T","N",-1,"Ventilation en activité",5
"S1",2019,"B","B1G","_T","O",-1,"Ventilation en activité",5
"S1",2019,"B","B1G","_T","P",-1,"Ventilation en activité",5
"S1",2019,"B","B1G","_T","Q",-1,"Ventilation en activité",5
"S1",2019,"B","B1G","_T","R",-1,"Ventilation en activité",5
"S1",2019,"B","B1G","_T","S",-1,"Ventilation en activité",5
"S1",2019,"B","B1G","_T","T",-1,"Ventilation en activité",5
"S1",2005,"D","D11","_T","_T",1,"Ventilation en activité",6
"S1",2005,"D","D11","_T","A",-1,"Ventilation en activité",6
"S1",2005,"D","D11","_T","B",-1,"Ventilation en activité",6
"S1",2005,"D","D11","_T","C",-1,"Ventilation en activité",6
"S1",2005,"D","D11","_T","D",-1,"Ventilation en activité",6
"S1",2005,"D","D11","_T","E",-1,"Ventilation en activité",6
"S1",2005,"D","D11","_T","F",-1,"Ventilation en activité",6
"S1",2005,"D","D11","_T","G",-1,"Ventilation en activité",6
"S1",2005,"D","D11","_T","H",-1,"Ventilation en activité",6
"S1",2005,"D","D11","_T","I",-1,"Ventilation en activité",6
"S1",2005,"D","D11","_T","J",-1,"Ventilation en activité",6
"S1",2005,"D","D11","_T","K",-1,"Ventilation en activité",6
"S1",2005,"D","D11","_T","L",-1,"Ventilation en activité",6
"S1",2005,"D","D11","_T","M",-1,"Ventilation en activité",6
"S1",2005,"D","D11","_T","N",-1,"Ventilation en activité",6
"S1",2005,"D","D11","_T","O",-1,"Ventilation en activité",6
"S1",2005,"D","D11","_T","P",-1,"Ventilation en activité",6
"S1",2005,"D","D11","_T","Q",-1,"Ventilation en activité",6
"S1",2005,"D","D11","_T","R",-1,"Ventilation en activité",6
"S1",2005,"D","D11","_T","S",-1,"Ventilation en activité",6
"S1",2005,"D","D11","_T","T",-1,"Ventilation en activité",6
"S1",2006,"D","P2","_T","_T",1,"Ventilation en activité",7
"S1",2006,"D","P2","_T","A",-1,"Ventilation en activité",7
"S1",2006,"D","P2","_T","B",-1,"Ventilation en activité",7
"S1",2006,"D","P2","_T","C",-1,"Ventilation en activité",7
"S1",2006,"D","P2","_T","D",-1,"Ventilation en activité",7
"S1",2006,"D","P2","_T","E",-1,"Ventilation en activité",7
"S1",2006,"D","P2","_T","F",-1,"Ventilation en activité",7
"S1",2006,"D","P2","_T","G",-1,"Ventilation en activité",7
"S1",2006,"D","P2","_T","H",-1,"Ventilation en activité",7
"S1",2006,"D","P2","_T","I",-1,"Ventilation en activité",7
"S1",2006,"D","P2","_T","J",-1,"Ventilation en activité",7
"S1",2006,"D","P2","_T","K",-1,"Ventilation en activité",7
"S1",2006,"D","P2","_T","L",-1,"Ventilation en activité",7
"S1",2006,"D","P2","_T","M",-1,"Ventilation en activité",7
"S1",2006,"D","P2","_T","N",-1,"Ventilation en activité",7
"S1",2006,"D","P2","_T","O",-1,"Ventilation en activité",7
"S1",2006,"D","P2","_T","P",-1,"Ventilation en activité",7
"S1",2006,"D","P2","_T","Q",-1,"Ventilation en activité",7
"S1",2006,"D","P2","_T","R",-1,"Ventilation en activité",7
"S1",2006,"D","P2","_T","S",-1,"Ventilation en activité",7
"S1",2016,"B","B1G","_T","_T",1,"Ventilation en activité",8
"S1",2016,"B","B1G","_T","A",-1,"Ventilation en activité",8
"S1",2016,"B","B1G","_T","B",-1,"Ventilation en activité",8
"S1",2016,"B","B1G","_T","C",-1,"Ventilation en activité",8
"S1",2016,"B","B1G","_T","D",-1,"Ventilation en activité",8
"S1",2016,"B","B1G","_T","E",-1,"Ventilation en activité",8
"S1",2016,"B","B1G","_T","F",-1,"Ventilation en activité",8
"S1",2016,"B","B1G","_T","G",-1,"Ventilation en activité",8
"S1",2016,"B","B1G","_T","H",-1,"Ventilation en activité",8
"S1",2016,"B","B1G","_T","I",-1,"Ventilation en activité",8
"S1",2016,"B","B1G","_T","J",-1,"Ventilation en activité",8
"S1",2016,"B","B1G","_T","K",-1,"Ventilation en activité",8
"S1",2016,"B","B1G","_T","L",-1,"Ventilation en activité",8
"S1",2016,"B","B1G","_T","M",-1,"Ventilation en activité",8
"S1",2016,"B","B1G","_T","N",-1,"Ventilation en activité",8
"S1",2016,"B","B1G","_T","O",-1,"Ventilation en activité",8
"S1",2016,"B","B1G","_T","P",-1,"Ventilation en activité",8
"S1",2016,"B","B1G","_T","Q",-1,"Ventilation en activité",8
"S1",2016,"B","B1G","_T","R",-1,"Ventilation en activité",8
"S1",2016,"B","B1G","_T","S",-1,"Ventilation en activité",8
"S1",2016,"B","B1G","_T","T",-1,"Ventilation en activité",8
"S1",1993,"B","B1G","_T","_T",1,"Ventilation en activité",9
"S1",1993,"B","B1G","_T","A",-1,"Ventilation en activité",9
"S1",1993,"B","B1G","_T","B",-1,"Ventilation en activité",9
"S1",1993,"B","B1G","_T","C",-1,"Ventilation en activité",9
"S1",1993,"B","B1G","_T","D",-1,"Ventilation en activité",9
"S1",1993,"B","B1G","_T","E",-1,"Ventilation en activité",9
"S1",1993,"B","B1G","_T","F",-1,"Ventilation en activité",9
"S1",1993,"B","B1G","_T","G",-1,"Ventilation en activité",9
"S1",1993,"B","B1G","_T","H",-1,"Ventilation en activité",9
"S1",1993,"B","B1G","_T","I",-1,"Ventilation en activité",9
"S1",1993,"B","B1G","_T","J",-1,"Ventilation en activité",9
"S1",1993,"B","B1G","_T","K",-1,"Ventilation en activité",9
"S1",1993,"B","B1G","_T","L",-1,"Ventilation en activité",9
"S1",1993,"B","B1G","_T","M",-1,"Ventilation en activité",9
"S1",1993,"B","B1G","_T","N",-1,"Ventilation en activité",9
"S1",1993,"B","B1G","_T","O",-1,"Ventilation en activité",9
"S1",1993,"B","B1G","_T","P",-1,"Ventilation en activité",9
"S1",1993,"B","B1G","_T","Q",-1,"Ventilation en activité",9
"S1",1993,"B","B1G","_T","R",-1,"Ventilation en activité",9
"S1",1993,"B","B1G","_T","S",-1,"Ventilation en activité",9
"S1",1993,"B","B1G","_T","T",-1,"Ventilation en activité",9
"S1",1983,"D","P51C","_T","_T",1,"Ventilation en activité",10
"S1",1983,"D","P51C","_T","A",-1,"Ventilation en activité",10
"S1",1983,"D","P51C","_T","B",-1,"Ventilation en activité",10
"S1",1983,"D","P51C","_T","C",-1,"Ventilation en activité",10
"S1",1983,"D","P51C","_T","D",-1,"Ventilation en activité",10
"S1",1983,"D","P51C","_T","E",-1,"Ventilation en activité",10
"S1",1983,"D","P51C","_T","F",-1,"Ventilation en activité",10
"S1",1983,"D","P51C","_T","G",-1,"Ventilation en activité",10
"S1",1983,"D","P51C","_T","H",-1,"Ventilation en activité",10
"S1",1983,"D","P51C","_T","I",-1,"Ventilation en activité",10
"S1",1983,"D","P51C","_T","J",-1,"Ventilation en activité",10
"S1",1983,"D","P51C","_T","K",-1,"Ventilation en activité",10
"S1",1983,"D","P51C","_T","L",-1,"Ventilation en activité",10
"S1",1983,"D","P51C","_T","M",-1,"Ventilation en activité",10
"S1",1983,"D","P51C","_T","N",-1,"Ventilation en activité",10
"S1",1983,"D","P51C","_T","O",-1,"Ventilation en activité",10
"S1",1983,"D","P51C","_T","P",-1,"Ventilation en activité",10
"S1",1983,"D","P51C","_T","Q",-1,"Ventilation en activité",10
"S1",1983,"D","P51C","_T","R",-1,"Ventilation en activité",10
"S1",1983,"D","P51C","_T","S",-1,"Ventilation en activité",10
"S1",1986,"C","P1","_T","_T",1,"Ventilation en activité",11
"S1",1986,"C","P1","_T","A",-1,"Ventilation en activité",11
"S1",1986,"C","P1","_T","B",-1,"Ventilation en activité",11
"S1",1986,"C","P1","_T","C",-1,"Ventilation en activité",11
"S1",1986,"C","P1","_T","D",-1,"Ventilation en activité",11
"S1",1986,"C","P1","_T","E",-1,"Ventilation en activité",11
"S1",1986,"C","P1","_T","F",-1,"Ventilation en activité",11
"S1",1986,"C","P1","_T","G",-1,"Ventilation en activité",11
"S1",1986,"C","P1","_T","H",-1,"Ventilation en activité",11
"S1",1986,"C","P1","_T","I",-1,"Ventilation en activité",11
"S1",1986,"C","P1","_T","J",-1,"Ventilation en activité",11
"S1",1986,"C","P1","_T","K",-1,"Ventilation en activité",11
"S1",1986,"C","P1","_T","L",-1,"Ventilation en activité",11
"S1",1986,"C","P1","_T","M",-1,"Ventilation en activité",11
"S1",1986,"C","P1","_T","N",-1,"Ventilation en activité",11
"S1",1986,"C","P1","_T","O",-1,"Ventilation en activité",11
"S1",1986,"C","P1","_T","P",-1,"Ventilation en activité",11
"S1",1986,"C","P1","_T","Q",-1,"Ventilation en activité",11
"S1",1986,"C","P1","_T","R",-1,"Ventilation en activité",11
"S1",1986,"C","P1","_T","S",-1,"Ventilation en activité",11
"S1",1986,"C","P1","_T","T",-1,"Ventilation en activité",11
"S1",2021,"D","P52","_T","_T",1,"Ventilation en activité",12
"S1",2021,"D","P52","_T","A",-1,"Ventilation en activité",12
"S1",2021,"D","P52","_T","B",-1,"Ventilation en activité",12
"S1",2021,"D","P52","_T","C",-1,"Ventilation en activité",12
"S1",2021,"D","P52","_T","D",-1,"Ventilation en activité",12
"S1",2021,"D","P52","_T","E",-1,"Ventilation en activité",12
"S1",2021,"D","P52","_T","F",-1,"Ventilation en activité",12
"S1",2021,"D","P52","_T","G",-1,"Ventilation en activité",12
"S1",2021,"D","P52","_T","H",-1,"Ventilation en activité",12
"S1",2021,"D","P52","_T","I",-1,"Ventilation en activité",12
"S1",2021,"D","P52","_T","J",-1,"Ventilation en activité",12
"S1",2021,"D","P52","_T","K",-1,"Ventilation en activité",12
"S1",2021,"D","P52","_T","L",-1,"Ventilation en activité",12
"S1",2021,"D","P52","_T","M",-1,"Ventilation en activité",12
"S1",2021,"D","P52","_T","N",-1,"Ventilation en activité",12
"S1",2021,"D","P52","_T","O",-1,"Ventilation en activité",12
"S1",2021,"D","P52","_T","P",-1,"Ventilation en activité",12
"S1",2021,"D","P52","_T","Q",-1,"Ventilation en activité",12
"S1",2021,"D","P52","_T","R",-1,"Ventilation en activité",12
"S1",2021,"D","P52","_T","S",-1,"Ventilation en activité",12
"S1",2021,"D","P52","_T","T",-1,"Ventilation en activité",12
"S1",2021,"D","P52","_T","U",-1,"Ventilation en activité",12
"S1",2006,"D","D1","_T","_T",1,"Ventilation en activité",13
"S1",2006,"D","D1","_T","A",-1,"Ventilation en activité",13
"S1",2006,"D","D1","_T","B",-1,"Ventilation en activité",13
"S1",2006,"D","D1","_T","C",-1,"Ventilation en activité",13
"S1",2006,"D","D1","_T","D",-1,"Ventilation en activité",13
"S1",2006,"D","D1","_T","E",-1,"Ventilation en activité",13
"S1",2006,"D","D1","_T","F",-1,"Ventilation en activité",13
"S1",2006,"D","D1","_T","G",-1,"Ventilation en activité",13
"S1",2006,"D","D1","_T","H",-1,"Ventilation en activité",13
"S1",2006,"D","D1","_T","I",-1,"Ventilation en activité",13
"S1",2006,"D","D1","_T","J",-1,"Ventilation en activité",13
"S1",2006,"D","D1","_T","K",-1,"Ventilation en activité",13
"S1",2006,"D","D1","_T","L",-1,"Ventilation en activité",13
"S1",2006,"D","D1","_T","M",-1,"Ventilation en activité",13
"S1",2006,"D","D1","_T","N",-1,"Ventilation en activité",13
"S1",2006,"D","D1","_T","O",-1,"Ventilation en activité",13
"S1",2006,"D","D1","_T","P",-1,"Ventilation en activité",13
"S1",2006,"D","D1","_T","Q",-1,"Ventilation en activité",13
"S1",2006,"D","D1","_T","R",-1,"Ventilation en activité",13
"S1",2006,"D","D1","_T","S",-1,"Ventilation en activité",13
"S1",2006,"D","D1","_T","T",-1,"Ventilation en activité",13
"S1",1998,"D","P2","_T","_T",1,"Ventilation en activité",14
"S1",1998,"D","P2","_T","A",-1,"Ventilation en activité",14
"S1",1998,"D","P2","_T","B",-1,"Ventilation en activité",14
"S1",1998,"D","P2","_T","C",-1,"Ventilation en activité",14
"S1",1998,"D","P2","_T","D",-1,"Ventilation en activité",14
"S1",1998,"D","P2","_T","E",-1,"Ventilation en activité",14
"S1",1998,"D","P2","_T","F",-1,"Ventilation en activité",14
"S1",1998,"D","P2","_T","G",-1,"Ventilation en activité",14
"S1",1998,"D","P2","_T","H",-1,"Ventilation en activité",14
"S1",1998,"D","P2","_T","I",-1,"Ventilation en activité",14
"S1",1998,"D","P2","_T","J",-1,"Ventilation en activité",14
"S1",1998,"D","P2","_T","K",-1,"Ventilation en activité",14
"S1",1998,"D","P2","_T","L",-1,"Ventilation en activité",14
"S1",1998,"D","P2","_T","M",-1,"Ventilation en activité",14
"S1",1998,"D","P2","_T","N",-1,"Ventilation en activité",14
"S1",1998,"D","P2","_T","O",-1,"Ventilation en activité",14
"S1",1998,"D","P2","_T","P",-1,"Ventilation en activité",14
"S1",1998,"D","P2","_T","Q",-1,"Ventilation en activité",14
"S1",1998,"D","P2","_T","R",-1,"Ventilation en activité",14
"S1",1998,"D","P2","_T","S",-1,"Ventilation en activité",14
"S1",2018,"D","D1","_T","_T",1,"Ventilation en activité",15
"S1",2018,"D","D1","_T","A",-1,"Ventilation en activité",15
"S1",2018,"D","D1","_T","B",-1,"Ventilation en activité",15
"S1",2018,"D","D1","_T","C",-1,"Ventilation en activité",15
"S1",2018,"D","D1","_T","D",-1,"Ventilation en activité",15
"S1",2018,"D","D1","_T","E",-1,"Ventilation en activité",15
"S1",2018,"D","D1","_T","F",-1,"Ventilation en activité",15
"S1",2018,"D","D1","_T","G",-1,"Ventilation en activité",15
"S1",2018,"D","D1","_T","H",-1,"Ventilation en activité",15
"S1",2018,"D","D1","_T","I",-1,"Ventilation en activité",15
"S1",2018,"D","D1","_T","J",-1,"Ventilation en activité",15
"S1",2018,"D","D1","_T","K",-1,"Ventilation en activité",15
"S1",2018,"D","D1","_T","L",-1,"Ventilation en activité",15
"S1",2018,"D","D1","_T","M",-1,"Ventilation en activité",15
"S1",2018,"D","D1","_T","N",-1,"Ventilation en activité",15
"S1",2018,"D","D1","_T","O",-1,"Ventilation en activité",15
"S1",2018,"D","D1","_T","P",-1,"Ventilation en activité",15
"S1",2018,"D","D1","_T","Q",-1,"Ventilation en activité",15
"S1",2018,"D","D1","_T","R",-1,"Ventilation en activité",15
"S1",2018,"D","D1","_T","S",-1,"Ventilation en activité",15
"S1",2018,"D","D1","_T","T",-1,"Ventilation en activité",15
"S1",1988,"B","B1G","_T","_T",1,"Ventilation en activité",16
"S1",1988,"B","B1G","_T","A",-1,"Ventilation en activité",16
"S1",1988,"B","B1G","_T","B",-1,"Ventilation en activité",16
"S1",1988,"B","B1G","_T","C",-1,"Ventilation en activité",16
"S1",1988,"B","B1G","_T","D",-1,"Ventilation en activité",16
"S1",1988,"B","B1G","_T","E",-1,"Ventilation en activité",16
"S1",1988,"B","B1G","_T","F",-1,"Ventilation en activité",16
"S1",1988,"B","B1G","_T","G",-1,"Ventilation en activité",16
"S1",1988,"B","B1G","_T","H",-1,"Ventilation en activité",16
"S1",1988,"B","B1G","_T","I",-1,"Ventilation en activité",16
"S1",1988,"B","B1G","_T","J",-1,"Ventilation en activité",16
"S1",1988,"B","B1G","_T","K",-1,"Ventilation en activité",16
"S1",1988,"B","B1G","_T","L",-1,"Ventilation en activité",16
"S1",1988,"B","B1G","_T","M",-1,"Ventilation en activité",16
"S1",1988,"B","B1G","_T","N",-1,"Ventilation en activité",16
"S1",1988,"B","B1G","_T","O",-1,"Ventilation en activité",16
"S1",1988,"B","B1G","_T","P",-1,"Ventilation en activité",16
"S1",1988,"B","B1G","_T","Q",-1,"Ventilation en activité",16
"S1",1988,"B","B1G","_T","R",-1,"Ventilation en activité",16
"S1",1988,"B","B1G","_T","S",-1,"Ventilation en activité",16
"S1",1988,"B","B1G","_T","T",-1,"Ventilation en activité",16
"S1",2014,"D","P52","_T","_T",1,"Ventilation en activité",17
"S1",2014,"D","P52","_T","A",-1,"Ventilation en activité",17
"S1",2014,"D","P52","_T","B",-1,"Ventilation en activité",17
"S1",2014,"D","P52","_T","C",-1,"Ventilation en activité",17
"S1",2014,"D","P52","_T","D",-1,"Ventilation en activité",17
"S1",2014,"D","P52","_T","E",-1,"Ventilation en activité",17
"S1",2014,"D","P52","_T","F",-1,"Ventilation en activité",17
"S1",2014,"D","P52","_T","G",-1,"Ventilation en activité",17
"S1",2014,"D","P52","_T","H",-1,"Ventilation en activité",17
"S1",2014,"D","P52","_T","I",-1,"Ventilation en activité",17
"S1",2014,"D","P52","_T","J",-1,"Ventilation en activité",17
"S1",2014,"D","P52","_T","K",-1,"Ventilation en activité",17
"S1",2014,"D","P52","_T","L",-1,"Ventilation en activité",17
"S1",2014,"D","P52","_T","M",-1,"Ventilation en activité",17
"S1",2014,"D","P52","_T","N",-1,"Ventilation en activité",17
"S1",2014,"D","P52","_T","O",-1,"Ventilation en activité",17
"S1",2014,"D","P52","_T","P",-1,"Ventilation en activité",17
"S1",2014,"D","P52","_T","Q",-1,"Ventilation en activité",17
"S1",2014,"D","P52","_T","R",-1,"Ventilation en activité",17
"S1",2014,"D","P52","_T","S",-1,"Ventilation en activité",17
"S1",2014,"D","P52","_T","T",-1,"Ventilation en activité",17
"S1",2014,"D","P52","_T","U",-1,"Ventilation en activité",17
"S1",2022,"D","D1","_T","_T",1,"Ventilation en activité",18
"S1",2022,"D","D1","_T","A",-1,"Ventilation en activité",18
"S1",2022,"D","D1","_T","B",-1,"Ventilation en activité",18
"S1",2022,"D","D1","_T","C",-1,"Ventilation en activité",18
"S1",2022,"D","D1","_T","D",-1,"Ventilation en activité",18
"S1",2022,"D","D1","_T","E",-1,"Ventilation en activité",18
"S1",2022,"D","D1","_T","F",-1,"Ventilation en activité",18
"S1",2022,"D","D1","_T","G",-1,"Ventilation en activité",18
"S1",2022,"D","D1","_T","H",-1,"Ventilation en activité",18
"S1",2022,"D","D1","_T","I",-1,"Ventilation en activité",18
"S1",2022,"D","D1","_T","J",-1,"Ventilation en activité",18
"S1",2022,"D","D1","_T","K",-1,"Ventilation en activité",18
"S1",2022,"D","D1","_T","L",-1,"Ventilation en activité",18
"S1",2022,"D","D1","_T","M",-1,"Ventilation en activité",18
"S1",2022,"D","D1","_T","N",-1,"Ventilation en activité",18
"S1",2022,"D","D1","_T","O",-1,"Ventilation en activité",18
"S1",2022,"D","D1","_T","P",-1,"Ventilation en activité",18
"S1",2022,"D","D1","_T","Q",-1,"Ventilation en activité",18
"S1",2022,"D","D1","_T","R",-1,"Ventilation en activité",18
"S1",2022,"D","D1","_T","S",-1,"Ventilation en activité",18
"S1",2022,"D","D1","_T","T",-1,"Ventilation en activité",18
"S1",2008,"B","B1G","_T","_T",1,"Ventilation en activité",19
"S1",2008,"B","B1G","_T","A",-1,"Ventilation en activité",19
"S1",2008,"B","B1G","_T","B",-1,"Ventilation en activité",19
"S1",2008,"B","B1G","_T","C",-1,"Ventilation en activité",19
"S1",2008,"B","B1G","_T","D",-1,"Ventilation en activité",19
"S1",2008,"B","B1G","_T","E",-1,"Ventilation en activité",19
"S1",2008,"B","B1G","_T","F",-1,"Ventilation en activité",19
"S1",2008,"B","B1G","_T","G",-1,"Ventilation en activité",19
"S1",2008,"B","B1G","_T","H",-1,"Ventilation en activité",19
"S1",2008,"B","B1G","_T","I",-1,"Ventilation en activité",19
"S1",2008,"B","B1G","_T","J",-1,"Ventilation en activité",19
"S1",2008,"B","B1G","_T","K",-1,"Ventilation en activité",19
"S1",2008,"B","B1G","_T","L",-1,"Ventilation en activité",19
"S1",2008,"B","B1G","_T","M",-1,"Ventilation en activité",19
"S1",2008,"B","B1G","_T","N",-1,"Ventilation en activité",19
"S1",2008,"B","B1G","_T","O",-1,"Ventilation en activité",19
"S1",2008,"B","B1G","_T","P",-1,"Ventilation en activité",19
"S1",2008,"B","B1G","_T","Q",-1,"Ventilation en activité",19
"S1",2008,"B","B1G","_T","R",-1,"Ventilation en activité",19
"S1",2008,"B","B1G","_T","S",-1,"Ventilation en activité",19
"S1",2008,"B","B1G","_T","T",-1,"Ventilation en activité",19
"S1",2020,"D","P2","_T","_T",1,"Ventilation en activité",20
"S1",2020,"D","P2","_T","A",-1,"Ventilation en activité",20
"S1",2020,"D","P2","_T","B",-1,"Ventilation en activité",20
"S1",2020,"D","P2","_T","C",-1,"Ventilation en activité",20
"S1",2020,"D","P2","_T","D",-1,"Ventilation en activité",20
"S1",2020,"D","P2","_T","E",-1,"Ventilation en activité",20
"S1",2020,"D","P2","_T","F",-1,"Ventilation en activité",20
"S1",2020,"D","P2","_T","G",-1,"Ventilation en activité",20
"S1",2020,"D","P2","_T","H",-1,"Ventilation en activité",20
"S1",2020,"D","P2","_T","I",-1,"Ventilation en activité",20
"S1",2020,"D","P2","_T","J",-1,"Ventilation en activité",20
"S1",2020,"D","P2","_T","K",-1,"Ventilation en activité",20
"S1",2020,"D","P2","_T","L",-1,"Ventilation en activité",20
"S1",2020,"D","P2","_T","M",-1,"Ventilation en activité",20
"S1",2020,"D","P2","_T","N",-1,"Ventilation en activité",20
"S1",2020,"D","P2","_T","O",-1,"Ventilation en activité",20
"S1",2020,"D","P2","_T","P",-1,"Ventilation en activité",20
"S1",2020,"D","P2","_T","Q",-1,"Ventilation en activité",20
"S1",2020,"D","P2","_T","R",-1,"Ventilation en activité",20
"S1",2020,"D","P2","_T","S",-1,"Ventilation en activité",20
"S1",2022,"B","B1G","_T","_T",1,"Ventilation en activité",21
"S1",2022,"B","B1G","_T","A",-1,"Ventilation en activité",21
"S1",2022,"B","B1G","_T","B",-1,"Ventilation en activité",21
"S1",2022,"B","B1G","_T","C",-1,"Ventilation en activité",21
"S1",2022,"B","B1G","_T","D",-1,"Ventilation en activité",21
"S1",2022,"B","B1G","_T","E",-1,"Ventilation en activité",21
"S1",2022,"B","B1G","_T","F",-1,"Ventilation en activité",21
"S1",2022,"B","B1G","_T","G",-1,"Ventilation en activité",21
"S1",2022,"B","B1G","_T","H",-1,"Ventilation en activité",21
"S1",2022,"B","B1G","_T","I",-1,"Ventilation en activité",21
"S1",2022,"B","B1G","_T","J",-1,"Ventilation en activité",21
"S1",2022,"B","B1G","_T","K",-1,"Ventilation en activité",21
"S1",2022,"B","B1G","_T","L",-1,"Ventilation en activité",21
"S1",2022,"B","B1G","_T","M",-1,"Ventilation en activité",21
"S1",2022,"B","B1G","_T","N",-1,"Ventilation en activité",21
"S1",2022,"B","B1G","_T","O",-1,"Ventilation en activité",21
"S1",2022,"B","B1G","_T","P",-1,"Ventilation en activité",21
"S1",2022,"B","B1G","_T","Q",-1,"Ventilation en activité",21
"S1",2022,"B","B1G","_T","R",-1,"Ventilation en activité",21
"S1",2022,"B","B1G","_T","S",-1,"Ventilation en activité",21
"S1",2022,"B","B1G","_T","T",-1,"Ventilation en activité",21
"S1",2015,"D","D1","_T","_T",1,"Ventilation en activité",22
"S1",2015,"D","D1","_T","A",-1,"Ventilation en activité",22
"S1",2015,"D","D1","_T","B",-1,"Ventilation en activité",22
"S1",2015,"D","D1","_T","C",-1,"Ventilation en activité",22
"S1",2015,"D","D1","_T","D",-1,"Ventilation en activité",22
"S1",2015,"D","D1","_T","E",-1,"Ventilation en activité",22
"S1",2015,"D","D1","_T","F",-1,"Ventilation en activité",22
"S1",2015,"D","D1","_T","G",-1,"Ventilation en activité",22
"S1",2015,"D","D1","_T","H",-1,"Ventilation en activité",22
"S1",2015,"D","D1","_T","I",-1,"Ventilation en activité",22
"S1",2015,"D","D1","_T","J",-1,"Ventilation en activité",22
"S1",2015,"D","D1","_T","K",-1,"Ventilation en activité",22
"S1",2015,"D","D1","_T","L",-1,"Ventilation en activité",22
"S1",2015,"D","D1","_T","M",-1,"Ventilation en activité",22
"S1",2015,"D","D1","_T","N",-1,"Ventilation en activité",22
"S1",2015,"D","D1","_T","O",-1,"Ventilation en activité",22
"S1",2015,"D","D1","_T","P",-1,"Ventilation en activité",22
"S1",2015,"D","D1","_T","Q",-1,"Ventilation en activité",22
"S1",2015,"D","D1","_T","R",-1,"Ventilation en activité",22
"S1",2015,"D","D1","_T","S",-1,"Ventilation en activité",22
"S1",2015,"D","D1","_T","T",-1,"Ventilation en activité",22
"S1",1994,"D","P2","_T","_T",1,"Ventilation en activité",23
"S1",1994,"D","P2","_T","A",-1,"Ventilation en activité",23
"S1",1994,"D","P2","_T","B",-1,"Ventilation en activité",23
"S1",1994,"D","P2","_T","C",-1,"Ventilation en activité",23
"S1",1994,"D","P2","_T","D",-1,"Ventilation en activité",23
"S1",1994,"D","P2","_T","E",-1,"Ventilation en activité",23
"S1",1994,"D","P2","_T","F",-1,"Ventilation en activité",23
"S1",1994,"D","P2","_T","G",-1,"Ventilation en activité",23
"S1",1994,"D","P2","_T","H",-1,"Ventilation en activité",23
"S1",1994,"D","P2","_T","I",-1,"Ventilation en activité",23
"S1",1994,"D","P2","_T","J",-1,"Ventilation en activité",23
"S1",1994,"D","P2","_T","K",-1,"Ventilation en activité",23
"S1",1994,"D","P2","_T","L",-1,"Ventilation en activité",23
"S1",1994,"D","P2","_T","M",-1,"Ventilation en activité",23
"S1",1994,"D","P2","_T","N",-1,"Ventilation en activité",23
"S1",1994,"D","P2","_T","O",-1,"Ventilation en activité",23
"S1",1994,"D","P2","_T","P",-1,"Ventilation en activité",23
"S1",1994,"D","P2","_T","Q",-1,"Ventilation en activité",23
"S1",1994,"D","P2","_T","R",-1,"Ventilation en activité",23
"S1",1994,"D","P2","_T","S",-1,"Ventilation en activité",23
"S1",2009,"B","B1G","_T","_T",1,"Ventilation en activité",24
"S1",2009,"B","B1G","_T","A",-1,"Ventilation en activité",24
"S1",2009,"B","B1G","_T","B",-1,"Ventilation en activité",24
"S1",2009,"B","B1G","_T","C",-1,"Ventilation en activité",24
"S1",2009,"B","B1G","_T","D",-1,"Ventilation en activité",24
"S1",2009,"B","B1G","_T","E",-1,"Ventilation en activité",24
"S1",2009,"B","B1G","_T","F",-1,"Ventilation en activité",24
"S1",2009,"B","B1G","_T","G",-1,"Ventilation en activité",24
"S1",2009,"B","B1G","_T","H",-1,"Ventilation en activité",24
"S1",2009,"B","B1G","_T","I",-1,"Ventilation en activité",24
"S1",2009,"B","B1G","_T","J",-1,"Ventilation en activité",24
"S1",2009,"B","B1G","_T","K",-1,"Ventilation en activité",24
"S1",2009,"B","B1G","_T","L",-1,"Ventilation en activité",24
"S1",2009,"B","B1G","_T","M",-1,"Ventilation en activité",24
"S1",2009,"B","B1G","_T","N",-1,"Ventilation en activité",24
"S1",2009,"B","B1G","_T","O",-1,"Ventilation en activité",24
"S1",2009,"B","B1G","_T","P",-1,"Ventilation en activité",24
"S1",2009,"B","B1G","_T","Q",-1,"Ventilation en activité",24
"S1",2009,"B","B1G","_T","R",-1,"Ventilation en activité",24
"S1",2009,"B","B1G","_T","S",-1,"Ventilation en activité",24
"S1",2009,"B","B1G","_T","T",-1,"Ventilation en activité",24
"S1",2017,"B","B1G","_T","_T",1,"Ventilation en activité",25
"S1",2017,"B","B1G","_T","A",-1,"Ventilation en activité",25
"S1",2017,"B","B1G","_T","B",-1,"Ventilation en activité",25
"S1",2017,"B","B1G","_T","C",-1,"Ventilation en activité",25
"S1",2017,"B","B1G","_T","D",-1,"Ventilation en activité",25
"S1",2017,"B","B1G","_T","E",-1,"Ventilation en activité",25
"S1",2017,"B","B1G","_T","F",-1,"Ventilation en activité",25
"S1",2017,"B","B1G","_T","G",-1,"Ventilation en activité",25
"S1",2017,"B","B1G","_T","H",-1,"Ventilation en activité",25
"S1",2017,"B","B1G","_T","I",-1,"Ventilation en activité",25
"S1",2017,"B","B1G","_T","J",-1,"Ventilation en activité",25
"S1",2017,"B","B1G","_T","K",-1,"Ventilation en activité",25
"S1",2017,"B","B1G","_T","L",-1,"Ventilation en activité",25
"S1",2017,"B","B1G","_T","M",-1,"Ventilation en activité",25
"S1",2017,"B","B1G","_T","N",-1,"Ventilation en activité",25
"S1",2017,"B","B1G","_T","O",-1,"Ventilation en activité",25
"S1",2017,"B","B1G","_T","P",-1,"Ventilation en activité",25
"S1",2017,"B","B1G","_T","Q",-1,"Ventilation en activité",25
"S1",2017,"B","B1G","_T","R",-1,"Ventilation en activité",25
"S1",2017,"B","B1G","_T","S",-1,"Ventilation en activité",25
"S1",2017,"B","B1G","_T","T",-1,"Ventilation en activité",25
"S1",2006,"B","B1G","_T","_T",1,"Ventilation en activité",26
"S1",2006,"B","B1G","_T","A",-1,"Ventilation en activité",26
"S1",2006,"B","B1G","_T","B",-1,"Ventilation en activité",26
"S1",2006,"B","B1G","_T","C",-1,"Ventilation en activité",26
"S1",2006,"B","B1G","_T","D",-1,"Ventilation en activité",26
"S1",2006,"B","B1G","_T","E",-1,"Ventilation en activité",26
"S1",2006,"B","B1G","_T","F",-1,"Ventilation en activité",26
"S1",2006,"B","B1G","_T","G",-1,"Ventilation en activité",26
"S1",2006,"B","B1G","_T","H",-1,"Ventilation en activité",26
"S1",2006,"B","B1G","_T","I",-1,"Ventilation en activité",26
"S1",2006,"B","B1G","_T","J",-1,"Ventilation en activité",26
"S1",2006,"B","B1G","_T","K",-1,"Ventilation en activité",26
"S1",2006,"B","B1G","_T","L",-1,"Ventilation en activité",26
"S1",2006,"B","B1G","_T","M",-1,"Ventilation en activité",26
"S1",2006,"B","B1G","_T","N",-1,"Ventilation en activité",26
"S1",2006,"B","B1G","_T","O",-1,"Ventilation en activité",26
"S1",2006,"B","B1G","_T","P",-1,"Ventilation en activité",26
"S1",2006,"B","B1G","_T","Q",-1,"Ventilation en activité",26
"S1",2006,"B","B1G","_T","R",-1,"Ventilation en activité",26
"S1",2006,"B","B1G","_T","S",-1,"Ventilation en activité",26
"S1",2006,"B","B1G","_T","T",-1,"Ventilation en activité",26
"S1",1996,"D","P2","_T","_T",1,"Ventilation en activité",27
"S1",1996,"D","P2","_T","A",-1,"Ventilation en activité",27
"S1",1996,"D","P2","_T","B",-1,"Ventilation en activité",27
"S1",1996,"D","P2","_T","C",-1,"Ventilation en activité",27
"S1",1996,"D","P2","_T","D",-1,"Ventilation en activité",27
"S1",1996,"D","P2","_T","E",-1,"Ventilation en activité",27
"S1",1996,"D","P2","_T","F",-1,"Ventilation en activité",27
"S1",1996,"D","P2","_T","G",-1,"Ventilation en activité",27
"S1",1996,"D","P2","_T","H",-1,"Ventilation en activité",27
"S1",1996,"D","P2","_T","I",-1,"Ventilation en activité",27
"S1",1996,"D","P2","_T","J",-1,"Ventilation en activité",27
"S1",1996,"D","P2","_T","K",-1,"Ventilation en activité",27
"S1",1996,"D","P2","_T","L",-1,"Ventilation en activité",27
"S1",1996,"D","P2","_T","M",-1,"Ventilation en activité",27
"S1",1996,"D","P2","_T","N",-1,"Ventilation en activité",27
"S1",1996,"D","P2","_T","O",-1,"Ventilation en activité",27
"S1",1996,"D","P2","_T","P",-1,"Ventilation en activité",27
"S1",1996,"D","P2","_T","Q",-1,"Ventilation en activité",27
"S1",1996,"D","P2","_T","R",-1,"Ventilation en activité",27
"S1",1996,"D","P2","_T","S",-1,"Ventilation en activité",27
"S1",1998,"D","D11","_T","_T",1,"Ventilation en activité",28
"S1",1998,"D","D11","_T","A",-1,"Ventilation en activité",28
"S1",1998,"D","D11","_T","B",-1,"Ventilation en activité",28
"S1",1998,"D","D11","_T","C",-1,"Ventilation en activité",28
"S1",1998,"D","D11","_T","D",-1,"Ventilation en activité",28
"S1",1998,"D","D11","_T","E",-1,"Ventilation en activité",28
"S1",1998,"D","D11","_T","F",-1,"Ventilation en activité",28
"S1",1998,"D","D11","_T","G",-1,"Ventilation en activité",28
"S1",1998,"D","D11","_T","H",-1,"Ventilation en activité",28
"S1",1998,"D","D11","_T","I",-1,"Ventilation en activité",28
"S1",1998,"D","D11","_T","J",-1,"Ventilation en activité",28
"S1",1998,"D","D11","_T","K",-1,"Ventilation en activité",28
"S1",1998,"D","D11","_T","L",-1,"Ventilation en activité",28
"S1",1998,"D","D11","_T","M",-1,"Ventilation en activité",28
"S1",1998,"D","D11","_T","N",-1,"Ventilation en activité",28
"S1",1998,"D","D11","_T","O",-1,"Ventilation en activité",28
"S1",1998,"D","D11","_T","P",-1,"Ventilation en activité",28
"S1",1998,"D","D11","_T","Q",-1,"Ventilation en activité",28
"S1",1998,"D","D11","_T","R",-1,"Ventilation en activité",28
"S1",1998,"D","D11","_T","S",-1,"Ventilation en activité",28
"S1",1998,"D","D11","_T","T",-1,"Ventilation en activité",28
"S1",2011,"C","P1","_T","_T",1,"Ventilation en activité",29
"S1",2011,"C","P1","_T","A",-1,"Ventilation en activité",29
"S1",2011,"C","P1","_T","B",-1,"Ventilation en activité",29
"S1",2011,"C","P1","_T","C",-1,"Ventilation en activité",29
"S1",2011,"C","P1","_T","D",-1,"Ventilation en activité",29
"S1",2011,"C","P1","_T","E",-1,"Ventilation en activité",29
"S1",2011,"C","P1","_T","F",-1,"Ventilation en activité",29
"S1",2011,"C","P1","_T","G",-1,"Ventilation en activité",29
"S1",2011,"C","P1","_T","H",-1,"Ventilation en activité",29
"S1",2011,"C","P1","_T","I",-1,"Ventilation en activité",29
"S1",2011,"C","P1","_T","J",-1,"Ventilation en activité",29
"S1",2011,"C","P1","_T","K",-1,"Ventilation en activité",29
"S1",2011,"C","P1","_T","L",-1,"Ventilation en activité",29
"S1",2011,"C","P1","_T","M",-1,"Ventilation en activité",29
"S1",2011,"C","P1","_T","N",-1,"Ventilation en activité",29
"S1",2011,"C","P1","_T","O",-1,"Ventilation en activité",29
"S1",2011,"C","P1","_T","P",-1,"Ventilation en activité",29
"S1",2011,"C","P1","_T","Q",-1,"Ventilation en activité",29
"S1",2011,"C","P1","_T","R",-1,"Ventilation en activité",29
"S1",2011,"C","P1","_T","S",-1,"Ventilation en activité",29
"S1",2011,"C","P1","_T","T",-1,"Ventilation en activité",29
"S1",2007,"B","B1G","_T","_T",1,"Ventilation en activité",30
"S1",2007,"B","B1G","_T","A",-1,"Ventilation en activité",30
"S1",2007,"B","B1G","_T","B",-1,"Ventilation en activité",30
"S1",2007,"B","B1G","_T","C",-1,"Ventilation en activité",30
"S1",2007,"B","B1G","_T","D",-1,"Ventilation en activité",30
"S1",2007,"B","B1G","_T","E",-1,"Ventilation en activité",30
"S1",2007,"B","B1G","_T","F",-1,"Ventilation en activité",30
"S1",2007,"B","B1G","_T","G",-1,"Ventilation en activité",30
"S1",2007,"B","B1G","_T","H",-1,"Ventilation en activité",30
"S1",2007,"B","B1G","_T","I",-1,"Ventilation en activité",30
"S1",2007,"B","B1G","_T","J",-1,"Ventilation en activité",30
"S1",2007,"B","B1G","_T","K",-1,"Ventilation en activité",30
"S1",2007,"B","B1G","_T","L",-1,"Ventilation en activité",30
"S1",2007,"B","B1G","_T","M",-1,"Ventilation en activité",30
"S1",2007,"B","B1G","_T","N",-1,"Ventilation en activité",30
"S1",2007,"B","B1G","_T","O",-1,"Ventilation en activité",30
"S1",2007,"B","B1G","_T","P",-1,"Ventilation en activité",30
"S1",2007,"B","B1G","_T","Q",-1,"Ventilation en activité",30
"S1",2007,"B","B1G","_T","R",-1,"Ventilation en activité",30
"S1",2007,"B","B1G","_T","S",-1,"Ventilation en activité",30
"S1",2007,"B","B1G","_T","T",-1,"Ventilation en activité",30
"S1",2002,"B","B1G","_T","_T",1,"Ventilation en activité",31
"S1",2002,"B","B1G","_T","A",-1,"Ventilation en activité",31
"S1",2002,"B","B1G","_T","B",-1,"Ventilation en activité",31
"S1",2002,"B","B1G","_T","C",-1,"Ventilation en activité",31
"S1",2002,"B","B1G","_T","D",-1,"Ventilation en activité",31
"S1",2002,"B","B1G","_T","E",-1,"Ventilation en activité",31
"S1",2002,"B","B1G","_T","F",-1,"Ventilation en activité",31
"S1",2002,"B","B1G","_T","G",-1,"Ventilation en activité",31
"S1",2002,"B","B1G","_T","H",-1,"Ventilation en activité",31
"S1",2002,"B","B1G","_T","I",-1,"Ventilation en activité",31
"S1",2002,"B","B1G","_T","J",-1,"Ventilation en activité",31
"S1",2002,"B","B1G","_T","K",-1,"Ventilation en activité",31
"S1",2002,"B","B1G","_T","L",-1,"Ventilation en activité",31
"S1",2002,"B","B1G","_T","M",-1,"Ventilation en activité",31
"S1",2002,"B","B1G","_T","N",-1,"Ventilation en activité",31
"S1",2002,"B","B1G","_T","O",-1,"Ventilation en activité",31
"S1",2002,"B","B1G","_T","P",-1,"Ventilation en activité",31
"S1",2002,"B","B1G","_T","Q",-1,"Ventilation en activité",31
"S1",2002,"B","B1G","_T","R",-1,"Ventilation en activité",31
"S1",2002,"B","B1G","_T","S",-1,"Ventilation en activité",31
"S1",2002,"B","B1G","_T","T",-1,"Ventilation en activité",31
"S1",2019,"D","D1","_T","_T",1,"Ventilation en activité",32
"S1",2019,"D","D1","_T","A",-1,"Ventilation en activité",32
"S1",2019,"D","D1","_T","B",-1,"Ventilation en activité",32
"S1",2019,"D","D1","_T","C",-1,"Ventilation en activité",32
"S1",2019,"D","D1","_T","D",-1,"Ventilation en activité",32
"S1",2019,"D","D1","_T","E",-1,"Ventilation en activité",32
"S1",2019,"D","D1","_T","F",-1,"Ventilation en activité",32
"S1",2019,"D","D1","_T","G",-1,"Ventilation en activité",32
"S1",2019,"D","D1","_T","H",-1,"Ventilation en activité",32
"S1",2019,"D","D1","_T","I",-1,"Ventilation en activité",32
"S1",2019,"D","D1","_T","J",-1,"Ventilation en activité",32
"S1",2019,"D","D1","_T","K",-1,"Ventilation en activité",32
"S1",2019,"D","D1","_T","L",-1,"Ventilation en activité",32
"S1",2019,"D","D1","_T","M",-1,"Ventilation en activité",32
"S1",2019,"D","D1","_T","N",-1,"Ventilation en activité",32
"S1",2019,"D","D1","_T","O",-1,"Ventilation en activité",32
"S1",2019,"D","D1","_T","P",-1,"Ventilation en activité",32
"S1",2019,"D","D1","_T","Q",-1,"Ventilation en activité",32
"S1",2019,"D","D1","_T","R",-1,"Ventilation en activité",32
"S1",2019,"D","D1","_T","S",-1,"Ventilation en activité",32
"S1",2019,"D","D1","_T","T",-1,"Ventilation en activité",32
"S1",2001,"D","D11","_T","_T",1,"Ventilation en activité",33
"S1",2001,"D","D11","_T","A",-1,"Ventilation en activité",33
"S1",2001,"D","D11","_T","B",-1,"Ventilation en activité",33
"S1",2001,"D","D11","_T","C",-1,"Ventilation en activité",33
"S1",2001,"D","D11","_T","D",-1,"Ventilation en activité",33
"S1",2001,"D","D11","_T","E",-1,"Ventilation en activité",33
"S1",2001,"D","D11","_T","F",-1,"Ventilation en activité",33
"S1",2001,"D","D11","_T","G",-1,"Ventilation en activité",33
"S1",2001,"D","D11","_T","H",-1,"Ventilation en activité",33
"S1",2001,"D","D11","_T","I",-1,"Ventilation en activité",33
"S1",2001,"D","D11","_T","J",-1,"Ventilation en activité",33
"S1",2001,"D","D11","_T","K",-1,"Ventilation en activité",33
"S1",2001,"D","D11","_T","L",-1,"Ventilation en activité",33
"S1",2001,"D","D11","_T","M",-1,"Ventilation en activité",33
"S1",2001,"D","D11","_T","N",-1,"Ventilation en activité",33
"S1",2001,"D","D11","_T","O",-1,"Ventilation en activité",33
"S1",2001,"D","D11","_T","P",-1,"Ventilation en activité",33
"S1",2001,"D","D11","_T","Q",-1,"Ventilation en activité",33
"S1",2001,"D","D11","_T","R",-1,"Ventilation en activité",33
"S1",2001,"D","D11","_T","S",-1,"Ventilation en activité",33
"S1",2001,"D","D11","_T","T",-1,"Ventilation en activité",33
"S1",1999,"B","B2A3N","_T","_T",1,"Ventilation en activité",34
"S1",1999,"B","B2A3N","_T","A",-1,"Ventilation en activité",34
"S1",1999,"B","B2A3N","_T","B",-1,"Ventilation en activité",34
"S1",1999,"B","B2A3N","_T","C",-1,"Ventilation en activité",34
"S1",1999,"B","B2A3N","_T","D",-1,"Ventilation en activité",34
"S1",1999,"B","B2A3N","_T","E",-1,"Ventilation en activité",34
"S1",1999,"B","B2A3N","_T","F",-1,"Ventilation en activité",34
"S1",1999,"B","B2A3N","_T","G",-1,"Ventilation en activité",34
"S1",1999,"B","B2A3N","_T","H",-1,"Ventilation en activité",34
"S1",1999,"B","B2A3N","_T","I",-1,"Ventilation en activité",34
"S1",1999,"B","B2A3N","_T","J",-1,"Ventilation en activité",34
"S1",1999,"B","B2A3N","_T","K",-1,"Ventilation en activité",34
"S1",1999,"B","B2A3N","_T","L",-1,"Ventilation en activité",34
"S1",1999,"B","B2A3N","_T","M",-1,"Ventilation en activité",34
"S1",1999,"B","B2A3N","_T","N",-1,"Ventilation en activité",34
"S1",1999,"B","B2A3N","_T","O",-1,"Ventilation en activité",34
"S1",1999,"B","B2A3N","_T","P",-1,"Ventilation en activité",34
"S1",1999,"B","B2A3N","_T","Q",-1,"Ventilation en activité",34
"S1",1999,"B","B2A3N","_T","R",-1,"Ventilation en activité",34
"S1",1999,"B","B2A3N","_T","S",-1,"Ventilation en activité",34
"S1",1999,"B","B2A3N","_T","T",-1,"Ventilation en activité",34
"S1",1986,"D","D11","_T","_T",1,"Ventilation en activité",35
"S1",1986,"D","D11","_T","A",-1,"Ventilation en activité",35
"S1",1986,"D","D11","_T","B",-1,"Ventilation en activité",35
"S1",1986,"D","D11","_T","C",-1,"Ventilation en activité",35
"S1",1986,"D","D11","_T","D",-1,"Ventilation en activité",35
"S1",1986,"D","D11","_T","E",-1,"Ventilation en activité",35
"S1",1986,"D","D11","_T","F",-1,"Ventilation en activité",35
"S1",1986,"D","D11","_T","G",-1,"Ventilation en activité",35
"S1",1986,"D","D11","_T","H",-1,"Ventilation en activité",35
"S1",1986,"D","D11","_T","I",-1,"Ventilation en activité",35
"S1",1986,"D","D11","_T","J",-1,"Ventilation en activité",35
"S1",1986,"D","D11","_T","K",-1,"Ventilation en activité",35
"S1",1986,"D","D11","_T","L",-1,"Ventilation en activité",35
"S1",1986,"D","D11","_T","M",-1,"Ventilation en activité",35
"S1",1986,"D","D11","_T","N",-1,"Ventilation en activité",35
"S1",1986,"D","D11","_T","O",-1,"Ventilation en activité",35
"S1",1986,"D","D11","_T","P",-1,"Ventilation en activité",35
"S1",1986,"D","D11","_T","Q",-1,"Ventilation en activité",35
"S1",1986,"D","D11","_T","R",-1,"Ventilation en activité",35
"S1",1986,"D","D11","_T","S",-1,"Ventilation en activité",35
"S1",1986,"D","D11","_T","T",-1,"Ventilation en activité",35
"S1",2013,"D","P51C","_T","_T",1,"Ventilation en activité",36
"S1",2013,"D","P51C","_T","A",-1,"Ventilation en activité",36
"S1",2013,"D","P51C","_T","B",-1,"Ventilation en activité",36
"S1",2013,"D","P51C","_T","C",-1,"Ventilation en activité",36
"S1",2013,"D","P51C","_T","D",-1,"Ventilation en activité",36
"S1",2013,"D","P51C","_T","E",-1,"Ventilation en activité",36
"S1",2013,"D","P51C","_T","F",-1,"Ventilation en activité",36
"S1",2013,"D","P51C","_T","G",-1,"Ventilation en activité",36
"S1",2013,"D","P51C","_T","H",-1,"Ventilation en activité",36
"S1",2013,"D","P51C","_T","I",-1,"Ventilation en activité",36
"S1",2013,"D","P51C","_T","J",-1,"Ventilation en activité",36
"S1",2013,"D","P51C","_T","K",-1,"Ventilation en activité",36
"S1",2013,"D","P51C","_T","L",-1,"Ventilation en activité",36
"S1",2013,"D","P51C","_T","M",-1,"Ventilation en activité",36
"S1",2013,"D","P51C","_T","N",-1,"Ventilation en activité",36
"S1",2013,"D","P51C","_T","O",-1,"Ventilation en activité",36
"S1",2013,"D","P51C","_T","P",-1,"Ventilation en activité",36
"S1",2013,"D","P51C","_T","Q",-1,"Ventilation en activité",36
"S1",2013,"D","P51C","_T","R",-1,"Ventilation en activité",36
"S1",2013,"D","P51C","_T","S",-1,"Ventilation en activité",36
"S1",1985,"B","B1G","_T","_T",1,"Ventilation en activité",37
"S1",1985,"B","B1G","_T","A",-1,"Ventilation en activité",37
"S1",1985,"B","B1G","_T","B",-1,"Ventilation en activité",37
"S1",1985,"B","B1G","_T","C",-1,"Ventilation en activité",37
"S1",1985,"B","B1G","_T","D",-1,"Ventilation en activité",37
"S1",1985,"B","B1G","_T","E",-1,"Ventilation en activité",37
"S1",1985,"B","B1G","_T","F",-1,"Ventilation en activité",37
"S1",1985,"B","B1G","_T","G",-1,"Ventilation en activité",37
"S1",1985,"B","B1G","_T","H",-1,"Ventilation en activité",37
"S1",1985,"B","B1G","_T","I",-1,"Ventilation en activité",37
"S1",1985,"B","B1G","_T","J",-1,"Ventilation en activité",37
"S1",1985,"B","B1G","_T","K",-1,"Ventilation en activité",37
"S1",1985,"B","B1G","_T","L",-1,"Ventilation en activité",37
"S1",1985,"B","B1G","_T","M",-1,"Ventilation en activité",37
"S1",1985,"B","B1G","_T","N",-1,"Ventilation en activité",37
"S1",1985,"B","B1G","_T","O",-1,"Ventilation en activité",37
"S1",1985,"B","B1G","_T","P",-1,"Ventilation en activité",37
"S1",1985,"B","B1G","_T","Q",-1,"Ventilation en activité",37
"S1",1985,"B","B1G","_T","R",-1,"Ventilation en activité",37
"S1",1985,"B","B1G","_T","S",-1,"Ventilation en activité",37
"S1",1985,"B","B1G","_T","T",-1,"Ventilation en activité",37
"S1",2018,"B","B1G","_T","_T",1,"Ventilation en activité",38
"S1",2018,"B","B1G","_T","A",-1,"Ventilation en activité",38
"S1",2018,"B","B1G","_T","B",-1,"Ventilation en activité",38
"S1",2018,"B","B1G","_T","C",-1,"Ventilation en activité",38
"S1",2018,"B","B1G","_T","D",-1,"Ventilation en activité",38
"S1",2018,"B","B1G","_T","E",-1,"Ventilation en activité",38
"S1",2018,"B","B1G","_T","F",-1,"Ventilation en activité",38
"S1",2018,"B","B1G","_T","G",-1,"Ventilation en activité",38
"S1",2018,"B","B1G","_T","H",-1,"Ventilation en activité",38
"S1",2018,"B","B1G","_T","I",-1,"Ventilation en activité",38
"S1",2018,"B","B1G","_T","J",-1,"Ventilation en activité",38
"S1",2018,"B","B1G","_T","K",-1,"Ventilation en activité",38
"S1",2018,"B","B1G","_T","L",-1,"Ventilation en activité",38
"S1",2018,"B","B1G","_T","M",-1,"Ventilation en activité",38
"S1",2018,"B","B1G","_T","N",-1,"Ventilation en activité",38
"S1",2018,"B","B1G","_T","O",-1,"Ventilation en activité",38
"S1",2018,"B","B1G","_T","P",-1,"Ventilation en activité",38
"S1",2018,"B","B1G","_T","Q",-1,"Ventilation en activité",38
"S1",2018,"B","B1G","_T","R",-1,"Ventilation en activité",38
"S1",2018,"B","B1G","_T","S",-1,"Ventilation en activité",38
"S1",2018,"B","B1G","_T","T",-1,"Ventilation en activité",38
"S1",2011,"D","D1","_T","_T",1,"Ventilation en activité",39
"S1",2011,"D","D1","_T","A",-1,"Ventilation en activité",39
"S1",2011,"D","D1","_T","B",-1,"Ventilation en activité",39
"S1",2011,"D","D1","_T","C",-1,"Ventilation en activité",39
"S1",2011,"D","D1","_T","D",-1,"Ventilation en activité",39
"S1",2011,"D","D1","_T","E",-1,"Ventilation en activité",39
"S1",2011,"D","D1","_T","F",-1,"Ventilation en activité",39
"S1",2011,"D","D1","_T","G",-1,"Ventilation en activité",39
"S1",2011,"D","D1","_T","H",-1,"Ventilation en activité",39
"S1",2011,"D","D1","_T","I",-1,"Ventilation en activité",39
"S1",2011,"D","D1","_T","J",-1,"Ventilation en activité",39
"S1",2011,"D","D1","_T","K",-1,"Ventilation en activité",39
"S1",2011,"D","D1","_T","L",-1,"Ventilation en activité",39
"S1",2011,"D","D1","_T","M",-1,"Ventilation en activité",39
"S1",2011,"D","D1","_T","N",-1,"Ventilation en activité",39
"S1",2011,"D","D1","_T","O",-1,"Ventilation en activité",39
"S1",2011,"D","D1","_T","P",-1,"Ventilation en activité",39
"S1",2011,"D","D1","_T","Q",-1,"Ventilation en activité",39
"S1",2011,"D","D1","_T","R",-1,"Ventilation en activité",39
"S1",2011,"D","D1","_T","S",-1,"Ventilation en activité",39
"S1",2011,"D","D1","_T","T",-1,"Ventilation en activité",39
"S1",2009,"D","P2","_T","_T",1,"Ventilation en activité",40
"S1",2009,"D","P2","_T","A",-1,"Ventilation en activité",40
"S1",2009,"D","P2","_T","B",-1,"Ventilation en activité",40
"S1",2009,"D","P2","_T","C",-1,"Ventilation en activité",40
"S1",2009,"D","P2","_T","D",-1,"Ventilation en activité",40
"S1",2009,"D","P2","_T","E",-1,"Ventilation en activité",40
"S1",2009,"D","P2","_T","F",-1,"Ventilation en activité",40
"S1",2009,"D","P2","_T","G",-1,"Ventilation en activité",40
"S1",2009,"D","P2","_T","H",-1,"Ventilation en activité",40
"S1",2009,"D","P2","_T","I",-1,"Ventilation en activité",40
"S1",2009,"D","P2","_T","J",-1,"Ventilation en activité",40
"S1",2009,"D","P2","_T","K",-1,"Ventilation en activité",40
"S1",2009,"D","P2","_T","L",-1,"Ventilation en activité",40
"S1",2009,"D","P2","_T","M",-1,"Ventilation en activité",40
"S1",2009,"D","P2","_T","N",-1,"Ventilation en activité",40
"S1",2009,"D","P2","_T","O",-1,"Ventilation en activité",40
"S1",2009,"D","P2","_T","P",-1,"Ventilation en activité",40
"S1",2009,"D","P2","_T","Q",-1,"Ventilation en activité",40
"S1",2009,"D","P2","_T","R",-1,"Ventilation en activité",40
"S1",2009,"D","P2","_T","S",-1,"Ventilation en activité",40
"S1",2000,"B","B2A3N","_T","_T",1,"Ventilation en activité",41
"S1",2000,"B","B2A3N","_T","A",-1,"Ventilation en activité",41
"S1",2000,"B","B2A3N","_T","B",-1,"Ventilation en activité",41
"S1",2000,"B","B2A3N","_T","C",-1,"Ventilation en activité",41
"S1",2000,"B","B2A3N","_T","D",-1,"Ventilation en activité",41
"S1",2000,"B","B2A3N","_T","E",-1,"Ventilation en activité",41
"S1",2000,"B","B2A3N","_T","F",-1,"Ventilation en activité",41
"S1",2000,"B","B2A3N","_T","G",-1,"Ventilation en activité",41
"S1",2000,"B","B2A3N","_T","H",-1,"Ventilation en activité",41
"S1",2000,"B","B2A3N","_T","I",-1,"Ventilation en activité",41
"S1",2000,"B","B2A3N","_T","J",-1,"Ventilation en activité",41
"S1",2000,"B","B2A3N","_T","K",-1,"Ventilation en activité",41
"S1",2000,"B","B2A3N","_T","L",-1,"Ventilation en activité",41
"S1",2000,"B","B2A3N","_T","M",-1,"Ventilation en activité",41
"S1",2000,"B","B2A3N","_T","N",-1,"Ventilation en activité",41
"S1",2000,"B","B2A3N","_T","O",-1,"Ventilation en activité",41
"S1",2000,"B","B2A3N","_T","P",-1,"Ventilation en activité",41
"S1",2000,"B","B2A3N","_T","Q",-1,"Ventilation en activité",41
"S1",2000,"B","B2A3N","_T","R",-1,"Ventilation en activité",41
"S1",2000,"B","B2A3N","_T","S",-1,"Ventilation en activité",41
"S1",2000,"B","B2A3N","_T","T",-1,"Ventilation en activité",41
"S1",2010,"B","B1G","_T","_T",1,"Ventilation en activité",42
"S1",2010,"B","B1G","_T","A",-1,"Ventilation en activité",42
"S1",2010,"B","B1G","_T","B",-1,"Ventilation en activité",42
"S1",2010,"B","B1G","_T","C",-1,"Ventilation en activité",42
"S1",2010,"B","B1G","_T","D",-1,"Ventilation en activité",42
"S1",2010,"B","B1G","_T","E",-1,"Ventilation en activité",42
"S1",2010,"B","B1G","_T","F",-1,"Ventilation en activité",42
"S1",2010,"B","B1G","_T","G",-1,"Ventilation en activité",42
"S1",2010,"B","B1G","_T","H",-1,"Ventilation en activité",42
"S1",2010,"B","B1G","_T","I",-1,"Ventilation en activité",42
"S1",2010,"B","B1G","_T","J",-1,"Ventilation en activité",42
"S1",2010,"B","B1G","_T","K",-1,"Ventilation en activité",42
"S1",2010,"B","B1G","_T","L",-1,"Ventilation en activité",42
"S1",2010,"B","B1G","_T","M",-1,"Ventilation en activité",42
"S1",2010,"B","B1G","_T","N",-1,"Ventilation en activité",42
"S1",2010,"B","B1G","_T","O",-1,"Ventilation en activité",42
"S1",2010,"B","B1G","_T","P",-1,"Ventilation en activité",42
"S1",2010,"B","B1G","_T","Q",-1,"Ventilation en activité",42
"S1",2010,"B","B1G","_T","R",-1,"Ventilation en activité",42
"S1",2010,"B","B1G","_T","S",-1,"Ventilation en activité",42
"S1",2010,"B","B1G","_T","T",-1,"Ventilation en activité",42
"S1",1979,"B","B1G","_T","_T",1,"Ventilation en activité",43
"S1",1979,"B","B1G","_T","A",-1,"Ventilation en activité",43
"S1",1979,"B","B1G","_T","B",-1,"Ventilation en activité",43
"S1",1979,"B","B1G","_T","C",-1,"Ventilation en activité",43
"S1",1979,"B","B1G","_T","D",-1,"Ventilation en activité",43
"S1",1979,"B","B1G","_T","E",-1,"Ventilation en activité",43
"S1",1979,"B","B1G","_T","F",-1,"Ventilation en activité",43
"S1",1979,"B","B1G","_T","G",-1,"Ventilation en activité",43
"S1",1979,"B","B1G","_T","H",-1,"Ventilation en activité",43
"S1",1979,"B","B1G","_T","I",-1,"Ventilation en activité",43
"S1",1979,"B","B1G","_T","J",-1,"Ventilation en activité",43
"S1",1979,"B","B1G","_T","K",-1,"Ventilation en activité",43
"S1",1979,"B","B1G","_T","L",-1,"Ventilation en activité",43
"S1",1979,"B","B1G","_T","M",-1,"Ventilation en activité",43
"S1",1979,"B","B1G","_T","N",-1,"Ventilation en activité",43
"S1",1979,"B","B1G","_T","O",-1,"Ventilation en activité",43
"S1",1979,"B","B1G","_T","P",-1,"Ventilation en activité",43
"S1",1979,"B","B1G","_T","Q",-1,"Ventilation en activité",43
"S1",1979,"B","B1G","_T","R",-1,"Ventilation en activité",43
"S1",1979,"B","B1G","_T","S",-1,"Ventilation en activité",43
"S1",1979,"B","B1G","_T","T",-1,"Ventilation en activité",43
"S1",2004,"B","B2A3N","_T","_T",1,"Ventilation en activité",44
"S1",2004,"B","B2A3N","_T","A",-1,"Ventilation en activité",44
"S1",2004,"B","B2A3N","_T","B",-1,"Ventilation en activité",44
"S1",2004,"B","B2A3N","_T","C",-1,"Ventilation en activité",44
"S1",2004,"B","B2A3N","_T","D",-1,"Ventilation en activité",44
"S1",2004,"B","B2A3N","_T","E",-1,"Ventilation en activité",44
"S1",2004,"B","B2A3N","_T","F",-1,"Ventilation en activité",44
"S1",2004,"B","B2A3N","_T","G",-1,"Ventilation en activité",44
"S1",2004,"B","B2A3N","_T","H",-1,"Ventilation en activité",44
"S1",2004,"B","B2A3N","_T","I",-1,"Ventilation en activité",44
"S1",2004,"B","B2A3N","_T","J",-1,"Ventilation en activité",44
"S1",2004,"B","B2A3N","_T","K",-1,"Ventilation en activité",44
"S1",2004,"B","B2A3N","_T","L",-1,"Ventilation en activité",44
"S1",2004,"B","B2A3N","_T","M",-1,"Ventilation en activité",44
"S1",2004,"B","B2A3N","_T","N",-1,"Ventilation en activité",44
"S1",2004,"B","B2A3N","_T","O",-1,"Ventilation en activité",44
"S1",2004,"B","B2A3N","_T","P",-1,"Ventilation en activité",44
"S1",2004,"B","B2A3N","_T","Q",-1,"Ventilation en activité",44
"S1",2004,"B","B2A3N","_T","R",-1,"Ventilation en activité",44
"S1",2004,"B","B2A3N","_T","S",-1,"Ventilation en activité",44
"S1",2004,"B","B2A3N","_T","T",-1,"Ventilation en activité",44
"S1",2000,"C","P1","_T","_T",1,"Ventilation en activité",45
"S1",2000,"C","P1","_T","A",-1,"Ventilation en activité",45
"S1",2000,"C","P1","_T","B",-1,"Ventilation en activité",45
"S1",2000,"C","P1","_T","C",-1,"Ventilation en activité",45
"S1",2000,"C","P1","_T","D",-1,"Ventilation en activité",45
"S1",2000,"C","P1","_T","E",-1,"Ventilation en activité",45
"S1",2000,"C","P1","_T","F",-1,"Ventilation en activité",45
"S1",2000,"C","P1","_T","G",-1,"Ventilation en activité",45
"S1",2000,"C","P1","_T","H",-1,"Ventilation en activité",45
"S1",2000,"C","P1","_T","I",-1,"Ventilation en activité",45
"S1",2000,"C","P1","_T","J",-1,"Ventilation en activité",45
"S1",2000,"C","P1","_T","K",-1,"Ventilation en activité",45
"S1",2000,"C","P1","_T","L",-1,"Ventilation en activité",45
"S1",2000,"C","P1","_T","M",-1,"Ventilation en activité",45
"S1",2000,"C","P1","_T","N",-1,"Ventilation en activité",45
"S1",2000,"C","P1","_T","O",-1,"Ventilation en activité",45
"S1",2000,"C","P1","_T","P",-1,"Ventilation en activité",45
"S1",2000,"C","P1","_T","Q",-1,"Ventilation en activité",45
"S1",2000,"C","P1","_T","R",-1,"Ventilation en activité",45
"S1",2000,"C","P1","_T","S",-1,"Ventilation en activité",45
"S1",2000,"C","P1","_T","T",-1,"Ventilation en activité",45
"S1",2013,"B","B1G","_T","_T",1,"Ventilation en activité",46
"S1",2013,"B","B1G","_T","A",-1,"Ventilation en activité",46
"S1",2013,"B","B1G","_T","B",-1,"Ventilation en activité",46
"S1",2013,"B","B1G","_T","C",-1,"Ventilation en activité",46
"S1",2013,"B","B1G","_T","D",-1,"Ventilation en activité",46
"S1",2013,"B","B1G","_T","E",-1,"Ventilation en activité",46
"S1",2013,"B","B1G","_T","F",-1,"Ventilation en activité",46
"S1",2013,"B","B1G","_T","G",-1,"Ventilation en activité",46
"S1",2013,"B","B1G","_T","H",-1,"Ventilation en activité",46
"S1",2013,"B","B1G","_T","I",-1,"Ventilation en activité",46
"S1",2013,"B","B1G","_T","J",-1,"Ventilation en activité",46
"S1",2013,"B","B1G","_T","K",-1,"Ventilation en activité",46
"S1",2013,"B","B1G","_T","L",-1,"Ventilation en activité",46
"S1",2013,"B","B1G","_T","M",-1,"Ventilation en activité",46
"S1",2013,"B","B1G","_T","N",-1,"Ventilation en activité",46
"S1",2013,"B","B1G","_T","O",-1,"Ventilation en activité",46
"S1",2013,"B","B1G","_T","P",-1,"Ventilation en activité",46
"S1",2013,"B","B1G","_T","Q",-1,"Ventilation en activité",46
"S1",2013,"B","B1G","_T","R",-1,"Ventilation en activité",46
"S1",2013,"B","B1G","_T","S",-1,"Ventilation en activité",46
"S1",2013,"B","B1G","_T","T",-1,"Ventilation en activité",46
"S1",2012,"B","B2A3N","_T","_T",1,"Ventilation en activité",47
"S1",2012,"B","B2A3N","_T","A",-1,"Ventilation en activité",47
"S1",2012,"B","B2A3N","_T","B",-1,"Ventilation en activité",47
"S1",2012,"B","B2A3N","_T","C",-1,"Ventilation en activité",47
"S1",2012,"B","B2A3N","_T","D",-1,"Ventilation en activité",47
"S1",2012,"B","B2A3N","_T","E",-1,"Ventilation en activité",47
"S1",2012,"B","B2A3N","_T","F",-1,"Ventilation en activité",47
"S1",2012,"B","B2A3N","_T","G",-1,"Ventilation en activité",47
"S1",2012,"B","B2A3N","_T","H",-1,"Ventilation en activité",47
"S1",2012,"B","B2A3N","_T","I",-1,"Ventilation en activité",47
"S1",2012,"B","B2A3N","_T","J",-1,"Ventilation en activité",47
"S1",2012,"B","B2A3N","_T","K",-1,"Ventilation en activité",47
"S1",2012,"B","B2A3N","_T","L",-1,"Ventilation en activité",47
"S1",2012,"B","B2A3N","_T","M",-1,"Ventilation en activité",47
"S1",2012,"B","B2A3N","_T","N",-1,"Ventilation en activité",47
"S1",2012,"B","B2A3N","_T","O",-1,"Ventilation en activité",47
"S1",2012,"B","B2A3N","_T","P",-1,"Ventilation en activité",47
"S1",2012,"B","B2A3N","_T","Q",-1,"Ventilation en activité",47
"S1",2012,"B","B2A3N","_T","R",-1,"Ventilation en activité",47
"S1",2012,"B","B2A3N","_T","S",-1,"Ventilation en activité",47
"S1",2012,"B","B2A3N","_T","T",-1,"Ventilation en activité",47
"S1",1993,"D","D11","_T","_T",1,"Ventilation en activité",48
"S1",1993,"D","D11","_T","A",-1,"Ventilation en activité",48
"S1",1993,"D","D11","_T","B",-1,"Ventilation en activité",48
"S1",1993,"D","D11","_T","C",-1,"Ventilation en activité",48
"S1",1993,"D","D11","_T","D",-1,"Ventilation en activité",48
"S1",1993,"D","D11","_T","E",-1,"Ventilation en activité",48
"S1",1993,"D","D11","_T","F",-1,"Ventilation en activité",48
"S1",1993,"D","D11","_T","G",-1,"Ventilation en activité",48
"S1",1993,"D","D11","_T","H",-1,"Ventilation en activité",48
"S1",1993,"D","D11","_T","I",-1,"Ventilation en activité",48
"S1",1993,"D","D11","_T","J",-1,"Ventilation en activité",48
"S1",1993,"D","D11","_T","K",-1,"Ventilation en activité",48
"S1",1993,"D","D11","_T","L",-1,"Ventilation en activité",48
"S1",1993,"D","D11","_T","M",-1,"Ventilation en activité",48
"S1",1993,"D","D11","_T","N",-1,"Ventilation en activité",48
"S1",1993,"D","D11","_T","O",-1,"Ventilation en activité",48
"S1",1993,"D","D11","_T","P",-1,"Ventilation en activité",48
"S1",1993,"D","D11","_T","Q",-1,"Ventilation en activité",48
"S1",1993,"D","D11","_T","R",-1,"Ventilation en activité",48
"S1",1993,"D","D11","_T","S",-1,"Ventilation en activité",48
"S1",1993,"D","D11","_T","T",-1,"Ventilation en activité",48
"S1",1980,"D","P2","_T","_T",1,"Ventilation en activité",49
"S1",1980,"D","P2","_T","A",-1,"Ventilation en activité",49
"S1",1980,"D","P2","_T","B",-1,"Ventilation en activité",49
"S1",1980,"D","P2","_T","C",-1,"Ventilation en activité",49
"S1",1980,"D","P2","_T","D",-1,"Ventilation en activité",49
"S1",1980,"D","P2","_T","E",-1,"Ventilation en activité",49
"S1",1980,"D","P2","_T","F",-1,"Ventilation en activité",49
"S1",1980,"D","P2","_T","G",-1,"Ventilation en activité",49
"S1",1980,"D","P2","_T","H",-1,"Ventilation en activité",49
"S1",1980,"D","P2","_T","I",-1,"Ventilation en activité",49
"S1",1980,"D","P2","_T","J",-1,"Ventilation en activité",49
"S1",1980,"D","P2","_T","K",-1,"Ventilation en activité",49
"S1",1980,"D","P2","_T","L",-1,"Ventilation en activité",49
"S1",1980,"D","P2","_T","M",-1,"Ventilation en activité",49
"S1",1980,"D","P2","_T","N",-1,"Ventilation en activité",49
"S1",1980,"D","P2","_T","O",-1,"Ventilation en activité",49
"S1",1980,"D","P2","_T","P",-1,"Ventilation en activité",49
"S1",1980,"D","P2","_T","Q",-1,"Ventilation en activité",49
"S1",1980,"D","P2","_T","R",-1,"Ventilation en activité",49
"S1",1980,"D","P2","_T","S",-1,"Ventilation en activité",49
"S1",1994,"C","P1","_T","_T",1,"Ventilation en activité",50
"S1",1994,"C","P1","_T","A",-1,"Ventilation en activité",50
"S1",1994,"C","P1","_T","B",-1,"Ventilation en activité",50
"S1",1994,"C","P1","_T","C",-1,"Ventilation en activité",50
"S1",1994,"C","P1","_T","D",-1,"Ventilation en activité",50
"S1",1994,"C","P1","_T","E",-1,"Ventilation en activité",50
"S1",1994,"C","P1","_T","F",-1,"Ventilation en activité",50
"S1",1994,"C","P1","_T","G",-1,"Ventilation en activité",50
"S1",1994,"C","P1","_T","H",-1,"Ventilation en activité",50
"S1",1994,"C","P1","_T","I",-1,"Ventilation en activité",50
"S1",1994,"C","P1","_T","J",-1,"Ventilation en activité",50
"S1",1994,"C","P1","_T","K",-1,"Ventilation en activité",50
"S1",1994,"C","P1","_T","L",-1,"Ventilation en activité",50
"S1",1994,"C","P1","_T","M",-1,"Ventilation en activité",50
"S1",1994,"C","P1","_T","N",-1,"Ventilation en activité",50
"S1",1994,"C","P1","_T","O",-1,"Ventilation en activité",50
"S1",1994,"C","P1","_T","P",-1,"Ventilation en activité",50
"S1",1994,"C","P1","_T","Q",-1,"Ventilation en activité",50
"S1",1994,"C","P1","_T","R",-1,"Ventilation en activité",50
"S1",1994,"C","P1","_T","S",-1,"Ventilation en activité",50
"S1",1994,"C","P1","_T","T",-1,"Ventilation en activité",50
"S1",2005,"B","B1G","_T","_T",1,"Ventilation en activité",51
"S1",2005,"B","B1G","_T","A",-1,"Ventilation en activité",51
"S1",2005,"B","B1G","_T","B",-1,"Ventilation en activité",51
"S1",2005,"B","B1G","_T","C",-1,"Ventilation en activité",51
"S1",2005,"B","B1G","_T","D",-1,"Ventilation en activité",51
"S1",2005,"B","B1G","_T","E",-1,"Ventilation en activité",51
"S1",2005,"B","B1G","_T","F",-1,"Ventilation en activité",51
"S1",2005,"B","B1G","_T","G",-1,"Ventilation en activité",51
"S1",2005,"B","B1G","_T","H",-1,"Ventilation en activité",51
"S1",2005,"B","B1G","_T","I",-1,"Ventilation en activité",51
"S1",2005,"B","B1G","_T","J",-1,"Ventilation en activité",51
"S1",2005,"B","B1G","_T","K",-1,"Ventilation en activité",51
"S1",2005,"B","B1G","_T","L",-1,"Ventilation en activité",51
"S1",2005,"B","B1G","_T","M",-1,"Ventilation en activité",51
"S1",2005,"B","B1G","_T","N",-1,"Ventilation en activité",51
"S1",2005,"B","B1G","_T","O",-1,"Ventilation en activité",51
"S1",2005,"B","B1G","_T","P",-1,"Ventilation en activité",51
"S1",2005,"B","B1G","_T","Q",-1,"Ventilation en activité",51
"S1",2005,"B","B1G","_T","R",-1,"Ventilation en activité",51
"S1",2005,"B","B1G","_T","S",-1,"Ventilation en activité",51
"S1",2005,"B","B1G","_T","T",-1,"Ventilation en activité",51
"S1",2008,"D","D1","_T","_T",1,"Ventilation en activité",52
"S1",2008,"D","D1","_T","A",-1,"Ventilation en activité",52
"S1",2008,"D","D1","_T","B",-1,"Ventilation en activité",52
"S1",2008,"D","D1","_T","C",-1,"Ventilation en activité",52
"S1",2008,"D","D1","_T","D",-1,"Ventilation en activité",52
"S1",2008,"D","D1","_T","E",-1,"Ventilation en activité",52
"S1",2008,"D","D1","_T","F",-1,"Ventilation en activité",52
"S1",2008,"D","D1","_T","G",-1,"Ventilation en activité",52
"S1",2008,"D","D1","_T","H",-1,"Ventilation en activité",52
"S1",2008,"D","D1","_T","I",-1,"Ventilation en activité",52
"S1",2008,"D","D1","_T","J",-1,"Ventilation en activité",52
"S1",2008,"D","D1","_T","K",-1,"Ventilation en activité",52
"S1",2008,"D","D1","_T","L",-1,"Ventilation en activité",52
"S1",2008,"D","D1","_T","M",-1,"Ventilation en activité",52
"S1",2008,"D","D1","_T","N",-1,"Ventilation en activité",52
"S1",2008,"D","D1","_T","O",-1,"Ventilation en activité",52
"S1",2008,"D","D1","_T","P",-1,"Ventilation en activité",52
"S1",2008,"D","D1","_T","Q",-1,"Ventilation en activité",52
"S1",2008,"D","D1","_T","R",-1,"Ventilation en activité",52
"S1",2008,"D","D1","_T","S",-1,"Ventilation en activité",52
"S1",2008,"D","D1","_T","T",-1,"Ventilation en activité",52
"S1",1997,"B","B2A3N","_T","_T",1,"Ventilation en activité",53
"S1",1997,"B","B2A3N","_T","A",-1,"Ventilation en activité",53
"S1",1997,"B","B2A3N","_T","B",-1,"Ventilation en activité",53
"S1",1997,"B","B2A3N","_T","C",-1,"Ventilation en activité",53
"S1",1997,"B","B2A3N","_T","D",-1,"Ventilation en activité",53
"S1",1997,"B","B2A3N","_T","E",-1,"Ventilation en activité",53
"S1",1997,"B","B2A3N","_T","F",-1,"Ventilation en activité",53
"S1",1997,"B","B2A3N","_T","G",-1,"Ventilation en activité",53
"S1",1997,"B","B2A3N","_T","H",-1,"Ventilation en activité",53
"S1",1997,"B","B2A3N","_T","I",-1,"Ventilation en activité",53
"S1",1997,"B","B2A3N","_T","J",-1,"Ventilation en activité",53
"S1",1997,"B","B2A3N","_T","K",-1,"Ventilation en activité",53
"S1",1997,"B","B2A3N","_T","L",-1,"Ventilation en activité",53
"S1",1997,"B","B2A3N","_T","M",-1,"Ventilation en activité",53
"S1",1997,"B","B2A3N","_T","N",-1,"Ventilation en activité",53
"S1",1997,"B","B2A3N","_T","O",-1,"Ventilation en activité",53
"S1",1997,"B","B2A3N","_T","P",-1,"Ventilation en activité",53
"S1",1997,"B","B2A3N","_T","Q",-1,"Ventilation en activité",53
"S1",1997,"B","B2A3N","_T","R",-1,"Ventilation en activité",53
"S1",1997,"B","B2A3N","_T","S",-1,"Ventilation en activité",53
"S1",1997,"B","B2A3N","_T","T",-1,"Ventilation en activité",53
"S1",1991,"B","B1G","_T","_T",1,"Ventilation en activité",54
"S1",1991,"B","B1G","_T","A",-1,"Ventilation en activité",54
"S1",1991,"B","B1G","_T","B",-1,"Ventilation en activité",54
"S1",1991,"B","B1G","_T","C",-1,"Ventilation en activité",54
"S1",1991,"B","B1G","_T","D",-1,"Ventilation en activité",54
"S1",1991,"B","B1G","_T","E",-1,"Ventilation en activité",54
"S1",1991,"B","B1G","_T","F",-1,"Ventilation en activité",54
"S1",1991,"B","B1G","_T","G",-1,"Ventilation en activité",54
"S1",1991,"B","B1G","_T","H",-1,"Ventilation en activité",54
"S1",1991,"B","B1G","_T","I",-1,"Ventilation en activité",54
"S1",1991,"B","B1G","_T","J",-1,"Ventilation en activité",54
"S1",1991,"B","B1G","_T","K",-1,"Ventilation en activité",54
"S1",1991,"B","B1G","_T","L",-1,"Ventilation en activité",54
"S1",1991,"B","B1G","_T","M",-1,"Ventilation en activité",54
"S1",1991,"B","B1G","_T","N",-1,"Ventilation en activité",54
"S1",1991,"B","B1G","_T","O",-1,"Ventilation en activité",54
"S1",1991,"B","B1G","_T","P",-1,"Ventilation en activité",54
"S1",1991,"B","B1G","_T","Q",-1,"Ventilation en activité",54
"S1",1991,"B","B1G","_T","R",-1,"Ventilation en activité",54
"S1",1991,"B","B1G","_T","S",-1,"Ventilation en activité",54
"S1",1991,"B","B1G","_T","T",-1,"Ventilation en activité",54
"S1",2011,"D","P51C","_T","_T",1,"Ventilation en activité",55
"S1",2011,"D","P51C","_T","A",-1,"Ventilation en activité",55
"S1",2011,"D","P51C","_T","B",-1,"Ventilation en activité",55
"S1",2011,"D","P51C","_T","C",-1,"Ventilation en activité",55
"S1",2011,"D","P51C","_T","D",-1,"Ventilation en activité",55
"S1",2011,"D","P51C","_T","E",-1,"Ventilation en activité",55
"S1",2011,"D","P51C","_T","F",-1,"Ventilation en activité",55
"S1",2011,"D","P51C","_T","G",-1,"Ventilation en activité",55
"S1",2011,"D","P51C","_T","H",-1,"Ventilation en activité",55
"S1",2011,"D","P51C","_T","I",-1,"Ventilation en activité",55
"S1",2011,"D","P51C","_T","J",-1,"Ventilation en activité",55
"S1",2011,"D","P51C","_T","K",-1,"Ventilation en activité",55
"S1",2011,"D","P51C","_T","L",-1,"Ventilation en activité",55
"S1",2011,"D","P51C","_T","M",-1,"Ventilation en activité",55
"S1",2011,"D","P51C","_T","N",-1,"Ventilation en activité",55
"S1",2011,"D","P51C","_T","O",-1,"Ventilation en activité",55
"S1",2011,"D","P51C","_T","P",-1,"Ventilation en activité",55
"S1",2011,"D","P51C","_T","Q",-1,"Ventilation en activité",55
"S1",2011,"D","P51C","_T","R",-1,"Ventilation en activité",55
"S1",2011,"D","P51C","_T","S",-1,"Ventilation en activité",55
"S1",2003,"B","B1G","_T","_T",1,"Ventilation en activité",56
"S1",2003,"B","B1G","_T","A",-1,"Ventilation en activité",56
"S1",2003,"B","B1G","_T","B",-1,"Ventilation en activité",56
"S1",2003,"B","B1G","_T","C",-1,"Ventilation en activité",56
"S1",2003,"B","B1G","_T","D",-1,"Ventilation en activité",56
"S1",2003,"B","B1G","_T","E",-1,"Ventilation en activité",56
"S1",2003,"B","B1G","_T","F",-1,"Ventilation en activité",56
"S1",2003,"B","B1G","_T","G",-1,"Ventilation en activité",56
"S1",2003,"B","B1G","_T","H",-1,"Ventilation en activité",56
"S1",2003,"B","B1G","_T","I",-1,"Ventilation en activité",56
"S1",2003,"B","B1G","_T","J",-1,"Ventilation en activité",56
"S1",2003,"B","B1G","_T","K",-1,"Ventilation en activité",56
"S1",2003,"B","B1G","_T","L",-1,"Ventilation en activité",56
"S1",2003,"B","B1G","_T","M",-1,"Ventilation en activité",56
"S1",2003,"B","B1G","_T","N",-1,"Ventilation en activité",56
"S1",2003,"B","B1G","_T","O",-1,"Ventilation en activité",56
"S1",2003,"B","B1G","_T","P",-1,"Ventilation en activité",56
"S1",2003,"B","B1G","_T","Q",-1,"Ventilation en activité",56
"S1",2003,"B","B1G","_T","R",-1,"Ventilation en activité",56
"S1",2003,"B","B1G","_T","S",-1,"Ventilation en activité",56
"S1",2003,"B","B1G","_T","T",-1,"Ventilation en activité",56
"S1",2004,"D","D1","_T","_T",1,"Ventilation en activité",57
"S1",2004,"D","D1","_T","A",-1,"Ventilation en activité",57
"S1",2004,"D","D1","_T","B",-1,"Ventilation en activité",57
"S1",2004,"D","D1","_T","C",-1,"Ventilation en activité",57
"S1",2004,"D","D1","_T","D",-1,"Ventilation en activité",57
"S1",2004,"D","D1","_T","E",-1,"Ventilation en activité",57
"S1",2004,"D","D1","_T","F",-1,"Ventilation en activité",57
"S1",2004,"D","D1","_T","G",-1,"Ventilation en activité",57
"S1",2004,"D","D1","_T","H",-1,"Ventilation en activité",57
"S1",2004,"D","D1","_T","I",-1,"Ventilation en activité",57
"S1",2004,"D","D1","_T","J",-1,"Ventilation en activité",57
"S1",2004,"D","D1","_T","K",-1,"Ventilation en activité",57
"S1",2004,"D","D1","_T","L",-1,"Ventilation en activité",57
"S1",2004,"D","D1","_T","M",-1,"Ventilation en activité",57
"S1",2004,"D","D1","_T","N",-1,"Ventilation en activité",57
"S1",2004,"D","D1","_T","O",-1,"Ventilation en activité",57
"S1",2004,"D","D1","_T","P",-1,"Ventilation en activité",57
"S1",2004,"D","D1","_T","Q",-1,"Ventilation en activité",57
"S1",2004,"D","D1","_T","R",-1,"Ventilation en activité",57
"S1",2004,"D","D1","_T","S",-1,"Ventilation en activité",57
"S1",2004,"D","D1","_T","T",-1,"Ventilation en activité",57
"S1",1997,"D","D1","_T","_T",1,"Ventilation en activité",58
"S1",1997,"D","D1","_T","A",-1,"Ventilation en activité",58
"S1",1997,"D","D1","_T","B",-1,"Ventilation en activité",58
"S1",1997,"D","D1","_T","C",-1,"Ventilation en activité",58
"S1",1997,"D","D1","_T","D",-1,"Ventilation en activité",58
"S1",1997,"D","D1","_T","E",-1,"Ventilation en activité",58
"S1",1997,"D","D1","_T","F",-1,"Ventilation en activité",58
"S1",1997,"D","D1","_T","G",-1,"Ventilation en activité",58
"S1",1997,"D","D1","_T","H",-1,"Ventilation en activité",58
"S1",1997,"D","D1","_T","I",-1,"Ventilation en activité",58
"S1",1997,"D","D1","_T","J",-1,"Ventilation en activité",58
"S1",1997,"D","D1","_T","K",-1,"Ventilation en activité",58
"S1",1997,"D","D1","_T","L",-1,"Ventilation en activité",58
"S1",1997,"D","D1","_T","M",-1,"Ventilation en activité",58
"S1",1997,"D","D1","_T","N",-1,"Ventilation en activité",58
"S1",1997,"D","D1","_T","O",-1,"Ventilation en activité",58
"S1",1997,"D","D1","_T","P",-1,"Ventilation en activité",58
"S1",1997,"D","D1","_T","Q",-1,"Ventilation en activité",58
"S1",1997,"D","D1","_T","R",-1,"Ventilation en activité",58
"S1",1997,"D","D1","_T","S",-1,"Ventilation en activité",58
"S1",1997,"D","D1","_T","T",-1,"Ventilation en activité",58
"S1",2000,"D","D11","_T","_T",1,"Ventilation en activité",59
"S1",2000,"D","D11","_T","A",-1,"Ventilation en activité",59
"S1",2000,"D","D11","_T","B",-1,"Ventilation en activité",59
"S1",2000,"D","D11","_T","C",-1,"Ventilation en activité",59
"S1",2000,"D","D11","_T","D",-1,"Ventilation en activité",59
"S1",2000,"D","D11","_T","E",-1,"Ventilation en activité",59
"S1",2000,"D","D11","_T","F",-1,"Ventilation en activité",59
"S1",2000,"D","D11","_T","G",-1,"Ventilation en activité",59
"S1",2000,"D","D11","_T","H",-1,"Ventilation en activité",59
"S1",2000,"D","D11","_T","I",-1,"Ventilation en activité",59
"S1",2000,"D","D11","_T","J",-1,"Ventilation en activité",59
"S1",2000,"D","D11","_T","K",-1,"Ventilation en activité",59
"S1",2000,"D","D11","_T","L",-1,"Ventilation en activité",59
"S1",2000,"D","D11","_T","M",-1,"Ventilation en activité",59
"S1",2000,"D","D11","_T","N",-1,"Ventilation en activité",59
"S1",2000,"D","D11","_T","O",-1,"Ventilation en activité",59
"S1",2000,"D","D11","_T","P",-1,"Ventilation en activité",59
"S1",2000,"D","D11","_T","Q",-1,"Ventilation en activité",59
"S1",2000,"D","D11","_T","R",-1,"Ventilation en activité",59
"S1",2000,"D","D11","_T","S",-1,"Ventilation en activité",59
"S1",2000,"D","D11","_T","T",-1,"Ventilation en activité",59
"S1",1980,"B","B1G","_T","_T",1,"Ventilation en activité",60
"S1",1980,"B","B1G","_T","A",-1,"Ventilation en activité",60
"S1",1980,"B","B1G","_T","B",-1,"Ventilation en activité",60
"S1",1980,"B","B1G","_T","C",-1,"Ventilation en activité",60
"S1",1980,"B","B1G","_T","D",-1,"Ventilation en activité",60
"S1",1980,"B","B1G","_T","E",-1,"Ventilation en activité",60
"S1",1980,"B","B1G","_T","F",-1,"Ventilation en activité",60
"S1",1980,"B","B1G","_T","G",-1,"Ventilation en activité",60
"S1",1980,"B","B1G","_T","H",-1,"Ventilation en activité",60
"S1",1980,"B","B1G","_T","I",-1,"Ventilation en activité",60
"S1",1980,"B","B1G","_T","J",-1,"Ventilation en activité",60
"S1",1980,"B","B1G","_T","K",-1,"Ventilation en activité",60
"S1",1980,"B","B1G","_T","L",-1,"Ventilation en activité",60
"S1",1980,"B","B1G","_T","M",-1,"Ventilation en activité",60
"S1",1980,"B","B1G","_T","N",-1,"Ventilation en activité",60
"S1",1980,"B","B1G","_T","O",-1,"Ventilation en activité",60
"S1",1980,"B","B1G","_T","P",-1,"Ventilation en activité",60
"S1",1980,"B","B1G","_T","Q",-1,"Ventilation en activité",60
"S1",1980,"B","B1G","_T","R",-1,"Ventilation en activité",60
"S1",1980,"B","B1G","_T","S",-1,"Ventilation en activité",60
"S1",1980,"B","B1G","_T","T",-1,"Ventilation en activité",60
"S1",2016,"B","B2A3N","_T","_T",1,"Ventilation en activité",61
"S1",2016,"B","B2A3N","_T","A",-1,"Ventilation en activité",61
"S1",2016,"B","B2A3N","_T","B",-1,"Ventilation en activité",61
"S1",2016,"B","B2A3N","_T","C",-1,"Ventilation en activité",61
"S1",2016,"B","B2A3N","_T","D",-1,"Ventilation en activité",61
"S1",2016,"B","B2A3N","_T","E",-1,"Ventilation en activité",61
"S1",2016,"B","B2A3N","_T","F",-1,"Ventilation en activité",61
"S1",2016,"B","B2A3N","_T","G",-1,"Ventilation en activité",61
"S1",2016,"B","B2A3N","_T","H",-1,"Ventilation en activité",61
"S1",2016,"B","B2A3N","_T","I",-1,"Ventilation en activité",61
"S1",2016,"B","B2A3N","_T","J",-1,"Ventilation en activité",61
"S1",2016,"B","B2A3N","_T","K",-1,"Ventilation en activité",61
"S1",2016,"B","B2A3N","_T","L",-1,"Ventilation en activité",61
"S1",2016,"B","B2A3N","_T","M",-1,"Ventilation en activité",61
"S1",2016,"B","B2A3N","_T","N",-1,"Ventilation en activité",61
"S1",2016,"B","B2A3N","_T","O",-1,"Ventilation en activité",61
"S1",2016,"B","B2A3N","_T","P",-1,"Ventilation en activité",61
"S1",2016,"B","B2A3N","_T","Q",-1,"Ventilation en activité",61
"S1",2016,"B","B2A3N","_T","R",-1,"Ventilation en activité",61
"S1",2016,"B","B2A3N","_T","S",-1,"Ventilation en activité",61
"S1",2016,"B","B2A3N","_T","T",-1,"Ventilation en activité",61
"S1",2022,"C","P1","_T","_T",1,"Ventilation en activité",62
"S1",2022,"C","P1","_T","A",-1,"Ventilation en activité",62
"S1",2022,"C","P1","_T","B",-1,"Ventilation en activité",62
"S1",2022,"C","P1","_T","C",-1,"Ventilation en activité",62
"S1",2022,"C","P1","_T","D",-1,"Ventilation en activité",62
"S1",2022,"C","P1","_T","E",-1,"Ventilation en activité",62
"S1",2022,"C","P1","_T","F",-1,"Ventilation en activité",62
"S1",2022,"C","P1","_T","G",-1,"Ventilation en activité",62
"S1",2022,"C","P1","_T","H",-1,"Ventilation en activité",62
"S1",2022,"C","P1","_T","I",-1,"Ventilation en activité",62
"S1",2022,"C","P1","_T","J",-1,"Ventilation en activité",62
"S1",2022,"C","P1","_T","K",-1,"Ventilation en activité",62
"S1",2022,"C","P1","_T","L",-1,"Ventilation en activité",62
"S1",2022,"C","P1","_T","M",-1,"Ventilation en activité",62
"S1",2022,"C","P1","_T","N",-1,"Ventilation en activité",62
"S1",2022,"C","P1","_T","O",-1,"Ventilation en activité",62
"S1",2022,"C","P1","_T","P",-1,"Ventilation en activité",62
"S1",2022,"C","P1","_T","Q",-1,"Ventilation en activité",62
"S1",2022,"C","P1","_T","R",-1,"Ventilation en activité",62
"S1",2022,"C","P1","_T","S",-1,"Ventilation en activité",62
"S1",2022,"C","P1","_T","T",-1,"Ventilation en activité",62
"S1",1996,"B","B2A3N","_T","_T",1,"Ventilation en activité",63
"S1",1996,"B","B2A3N","_T","A",-1,"Ventilation en activité",63
"S1",1996,"B","B2A3N","_T","B",-1,"Ventilation en activité",63
"S1",1996,"B","B2A3N","_T","C",-1,"Ventilation en activité",63
"S1",1996,"B","B2A3N","_T","D",-1,"Ventilation en activité",63
"S1",1996,"B","B2A3N","_T","E",-1,"Ventilation en activité",63
"S1",1996,"B","B2A3N","_T","F",-1,"Ventilation en activité",63
"S1",1996,"B","B2A3N","_T","G",-1,"Ventilation en activité",63
"S1",1996,"B","B2A3N","_T","H",-1,"Ventilation en activité",63
"S1",1996,"B","B2A3N","_T","I",-1,"Ventilation en activité",63
"S1",1996,"B","B2A3N","_T","J",-1,"Ventilation en activité",63
"S1",1996,"B","B2A3N","_T","K",-1,"Ventilation en activité",63
"S1",1996,"B","B2A3N","_T","L",-1,"Ventilation en activité",63
"S1",1996,"B","B2A3N","_T","M",-1,"Ventilation en activité",63
"S1",1996,"B","B2A3N","_T","N",-1,"Ventilation en activité",63
"S1",1996,"B","B2A3N","_T","O",-1,"Ventilation en activité",63
"S1",1996,"B","B2A3N","_T","P",-1,"Ventilation en activité",63
"S1",1996,"B","B2A3N","_T","Q",-1,"Ventilation en activité",63
"S1",1996,"B","B2A3N","_T","R",-1,"Ventilation en activité",63
"S1",1996,"B","B2A3N","_T","S",-1,"Ventilation en activité",63
"S1",1996,"B","B2A3N","_T","T",-1,"Ventilation en activité",63
"S1",1999,"D","D1","_T","_T",1,"Ventilation en activité",64
"S1",1999,"D","D1","_T","A",-1,"Ventilation en activité",64
"S1",1999,"D","D1","_T","B",-1,"Ventilation en activité",64
"S1",1999,"D","D1","_T","C",-1,"Ventilation en activité",64
"S1",1999,"D","D1","_T","D",-1,"Ventilation en activité",64
"S1",1999,"D","D1","_T","E",-1,"Ventilation en activité",64
"S1",1999,"D","D1","_T","F",-1,"Ventilation en activité",64
"S1",1999,"D","D1","_T","G",-1,"Ventilation en activité",64
"S1",1999,"D","D1","_T","H",-1,"Ventilation en activité",64
"S1",1999,"D","D1","_T","I",-1,"Ventilation en activité",64
"S1",1999,"D","D1","_T","J",-1,"Ventilation en activité",64
"S1",1999,"D","D1","_T","K",-1,"Ventilation en activité",64
"S1",1999,"D","D1","_T","L",-1,"Ventilation en activité",64
"S1",1999,"D","D1","_T","M",-1,"Ventilation en activité",64
"S1",1999,"D","D1","_T","N",-1,"Ventilation en activité",64
"S1",1999,"D","D1","_T","O",-1,"Ventilation en activité",64
"S1",1999,"D","D1","_T","P",-1,"Ventilation en activité",64
"S1",1999,"D","D1","_T","Q",-1,"Ventilation en activité",64
"S1",1999,"D","D1","_T","R",-1,"Ventilation en activité",64
"S1",1999,"D","D1","_T","S",-1,"Ventilation en activité",64
"S1",1999,"D","D1","_T","T",-1,"Ventilation en activité",64
"S1",1986,"B","B2A3N","_T","_T",1,"Ventilation en activité",65
"S1",1986,"B","B2A3N","_T","A",-1,"Ventilation en activité",65
"S1",1986,"B","B2A3N","_T","B",-1,"Ventilation en activité",65
"S1",1986,"B","B2A3N","_T","C",-1,"Ventilation en activité",65
"S1",1986,"B","B2A3N","_T","D",-1,"Ventilation en activité",65
"S1",1986,"B","B2A3N","_T","E",-1,"Ventilation en activité",65
"S1",1986,"B","B2A3N","_T","F",-1,"Ventilation en activité",65
"S1",1986,"B","B2A3N","_T","G",-1,"Ventilation en activité",65
"S1",1986,"B","B2A3N","_T","H",-1,"Ventilation en activité",65
"S1",1986,"B","B2A3N","_T","I",-1,"Ventilation en activité",65
"S1",1986,"B","B2A3N","_T","J",-1,"Ventilation en activité",65
"S1",1986,"B","B2A3N","_T","K",-1,"Ventilation en activité",65
"S1",1986,"B","B2A3N","_T","L",-1,"Ventilation en activité",65
"S1",1986,"B","B2A3N","_T","M",-1,"Ventilation en activité",65
"S1",1986,"B","B2A3N","_T","N",-1,"Ventilation en activité",65
"S1",1986,"B","B2A3N","_T","O",-1,"Ventilation en activité",65
"S1",1986,"B","B2A3N","_T","P",-1,"Ventilation en activité",65
"S1",1986,"B","B2A3N","_T","Q",-1,"Ventilation en activité",65
"S1",1986,"B","B2A3N","_T","R",-1,"Ventilation en activité",65
"S1",1986,"B","B2A3N","_T","S",-1,"Ventilation en activité",65
"S1",1986,"B","B2A3N","_T","T",-1,"Ventilation en activité",65
"S1",1989,"B","B1G","_T","_T",1,"Ventilation en activité",66
"S1",1989,"B","B1G","_T","A",-1,"Ventilation en activité",66
"S1",1989,"B","B1G","_T","B",-1,"Ventilation en activité",66
"S1",1989,"B","B1G","_T","C",-1,"Ventilation en activité",66
"S1",1989,"B","B1G","_T","D",-1,"Ventilation en activité",66
"S1",1989,"B","B1G","_T","E",-1,"Ventilation en activité",66
"S1",1989,"B","B1G","_T","F",-1,"Ventilation en activité",66
"S1",1989,"B","B1G","_T","G",-1,"Ventilation en activité",66
"S1",1989,"B","B1G","_T","H",-1,"Ventilation en activité",66
"S1",1989,"B","B1G","_T","I",-1,"Ventilation en activité",66
"S1",1989,"B","B1G","_T","J",-1,"Ventilation en activité",66
"S1",1989,"B","B1G","_T","K",-1,"Ventilation en activité",66
"S1",1989,"B","B1G","_T","L",-1,"Ventilation en activité",66
"S1",1989,"B","B1G","_T","M",-1,"Ventilation en activité",66
"S1",1989,"B","B1G","_T","N",-1,"Ventilation en activité",66
"S1",1989,"B","B1G","_T","O",-1,"Ventilation en activité",66
"S1",1989,"B","B1G","_T","P",-1,"Ventilation en activité",66
"S1",1989,"B","B1G","_T","Q",-1,"Ventilation en activité",66
"S1",1989,"B","B1G","_T","R",-1,"Ventilation en activité",66
"S1",1989,"B","B1G","_T","S",-1,"Ventilation en activité",66
"S1",1989,"B","B1G","_T","T",-1,"Ventilation en activité",66
"S1",2015,"D","D11","_T","_T",1,"Ventilation en activité",67
"S1",2015,"D","D11","_T","A",-1,"Ventilation en activité",67
"S1",2015,"D","D11","_T","B",-1,"Ventilation en activité",67
"S1",2015,"D","D11","_T","C",-1,"Ventilation en activité",67
"S1",2015,"D","D11","_T","D",-1,"Ventilation en activité",67
"S1",2015,"D","D11","_T","E",-1,"Ventilation en activité",67
"S1",2015,"D","D11","_T","F",-1,"Ventilation en activité",67
"S1",2015,"D","D11","_T","G",-1,"Ventilation en activité",67
"S1",2015,"D","D11","_T","H",-1,"Ventilation en activité",67
"S1",2015,"D","D11","_T","I",-1,"Ventilation en activité",67
"S1",2015,"D","D11","_T","J",-1,"Ventilation en activité",67
"S1",2015,"D","D11","_T","K",-1,"Ventilation en activité",67
"S1",2015,"D","D11","_T","L",-1,"Ventilation en activité",67
"S1",2015,"D","D11","_T","M",-1,"Ventilation en activité",67
"S1",2015,"D","D11","_T","N",-1,"Ventilation en activité",67
"S1",2015,"D","D11","_T","O",-1,"Ventilation en activité",67
"S1",2015,"D","D11","_T","P",-1,"Ventilation en activité",67
"S1",2015,"D","D11","_T","Q",-1,"Ventilation en activité",67
"S1",2015,"D","D11","_T","R",-1,"Ventilation en activité",67
"S1",2015,"D","D11","_T","S",-1,"Ventilation en activité",67
"S1",2015,"D","D11","_T","T",-1,"Ventilation en activité",67
"S1",2001,"B","B2A3N","_T","_T",1,"Ventilation en activité",68
"S1",2001,"B","B2A3N","_T","A",-1,"Ventilation en activité",68
"S1",2001,"B","B2A3N","_T","B",-1,"Ventilation en activité",68
"S1",2001,"B","B2A3N","_T","C",-1,"Ventilation en activité",68
"S1",2001,"B","B2A3N","_T","D",-1,"Ventilation en activité",68
"S1",2001,"B","B2A3N","_T","E",-1,"Ventilation en activité",68
"S1",2001,"B","B2A3N","_T","F",-1,"Ventilation en activité",68
"S1",2001,"B","B2A3N","_T","G",-1,"Ventilation en activité",68
"S1",2001,"B","B2A3N","_T","H",-1,"Ventilation en activité",68
"S1",2001,"B","B2A3N","_T","I",-1,"Ventilation en activité",68
"S1",2001,"B","B2A3N","_T","J",-1,"Ventilation en activité",68
"S1",2001,"B","B2A3N","_T","K",-1,"Ventilation en activité",68
"S1",2001,"B","B2A3N","_T","L",-1,"Ventilation en activité",68
"S1",2001,"B","B2A3N","_T","M",-1,"Ventilation en activité",68
"S1",2001,"B","B2A3N","_T","N",-1,"Ventilation en activité",68
"S1",2001,"B","B2A3N","_T","O",-1,"Ventilation en activité",68
"S1",2001,"B","B2A3N","_T","P",-1,"Ventilation en activité",68
"S1",2001,"B","B2A3N","_T","Q",-1,"Ventilation en activité",68
"S1",2001,"B","B2A3N","_T","R",-1,"Ventilation en activité",68
"S1",2001,"B","B2A3N","_T","S",-1,"Ventilation en activité",68
"S1",2001,"B","B2A3N","_T","T",-1,"Ventilation en activité",68
"S1",2007,"D","P51C","_T","_T",1,"Ventilation en activité",69
"S1",2007,"D","P51C","_T","A",-1,"Ventilation en activité",69
"S1",2007,"D","P51C","_T","B",-1,"Ventilation en activité",69
"S1",2007,"D","P51C","_T","C",-1,"Ventilation en activité",69
"S1",2007,"D","P51C","_T","D",-1,"Ventilation en activité",69
"S1",2007,"D","P51C","_T","E",-1,"Ventilation en activité",69
"S1",2007,"D","P51C","_T","F",-1,"Ventilation en activité",69
"S1",2007,"D","P51C","_T","G",-1,"Ventilation en activité",69
"S1",2007,"D","P51C","_T","H",-1,"Ventilation en activité",69
"S1",2007,"D","P51C","_T","I",-1,"Ventilation en activité",69
"S1",2007,"D","P51C","_T","J",-1,"Ventilation en activité",69
"S1",2007,"D","P51C","_T","K",-1,"Ventilation en activité",69
"S1",2007,"D","P51C","_T","L",-1,"Ventilation en activité",69
"S1",2007,"D","P51C","_T","M",-1,"Ventilation en activité",69
"S1",2007,"D","P51C","_T","N",-1,"Ventilation en activité",69
"S1",2007,"D","P51C","_T","O",-1,"Ventilation en activité",69
"S1",2007,"D","P51C","_T","P",-1,"Ventilation en activité",69
"S1",2007,"D","P51C","_T","Q",-1,"Ventilation en activité",69
"S1",2007,"D","P51C","_T","R",-1,"Ventilation en activité",69
"S1",2007,"D","P51C","_T","S",-1,"Ventilation en activité",69
"S1",2021,"C","P1","_T","_T",1,"Ventilation en activité",70
"S1",2021,"C","P1","_T","A",-1,"Ventilation en activité",70
"S1",2021,"C","P1","_T","B",-1,"Ventilation en activité",70
"S1",2021,"C","P1","_T","C",-1,"Ventilation en activité",70
"S1",2021,"C","P1","_T","D",-1,"Ventilation en activité",70
"S1",2021,"C","P1","_T","E",-1,"Ventilation en activité",70
"S1",2021,"C","P1","_T","F",-1,"Ventilation en activité",70
"S1",2021,"C","P1","_T","G",-1,"Ventilation en activité",70
"S1",2021,"C","P1","_T","H",-1,"Ventilation en activité",70
"S1",2021,"C","P1","_T","I",-1,"Ventilation en activité",70
"S1",2021,"C","P1","_T","J",-1,"Ventilation en activité",70
"S1",2021,"C","P1","_T","K",-1,"Ventilation en activité",70
"S1",2021,"C","P1","_T","L",-1,"Ventilation en activité",70
"S1",2021,"C","P1","_T","M",-1,"Ventilation en activité",70
"S1",2021,"C","P1","_T","N",-1,"Ventilation en activité",70
"S1",2021,"C","P1","_T","O",-1,"Ventilation en activité",70
"S1",2021,"C","P1","_T","P",-1,"Ventilation en activité",70
"S1",2021,"C","P1","_T","Q",-1,"Ventilation en activité",70
"S1",2021,"C","P1","_T","R",-1,"Ventilation en activité",70
"S1",2021,"C","P1","_T","S",-1,"Ventilation en activité",70
"S1",2021,"C","P1","_T","T",-1,"Ventilation en activité",70
"S1",1997,"C","P1","_T","_T",1,"Ventilation en activité",71
"S1",1997,"C","P1","_T","A",-1,"Ventilation en activité",71
"S1",1997,"C","P1","_T","B",-1,"Ventilation en activité",71
"S1",1997,"C","P1","_T","C",-1,"Ventilation en activité",71
"S1",1997,"C","P1","_T","D",-1,"Ventilation en activité",71
"S1",1997,"C","P1","_T","E",-1,"Ventilation en activité",71
"S1",1997,"C","P1","_T","F",-1,"Ventilation en activité",71
"S1",1997,"C","P1","_T","G",-1,"Ventilation en activité",71
"S1",1997,"C","P1","_T","H",-1,"Ventilation en activité",71
"S1",1997,"C","P1","_T","I",-1,"Ventilation en activité",71
"S1",1997,"C","P1","_T","J",-1,"Ventilation en activité",71
"S1",1997,"C","P1","_T","K",-1,"Ventilation en activité",71
"S1",1997,"C","P1","_T","L",-1,"Ventilation en activité",71
"S1",1997,"C","P1","_T","M",-1,"Ventilation en activité",71
"S1",1997,"C","P1","_T","N",-1,"Ventilation en activité",71
"S1",1997,"C","P1","_T","O",-1,"Ventilation en activité",71
"S1",1997,"C","P1","_T","P",-1,"Ventilation en activité",71
"S1",1997,"C","P1","_T","Q",-1,"Ventilation en activité",71
"S1",1997,"C","P1","_T","R",-1,"Ventilation en activité",71
"S1",1997,"C","P1","_T","S",-1,"Ventilation en activité",71
"S1",1997,"C","P1","_T","T",-1,"Ventilation en activité",71
"S1",2005,"D","D1","_T","_T",1,"Ventilation en activité",72
"S1",2005,"D","D1","_T","A",-1,"Ventilation en activité",72
"S1",2005,"D","D1","_T","B",-1,"Ventilation en activité",72
"S1",2005,"D","D1","_T","C",-1,"Ventilation en activité",72
"S1",2005,"D","D1","_T","D",-1,"Ventilation en activité",72
"S1",2005,"D","D1","_T","E",-1,"Ventilation en activité",72
"S1",2005,"D","D1","_T","F",-1,"Ventilation en activité",72
"S1",2005,"D","D1","_T","G",-1,"Ventilation en activité",72
"S1",2005,"D","D1","_T","H",-1,"Ventilation en activité",72
"S1",2005,"D","D1","_T","I",-1,"Ventilation en activité",72
"S1",2005,"D","D1","_T","J",-1,"Ventilation en activité",72
"S1",2005,"D","D1","_T","K",-1,"Ventilation en activité",72
"S1",2005,"D","D1","_T","L",-1,"Ventilation en activité",72
"S1",2005,"D","D1","_T","M",-1,"Ventilation en activité",72
"S1",2005,"D","D1","_T","N",-1,"Ventilation en activité",72
"S1",2005,"D","D1","_T","O",-1,"Ventilation en activité",72
"S1",2005,"D","D1","_T","P",-1,"Ventilation en activité",72
"S1",2005,"D","D1","_T","Q",-1,"Ventilation en activité",72
"S1",2005,"D","D1","_T","R",-1,"Ventilation en activité",72
"S1",2005,"D","D1","_T","S",-1,"Ventilation en activité",72
"S1",2005,"D","D1","_T","T",-1,"Ventilation en activité",72
"S1",2003,"D","D11","_T","_T",1,"Ventilation en activité",73
"S1",2003,"D","D11","_T","A",-1,"Ventilation en activité",73
"S1",2003,"D","D11","_T","B",-1,"Ventilation en activité",73
"S1",2003,"D","D11","_T","C",-1,"Ventilation en activité",73
"S1",2003,"D","D11","_T","D",-1,"Ventilation en activité",73
"S1",2003,"D","D11","_T","E",-1,"Ventilation en activité",73
"S1",2003,"D","D11","_T","F",-1,"Ventilation en activité",73
"S1",2003,"D","D11","_T","G",-1,"Ventilation en activité",73
"S1",2003,"D","D11","_T","H",-1,"Ventilation en activité",73
"S1",2003,"D","D11","_T","I",-1,"Ventilation en activité",73
"S1",2003,"D","D11","_T","J",-1,"Ventilation en activité",73
"S1",2003,"D","D11","_T","K",-1,"Ventilation en activité",73
"S1",2003,"D","D11","_T","L",-1,"Ventilation en activité",73
"S1",2003,"D","D11","_T","M",-1,"Ventilation en activité",73
"S1",2003,"D","D11","_T","N",-1,"Ventilation en activité",73
"S1",2003,"D","D11","_T","O",-1,"Ventilation en activité",73
"S1",2003,"D","D11","_T","P",-1,"Ventilation en activité",73
"S1",2003,"D","D11","_T","Q",-1,"Ventilation en activité",73
"S1",2003,"D","D11","_T","R",-1,"Ventilation en activité",73
"S1",2003,"D","D11","_T","S",-1,"Ventilation en activité",73
"S1",2003,"D","D11","_T","T",-1,"Ventilation en activité",73
"S1",1987,"B","B1G","_T","_T",1,"Ventilation en activité",74
"S1",1987,"B","B1G","_T","A",-1,"Ventilation en activité",74
"S1",1987,"B","B1G","_T","B",-1,"Ventilation en activité",74
"S1",1987,"B","B1G","_T","C",-1,"Ventilation en activité",74
"S1",1987,"B","B1G","_T","D",-1,"Ventilation en activité",74
"S1",1987,"B","B1G","_T","E",-1,"Ventilation en activité",74
"S1",1987,"B","B1G","_T","F",-1,"Ventilation en activité",74
"S1",1987,"B","B1G","_T","G",-1,"Ventilation en activité",74
"S1",1987,"B","B1G","_T","H",-1,"Ventilation en activité",74
"S1",1987,"B","B1G","_T","I",-1,"Ventilation en activité",74
"S1",1987,"B","B1G","_T","J",-1,"Ventilation en activité",74
"S1",1987,"B","B1G","_T","K",-1,"Ventilation en activité",74
"S1",1987,"B","B1G","_T","L",-1,"Ventilation en activité",74
"S1",1987,"B","B1G","_T","M",-1,"Ventilation en activité",74
"S1",1987,"B","B1G","_T","N",-1,"Ventilation en activité",74
"S1",1987,"B","B1G","_T","O",-1,"Ventilation en activité",74
"S1",1987,"B","B1G","_T","P",-1,"Ventilation en activité",74
"S1",1987,"B","B1G","_T","Q",-1,"Ventilation en activité",74
"S1",1987,"B","B1G","_T","R",-1,"Ventilation en activité",74
"S1",1987,"B","B1G","_T","S",-1,"Ventilation en activité",74
"S1",1987,"B","B1G","_T","T",-1,"Ventilation en activité",74
"S1",1994,"D","D11","_T","_T",1,"Ventilation en activité",75
"S1",1994,"D","D11","_T","A",-1,"Ventilation en activité",75
"S1",1994,"D","D11","_T","B",-1,"Ventilation en activité",75
"S1",1994,"D","D11","_T","C",-1,"Ventilation en activité",75
"S1",1994,"D","D11","_T","D",-1,"Ventilation en activité",75
"S1",1994,"D","D11","_T","E",-1,"Ventilation en activité",75
"S1",1994,"D","D11","_T","F",-1,"Ventilation en activité",75
"S1",1994,"D","D11","_T","G",-1,"Ventilation en activité",75
"S1",1994,"D","D11","_T","H",-1,"Ventilation en activité",75
"S1",1994,"D","D11","_T","I",-1,"Ventilation en activité",75
"S1",1994,"D","D11","_T","J",-1,"Ventilation en activité",75
"S1",1994,"D","D11","_T","K",-1,"Ventilation en activité",75
"S1",1994,"D","D11","_T","L",-1,"Ventilation en activité",75
"S1",1994,"D","D11","_T","M",-1,"Ventilation en activité",75
"S1",1994,"D","D11","_T","N",-1,"Ventilation en activité",75
"S1",1994,"D","D11","_T","O",-1,"Ventilation en activité",75
"S1",1994,"D","D11","_T","P",-1,"Ventilation en activité",75
"S1",1994,"D","D11","_T","Q",-1,"Ventilation en activité",75
"S1",1994,"D","D11","_T","R",-1,"Ventilation en activité",75
"S1",1994,"D","D11","_T","S",-1,"Ventilation en activité",75
"S1",1994,"D","D11","_T","T",-1,"Ventilation en activité",75
"S1",2020,"B","B1G","_T","_T",1,"Ventilation en activité",76
"S1",2020,"B","B1G","_T","A",-1,"Ventilation en activité",76
"S1",2020,"B","B1G","_T","B",-1,"Ventilation en activité",76
"S1",2020,"B","B1G","_T","C",-1,"Ventilation en activité",76
"S1",2020,"B","B1G","_T","D",-1,"Ventilation en activité",76
"S1",2020,"B","B1G","_T","E",-1,"Ventilation en activité",76
"S1",2020,"B","B1G","_T","F",-1,"Ventilation en activité",76
"S1",2020,"B","B1G","_T","G",-1,"Ventilation en activité",76
"S1",2020,"B","B1G","_T","H",-1,"Ventilation en activité",76
"S1",2020,"B","B1G","_T","I",-1,"Ventilation en activité",76
"S1",2020,"B","B1G","_T","J",-1,"Ventilation en activité",76
"S1",2020,"B","B1G","_T","K",-1,"Ventilation en activité",76
"S1",2020,"B","B1G","_T","L",-1,"Ventilation en activité",76
"S1",2020,"B","B1G","_T","M",-1,"Ventilation en activité",76
"S1",2020,"B","B1G","_T","N",-1,"Ventilation en activité",76
"S1",2020,"B","B1G","_T","O",-1,"Ventilation en activité",76
"S1",2020,"B","B1G","_T","P",-1,"Ventilation en activité",76
"S1",2020,"B","B1G","_T","Q",-1,"Ventilation en activité",76
"S1",2020,"B","B1G","_T","R",-1,"Ventilation en activité",76
"S1",2020,"B","B1G","_T","S",-1,"Ventilation en activité",76
"S1",2020,"B","B1G","_T","T",-1,"Ventilation en activité",76
"S1",2000,"B","B1G","_T","_T",1,"Ventilation en activité",77
"S1",2000,"B","B1G","_T","A",-1,"Ventilation en activité",77
"S1",2000,"B","B1G","_T","B",-1,"Ventilation en activité",77
"S1",2000,"B","B1G","_T","C",-1,"Ventilation en activité",77
"S1",2000,"B","B1G","_T","D",-1,"Ventilation en activité",77
"S1",2000,"B","B1G","_T","E",-1,"Ventilation en activité",77
"S1",2000,"B","B1G","_T","F",-1,"Ventilation en activité",77
"S1",2000,"B","B1G","_T","G",-1,"Ventilation en activité",77
"S1",2000,"B","B1G","_T","H",-1,"Ventilation en activité",77
"S1",2000,"B","B1G","_T","I",-1,"Ventilation en activité",77
"S1",2000,"B","B1G","_T","J",-1,"Ventilation en activité",77
"S1",2000,"B","B1G","_T","K",-1,"Ventilation en activité",77
"S1",2000,"B","B1G","_T","L",-1,"Ventilation en activité",77
"S1",2000,"B","B1G","_T","M",-1,"Ventilation en activité",77
"S1",2000,"B","B1G","_T","N",-1,"Ventilation en activité",77
"S1",2000,"B","B1G","_T","O",-1,"Ventilation en activité",77
"S1",2000,"B","B1G","_T","P",-1,"Ventilation en activité",77
"S1",2000,"B","B1G","_T","Q",-1,"Ventilation en activité",77
"S1",2000,"B","B1G","_T","R",-1,"Ventilation en activité",77
"S1",2000,"B","B1G","_T","S",-1,"Ventilation en activité",77
"S1",2000,"B","B1G","_T","T",-1,"Ventilation en activité",77
"S1",1996,"D","D11","_T","_T",1,"Ventilation en activité",78
"S1",1996,"D","D11","_T","A",-1,"Ventilation en activité",78
"S1",1996,"D","D11","_T","B",-1,"Ventilation en activité",78
"S1",1996,"D","D11","_T","C",-1,"Ventilation en activité",78
"S1",1996,"D","D11","_T","D",-1,"Ventilation en activité",78
"S1",1996,"D","D11","_T","E",-1,"Ventilation en activité",78
"S1",1996,"D","D11","_T","F",-1,"Ventilation en activité",78
"S1",1996,"D","D11","_T","G",-1,"Ventilation en activité",78
"S1",1996,"D","D11","_T","H",-1,"Ventilation en activité",78
"S1",1996,"D","D11","_T","I",-1,"Ventilation en activité",78
"S1",1996,"D","D11","_T","J",-1,"Ventilation en activité",78
"S1",1996,"D","D11","_T","K",-1,"Ventilation en activité",78
"S1",1996,"D","D11","_T","L",-1,"Ventilation en activité",78
"S1",1996,"D","D11","_T","M",-1,"Ventilation en activité",78
"S1",1996,"D","D11","_T","N",-1,"Ventilation en activité",78
"S1",1996,"D","D11","_T","O",-1,"Ventilation en activité",78
"S1",1996,"D","D11","_T","P",-1,"Ventilation en activité",78
"S1",1996,"D","D11","_T","Q",-1,"Ventilation en activité",78
"S1",1996,"D","D11","_T","R",-1,"Ventilation en activité",78
"S1",1996,"D","D11","_T","S",-1,"Ventilation en activité",78
"S1",1996,"D","D11","_T","T",-1,"Ventilation en activité",78
"S1",2020,"D","P51C","_T","_T",1,"Ventilation en activité",79
"S1",2020,"D","P51C","_T","A",-1,"Ventilation en activité",79
"S1",2020,"D","P51C","_T","B",-1,"Ventilation en activité",79
"S1",2020,"D","P51C","_T","C",-1,"Ventilation en activité",79
"S1",2020,"D","P51C","_T","D",-1,"Ventilation en activité",79
"S1",2020,"D","P51C","_T","E",-1,"Ventilation en activité",79
"S1",2020,"D","P51C","_T","F",-1,"Ventilation en activité",79
"S1",2020,"D","P51C","_T","G",-1,"Ventilation en activité",79
"S1",2020,"D","P51C","_T","H",-1,"Ventilation en activité",79
"S1",2020,"D","P51C","_T","I",-1,"Ventilation en activité",79
"S1",2020,"D","P51C","_T","J",-1,"Ventilation en activité",79
"S1",2020,"D","P51C","_T","K",-1,"Ventilation en activité",79
"S1",2020,"D","P51C","_T","L",-1,"Ventilation en activité",79
"S1",2020,"D","P51C","_T","M",-1,"Ventilation en activité",79
"S1",2020,"D","P51C","_T","N",-1,"Ventilation en activité",79
"S1",2020,"D","P51C","_T","O",-1,"Ventilation en activité",79
"S1",2020,"D","P51C","_T","P",-1,"Ventilation en activité",79
"S1",2020,"D","P51C","_T","Q",-1,"Ventilation en activité",79
"S1",2020,"D","P51C","_T","R",-1,"Ventilation en activité",79
"S1",2020,"D","P51C","_T","S",-1,"Ventilation en activité",79
"S1",2011,"D","D11","_T","_T",1,"Ventilation en activité",80
"S1",2011,"D","D11","_T","A",-1,"Ventilation en activité",80
"S1",2011,"D","D11","_T","B",-1,"Ventilation en activité",80
"S1",2011,"D","D11","_T","C",-1,"Ventilation en activité",80
"S1",2011,"D","D11","_T","D",-1,"Ventilation en activité",80
"S1",2011,"D","D11","_T","E",-1,"Ventilation en activité",80
"S1",2011,"D","D11","_T","F",-1,"Ventilation en activité",80
"S1",2011,"D","D11","_T","G",-1,"Ventilation en activité",80
"S1",2011,"D","D11","_T","H",-1,"Ventilation en activité",80
"S1",2011,"D","D11","_T","I",-1,"Ventilation en activité",80
"S1",2011,"D","D11","_T","J",-1,"Ventilation en activité",80
"S1",2011,"D","D11","_T","K",-1,"Ventilation en activité",80
"S1",2011,"D","D11","_T","L",-1,"Ventilation en activité",80
"S1",2011,"D","D11","_T","M",-1,"Ventilation en activité",80
"S1",2011,"D","D11","_T","N",-1,"Ventilation en activité",80
"S1",2011,"D","D11","_T","O",-1,"Ventilation en activité",80
"S1",2011,"D","D11","_T","P",-1,"Ventilation en activité",80
"S1",2011,"D","D11","_T","Q",-1,"Ventilation en activité",80
"S1",2011,"D","D11","_T","R",-1,"Ventilation en activité",80
"S1",2011,"D","D11","_T","S",-1,"Ventilation en activité",80
"S1",2011,"D","D11","_T","T",-1,"Ventilation en activité",80
"S1",1987,"D","D1","_T","_T",1,"Ventilation en activité",81
"S1",1987,"D","D1","_T","A",-1,"Ventilation en activité",81
"S1",1987,"D","D1","_T","B",-1,"Ventilation en activité",81
"S1",1987,"D","D1","_T","C",-1,"Ventilation en activité",81
"S1",1987,"D","D1","_T","D",-1,"Ventilation en activité",81
"S1",1987,"D","D1","_T","E",-1,"Ventilation en activité",81
"S1",1987,"D","D1","_T","F",-1,"Ventilation en activité",81
"S1",1987,"D","D1","_T","G",-1,"Ventilation en activité",81
"S1",1987,"D","D1","_T","H",-1,"Ventilation en activité",81
"S1",1987,"D","D1","_T","I",-1,"Ventilation en activité",81
"S1",1987,"D","D1","_T","J",-1,"Ventilation en activité",81
"S1",1987,"D","D1","_T","K",-1,"Ventilation en activité",81
"S1",1987,"D","D1","_T","L",-1,"Ventilation en activité",81
"S1",1987,"D","D1","_T","M",-1,"Ventilation en activité",81
"S1",1987,"D","D1","_T","N",-1,"Ventilation en activité",81
"S1",1987,"D","D1","_T","O",-1,"Ventilation en activité",81
"S1",1987,"D","D1","_T","P",-1,"Ventilation en activité",81
"S1",1987,"D","D1","_T","Q",-1,"Ventilation en activité",81
"S1",1987,"D","D1","_T","R",-1,"Ventilation en activité",81
"S1",1987,"D","D1","_T","S",-1,"Ventilation en activité",81
"S1",1987,"D","D1","_T","T",-1,"Ventilation en activité",81
"S1",2022,"D","P51C","_T","_T",1,"Ventilation en activité",82
"S1",2022,"D","P51C","_T","A",-1,"Ventilation en activité",82
"S1",2022,"D","P51C","_T","B",-1,"Ventilation en activité",82
"S1",2022,"D","P51C","_T","C",-1,"Ventilation en activité",82
"S1",2022,"D","P51C","_T","D",-1,"Ventilation en activité",82
"S1",2022,"D","P51C","_T","E",-1,"Ventilation en activité",82
"S1",2022,"D","P51C","_T","F",-1,"Ventilation en activité",82
"S1",2022,"D","P51C","_T","G",-1,"Ventilation en activité",82
"S1",2022,"D","P51C","_T","H",-1,"Ventilation en activité",82
"S1",2022,"D","P51C","_T","I",-1,"Ventilation en activité",82
"S1",2022,"D","P51C","_T","J",-1,"Ventilation en activité",82
"S1",2022,"D","P51C","_T","K",-1,"Ventilation en activité",82
"S1",2022,"D","P51C","_T","L",-1,"Ventilation en activité",82
"S1",2022,"D","P51C","_T","M",-1,"Ventilation en activité",82
"S1",2022,"D","P51C","_T","N",-1,"Ventilation en activité",82
"S1",2022,"D","P51C","_T","O",-1,"Ventilation en activité",82
"S1",2022,"D","P51C","_T","P",-1,"Ventilation en activité",82
"S1",2022,"D","P51C","_T","Q",-1,"Ventilation en activité",82
"S1",2022,"D","P51C","_T","R",-1,"Ventilation en activité",82
"S1",2022,"D","P51C","_T","S",-1,"Ventilation en activité",82
"S1",2005,"D","P2","_T","_T",1,"Ventilation en activité",83
"S1",2005,"D","P2","_T","A",-1,"Ventilation en activité",83
"S1",2005,"D","P2","_T","B",-1,"Ventilation en activité",83
"S1",2005,"D","P2","_T","C",-1,"Ventilation en activité",83
"S1",2005,"D","P2","_T","D",-1,"Ventilation en activité",83
"S1",2005,"D","P2","_T","E",-1,"Ventilation en activité",83
"S1",2005,"D","P2","_T","F",-1,"Ventilation en activité",83
"S1",2005,"D","P2","_T","G",-1,"Ventilation en activité",83
"S1",2005,"D","P2","_T","H",-1,"Ventilation en activité",83
"S1",2005,"D","P2","_T","I",-1,"Ventilation en activité",83
"S1",2005,"D","P2","_T","J",-1,"Ventilation en activité",83
"S1",2005,"D","P2","_T","K",-1,"Ventilation en activité",83
"S1",2005,"D","P2","_T","L",-1,"Ventilation en activité",83
"S1",2005,"D","P2","_T","M",-1,"Ventilation en activité",83
"S1",2005,"D","P2","_T","N",-1,"Ventilation en activité",83
"S1",2005,"D","P2","_T","O",-1,"Ventilation en activité",83
"S1",2005,"D","P2","_T","P",-1,"Ventilation en activité",83
"S1",2005,"D","P2","_T","Q",-1,"Ventilation en activité",83
"S1",2005,"D","P2","_T","R",-1,"Ventilation en activité",83
"S1",2005,"D","P2","_T","S",-1,"Ventilation en activité",83
"S1",2020,"C","P1","_T","_T",1,"Ventilation en activité",84
"S1",2020,"C","P1","_T","A",-1,"Ventilation en activité",84
"S1",2020,"C","P1","_T","B",-1,"Ventilation en activité",84
"S1",2020,"C","P1","_T","C",-1,"Ventilation en activité",84
"S1",2020,"C","P1","_T","D",-1,"Ventilation en activité",84
"S1",2020,"C","P1","_T","E",-1,"Ventilation en activité",84
"S1",2020,"C","P1","_T","F",-1,"Ventilation en activité",84
"S1",2020,"C","P1","_T","G",-1,"Ventilation en activité",84
"S1",2020,"C","P1","_T","H",-1,"Ventilation en activité",84
"S1",2020,"C","P1","_T","I",-1,"Ventilation en activité",84
"S1",2020,"C","P1","_T","J",-1,"Ventilation en activité",84
"S1",2020,"C","P1","_T","K",-1,"Ventilation en activité",84
"S1",2020,"C","P1","_T","L",-1,"Ventilation en activité",84
"S1",2020,"C","P1","_T","M",-1,"Ventilation en activité",84
"S1",2020,"C","P1","_T","N",-1,"Ventilation en activité",84
"S1",2020,"C","P1","_T","O",-1,"Ventilation en activité",84
"S1",2020,"C","P1","_T","P",-1,"Ventilation en activité",84
"S1",2020,"C","P1","_T","Q",-1,"Ventilation en activité",84
"S1",2020,"C","P1","_T","R",-1,"Ventilation en activité",84
"S1",2020,"C","P1","_T","S",-1,"Ventilation en activité",84
"S1",2020,"C","P1","_T","T",-1,"Ventilation en activité",84
"S1",1980,"D","P51C","_T","_T",1,"Ventilation en activité",85
"S1",1980,"D","P51C","_T","A",-1,"Ventilation en activité",85
"S1",1980,"D","P51C","_T","B",-1,"Ventilation en activité",85
"S1",1980,"D","P51C","_T","C",-1,"Ventilation en activité",85
"S1",1980,"D","P51C","_T","D",-1,"Ventilation en activité",85
"S1",1980,"D","P51C","_T","E",-1,"Ventilation en activité",85
"S1",1980,"D","P51C","_T","F",-1,"Ventilation en activité",85
"S1",1980,"D","P51C","_T","G",-1,"Ventilation en activité",85
"S1",1980,"D","P51C","_T","H",-1,"Ventilation en activité",85
"S1",1980,"D","P51C","_T","I",-1,"Ventilation en activité",85
"S1",1980,"D","P51C","_T","J",-1,"Ventilation en activité",85
"S1",1980,"D","P51C","_T","K",-1,"Ventilation en activité",85
"S1",1980,"D","P51C","_T","L",-1,"Ventilation en activité",85
"S1",1980,"D","P51C","_T","M",-1,"Ventilation en activité",85
"S1",1980,"D","P51C","_T","N",-1,"Ventilation en activité",85
"S1",1980,"D","P51C","_T","O",-1,"Ventilation en activité",85
"S1",1980,"D","P51C","_T","P",-1,"Ventilation en activité",85
"S1",1980,"D","P51C","_T","Q",-1,"Ventilation en activité",85
"S1",1980,"D","P51C","_T","R",-1,"Ventilation en activité",85
"S1",1980,"D","P51C","_T","S",-1,"Ventilation en activité",85
"S1",2002,"D","D1","_T","_T",1,"Ventilation en activité",86
"S1",2002,"D","D1","_T","A",-1,"Ventilation en activité",86
"S1",2002,"D","D1","_T","B",-1,"Ventilation en activité",86
"S1",2002,"D","D1","_T","C",-1,"Ventilation en activité",86
"S1",2002,"D","D1","_T","D",-1,"Ventilation en activité",86
"S1",2002,"D","D1","_T","E",-1,"Ventilation en activité",86
"S1",2002,"D","D1","_T","F",-1,"Ventilation en activité",86
"S1",2002,"D","D1","_T","G",-1,"Ventilation en activité",86
"S1",2002,"D","D1","_T","H",-1,"Ventilation en activité",86
"S1",2002,"D","D1","_T","I",-1,"Ventilation en activité",86
"S1",2002,"D","D1","_T","J",-1,"Ventilation en activité",86
"S1",2002,"D","D1","_T","K",-1,"Ventilation en activité",86
"S1",2002,"D","D1","_T","L",-1,"Ventilation en activité",86
"S1",2002,"D","D1","_T","M",-1,"Ventilation en activité",86
"S1",2002,"D","D1","_T","N",-1,"Ventilation en activité",86
"S1",2002,"D","D1","_T","O",-1,"Ventilation en activité",86
"S1",2002,"D","D1","_T","P",-1,"Ventilation en activité",86
"S1",2002,"D","D1","_T","Q",-1,"Ventilation en activité",86
"S1",2002,"D","D1","_T","R",-1,"Ventilation en activité",86
"S1",2002,"D","D1","_T","S",-1,"Ventilation en activité",86
"S1",2002,"D","D1","_T","T",-1,"Ventilation en activité",86
"S1",1995,"C","P1","_T","_T",1,"Ventilation en activité",87
"S1",1995,"C","P1","_T","A",-1,"Ventilation en activité",87
"S1",1995,"C","P1","_T","B",-1,"Ventilation en activité",87
"S1",1995,"C","P1","_T","C",-1,"Ventilation en activité",87
"S1",1995,"C","P1","_T","D",-1,"Ventilation en activité",87
"S1",1995,"C","P1","_T","E",-1,"Ventilation en activité",87
"S1",1995,"C","P1","_T","F",-1,"Ventilation en activité",87
"S1",1995,"C","P1","_T","G",-1,"Ventilation en activité",87
"S1",1995,"C","P1","_T","H",-1,"Ventilation en activité",87
"S1",1995,"C","P1","_T","I",-1,"Ventilation en activité",87
"S1",1995,"C","P1","_T","J",-1,"Ventilation en activité",87
"S1",1995,"C","P1","_T","K",-1,"Ventilation en activité",87
"S1",1995,"C","P1","_T","L",-1,"Ventilation en activité",87
"S1",1995,"C","P1","_T","M",-1,"Ventilation en activité",87
"S1",1995,"C","P1","_T","N",-1,"Ventilation en activité",87
"S1",1995,"C","P1","_T","O",-1,"Ventilation en activité",87
"S1",1995,"C","P1","_T","P",-1,"Ventilation en activité",87
"S1",1995,"C","P1","_T","Q",-1,"Ventilation en activité",87
"S1",1995,"C","P1","_T","R",-1,"Ventilation en activité",87
"S1",1995,"C","P1","_T","S",-1,"Ventilation en activité",87
"S1",1995,"C","P1","_T","T",-1,"Ventilation en activité",87
"S1",2000,"D","D1","_T","_T",1,"Ventilation en activité",88
"S1",2000,"D","D1","_T","A",-1,"Ventilation en activité",88
"S1",2000,"D","D1","_T","B",-1,"Ventilation en activité",88
"S1",2000,"D","D1","_T","C",-1,"Ventilation en activité",88
"S1",2000,"D","D1","_T","D",-1,"Ventilation en activité",88
"S1",2000,"D","D1","_T","E",-1,"Ventilation en activité",88
"S1",2000,"D","D1","_T","F",-1,"Ventilation en activité",88
"S1",2000,"D","D1","_T","G",-1,"Ventilation en activité",88
"S1",2000,"D","D1","_T","H",-1,"Ventilation en activité",88
"S1",2000,"D","D1","_T","I",-1,"Ventilation en activité",88
"S1",2000,"D","D1","_T","J",-1,"Ventilation en activité",88
"S1",2000,"D","D1","_T","K",-1,"Ventilation en activité",88
"S1",2000,"D","D1","_T","L",-1,"Ventilation en activité",88
"S1",2000,"D","D1","_T","M",-1,"Ventilation en activité",88
"S1",2000,"D","D1","_T","N",-1,"Ventilation en activité",88
"S1",2000,"D","D1","_T","O",-1,"Ventilation en activité",88
"S1",2000,"D","D1","_T","P",-1,"Ventilation en activité",88
"S1",2000,"D","D1","_T","Q",-1,"Ventilation en activité",88
"S1",2000,"D","D1","_T","R",-1,"Ventilation en activité",88
"S1",2000,"D","D1","_T","S",-1,"Ventilation en activité",88
"S1",2000,"D","D1","_T","T",-1,"Ventilation en activité",88
"S1",2014,"D","D11","_T","_T",1,"Ventilation en activité",89
"S1",2014,"D","D11","_T","A",-1,"Ventilation en activité",89
"S1",2014,"D","D11","_T","B",-1,"Ventilation en activité",89
"S1",2014,"D","D11","_T","C",-1,"Ventilation en activité",89
"S1",2014,"D","D11","_T","D",-1,"Ventilation en activité",89
"S1",2014,"D","D11","_T","E",-1,"Ventilation en activité",89
"S1",2014,"D","D11","_T","F",-1,"Ventilation en activité",89
"S1",2014,"D","D11","_T","G",-1,"Ventilation en activité",89
"S1",2014,"D","D11","_T","H",-1,"Ventilation en activité",89
"S1",2014,"D","D11","_T","I",-1,"Ventilation en activité",89
"S1",2014,"D","D11","_T","J",-1,"Ventilation en activité",89
"S1",2014,"D","D11","_T","K",-1,"Ventilation en activité",89
"S1",2014,"D","D11","_T","L",-1,"Ventilation en activité",89
"S1",2014,"D","D11","_T","M",-1,"Ventilation en activité",89
"S1",2014,"D","D11","_T","N",-1,"Ventilation en activité",89
"S1",2014,"D","D11","_T","O",-1,"Ventilation en activité",89
"S1",2014,"D","D11","_T","P",-1,"Ventilation en activité",89
"S1",2014,"D","D11","_T","Q",-1,"Ventilation en activité",89
"S1",2014,"D","D11","_T","R",-1,"Ventilation en activité",89
"S1",2014,"D","D11","_T","S",-1,"Ventilation en activité",89
"S1",2014,"D","D11","_T","T",-1,"Ventilation en activité",89
"S1",1996,"D","P51C","_T","_T",1,"Ventilation en activité",90
"S1",1996,"D","P51C","_T","A",-1,"Ventilation en activité",90
"S1",1996,"D","P51C","_T","B",-1,"Ventilation en activité",90
"S1",1996,"D","P51C","_T","C",-1,"Ventilation en activité",90
"S1",1996,"D","P51C","_T","D",-1,"Ventilation en activité",90
"S1",1996,"D","P51C","_T","E",-1,"Ventilation en activité",90
"S1",1996,"D","P51C","_T","F",-1,"Ventilation en activité",90
"S1",1996,"D","P51C","_T","G",-1,"Ventilation en activité",90
"S1",1996,"D","P51C","_T","H",-1,"Ventilation en activité",90
"S1",1996,"D","P51C","_T","I",-1,"Ventilation en activité",90
"S1",1996,"D","P51C","_T","J",-1,"Ventilation en activité",90
"S1",1996,"D","P51C","_T","K",-1,"Ventilation en activité",90
"S1",1996,"D","P51C","_T","L",-1,"Ventilation en activité",90
"S1",1996,"D","P51C","_T","M",-1,"Ventilation en activité",90
"S1",1996,"D","P51C","_T","N",-1,"Ventilation en activité",90
"S1",1996,"D","P51C","_T","O",-1,"Ventilation en activité",90
"S1",1996,"D","P51C","_T","P",-1,"Ventilation en activité",90
"S1",1996,"D","P51C","_T","Q",-1,"Ventilation en activité",90
"S1",1996,"D","P51C","_T","R",-1,"Ventilation en activité",90
"S1",1996,"D","P51C","_T","S",-1,"Ventilation en activité",90
"S1",2003,"B","B2A3N","_T","_T",1,"Ventilation en activité",91
"S1",2003,"B","B2A3N","_T","A",-1,"Ventilation en activité",91
"S1",2003,"B","B2A3N","_T","B",-1,"Ventilation en activité",91
"S1",2003,"B","B2A3N","_T","C",-1,"Ventilation en activité",91
"S1",2003,"B","B2A3N","_T","D",-1,"Ventilation en activité",91
"S1",2003,"B","B2A3N","_T","E",-1,"Ventilation en activité",91
"S1",2003,"B","B2A3N","_T","F",-1,"Ventilation en activité",91
"S1",2003,"B","B2A3N","_T","G",-1,"Ventilation en activité",91
"S1",2003,"B","B2A3N","_T","H",-1,"Ventilation en activité",91
"S1",2003,"B","B2A3N","_T","I",-1,"Ventilation en activité",91
"S1",2003,"B","B2A3N","_T","J",-1,"Ventilation en activité",91
"S1",2003,"B","B2A3N","_T","K",-1,"Ventilation en activité",91
"S1",2003,"B","B2A3N","_T","L",-1,"Ventilation en activité",91
"S1",2003,"B","B2A3N","_T","M",-1,"Ventilation en activité",91
"S1",2003,"B","B2A3N","_T","N",-1,"Ventilation en activité",91
"S1",2003,"B","B2A3N","_T","O",-1,"Ventilation en activité",91
"S1",2003,"B","B2A3N","_T","P",-1,"Ventilation en activité",91
"S1",2003,"B","B2A3N","_T","Q",-1,"Ventilation en activité",91
"S1",2003,"B","B2A3N","_T","R",-1,"Ventilation en activité",91
"S1",2003,"B","B2A3N","_T","S",-1,"Ventilation en activité",91
"S1",2003,"B","B2A3N","_T","T",-1,"Ventilation en activité",91
"S1",1993,"D","P2","_T","_T",1,"Ventilation en activité",92
"S1",1993,"D","P2","_T","A",-1,"Ventilation en activité",92
"S1",1993,"D","P2","_T","B",-1,"Ventilation en activité",92
"S1",1993,"D","P2","_T","C",-1,"Ventilation en activité",92
"S1",1993,"D","P2","_T","D",-1,"Ventilation en activité",92
"S1",1993,"D","P2","_T","E",-1,"Ventilation en activité",92
"S1",1993,"D","P2","_T","F",-1,"Ventilation en activité",92
"S1",1993,"D","P2","_T","G",-1,"Ventilation en activité",92
"S1",1993,"D","P2","_T","H",-1,"Ventilation en activité",92
"S1",1993,"D","P2","_T","I",-1,"Ventilation en activité",92
"S1",1993,"D","P2","_T","J",-1,"Ventilation en activité",92
"S1",1993,"D","P2","_T","K",-1,"Ventilation en activité",92
"S1",1993,"D","P2","_T","L",-1,"Ventilation en activité",92
"S1",1993,"D","P2","_T","M",-1,"Ventilation en activité",92
"S1",1993,"D","P2","_T","N",-1,"Ventilation en activité",92
"S1",1993,"D","P2","_T","O",-1,"Ventilation en activité",92
"S1",1993,"D","P2","_T","P",-1,"Ventilation en activité",92
"S1",1993,"D","P2","_T","Q",-1,"Ventilation en activité",92
"S1",1993,"D","P2","_T","R",-1,"Ventilation en activité",92
"S1",1993,"D","P2","_T","S",-1,"Ventilation en activité",92
"S1",2021,"D","D11","_T","_T",1,"Ventilation en activité",93
"S1",2021,"D","D11","_T","A",-1,"Ventilation en activité",93
"S1",2021,"D","D11","_T","B",-1,"Ventilation en activité",93
"S1",2021,"D","D11","_T","C",-1,"Ventilation en activité",93
"S1",2021,"D","D11","_T","D",-1,"Ventilation en activité",93
"S1",2021,"D","D11","_T","E",-1,"Ventilation en activité",93
"S1",2021,"D","D11","_T","F",-1,"Ventilation en activité",93
"S1",2021,"D","D11","_T","G",-1,"Ventilation en activité",93
"S1",2021,"D","D11","_T","H",-1,"Ventilation en activité",93
"S1",2021,"D","D11","_T","I",-1,"Ventilation en activité",93
"S1",2021,"D","D11","_T","J",-1,"Ventilation en activité",93
"S1",2021,"D","D11","_T","K",-1,"Ventilation en activité",93
"S1",2021,"D","D11","_T","L",-1,"Ventilation en activité",93
"S1",2021,"D","D11","_T","M",-1,"Ventilation en activité",93
"S1",2021,"D","D11","_T","N",-1,"Ventilation en activité",93
"S1",2021,"D","D11","_T","O",-1,"Ventilation en activité",93
"S1",2021,"D","D11","_T","P",-1,"Ventilation en activité",93
"S1",2021,"D","D11","_T","Q",-1,"Ventilation en activité",93
"S1",2021,"D","D11","_T","R",-1,"Ventilation en activité",93
"S1",2021,"D","D11","_T","S",-1,"Ventilation en activité",93
"S1",2021,"D","D11","_T","T",-1,"Ventilation en activité",93
"S1",1989,"D","D11","_T","_T",1,"Ventilation en activité",94
"S1",1989,"D","D11","_T","A",-1,"Ventilation en activité",94
"S1",1989,"D","D11","_T","B",-1,"Ventilation en activité",94
"S1",1989,"D","D11","_T","C",-1,"Ventilation en activité",94
"S1",1989,"D","D11","_T","D",-1,"Ventilation en activité",94
"S1",1989,"D","D11","_T","E",-1,"Ventilation en activité",94
"S1",1989,"D","D11","_T","F",-1,"Ventilation en activité",94
"S1",1989,"D","D11","_T","G",-1,"Ventilation en activité",94
"S1",1989,"D","D11","_T","H",-1,"Ventilation en activité",94
"S1",1989,"D","D11","_T","I",-1,"Ventilation en activité",94
"S1",1989,"D","D11","_T","J",-1,"Ventilation en activité",94
"S1",1989,"D","D11","_T","K",-1,"Ventilation en activité",94
"S1",1989,"D","D11","_T","L",-1,"Ventilation en activité",94
"S1",1989,"D","D11","_T","M",-1,"Ventilation en activité",94
"S1",1989,"D","D11","_T","N",-1,"Ventilation en activité",94
"S1",1989,"D","D11","_T","O",-1,"Ventilation en activité",94
"S1",1989,"D","D11","_T","P",-1,"Ventilation en activité",94
"S1",1989,"D","D11","_T","Q",-1,"Ventilation en activité",94
"S1",1989,"D","D11","_T","R",-1,"Ventilation en activité",94
"S1",1989,"D","D11","_T","S",-1,"Ventilation en activité",94
"S1",1989,"D","D11","_T","T",-1,"Ventilation en activité",94
"S1",1984,"B","B2A3N","_T","_T",1,"Ventilation en activité",95
"S1",1984,"B","B2A3N","_T","A",-1,"Ventilation en activité",95
"S1",1984,"B","B2A3N","_T","B",-1,"Ventilation en activité",95
"S1",1984,"B","B2A3N","_T","C",-1,"Ventilation en activité",95
"S1",1984,"B","B2A3N","_T","D",-1,"Ventilation en activité",95
"S1",1984,"B","B2A3N","_T","E",-1,"Ventilation en activité",95
"S1",1984,"B","B2A3N","_T","F",-1,"Ventilation en activité",95
"S1",1984,"B","B2A3N","_T","G",-1,"Ventilation en activité",95
"S1",1984,"B","B2A3N","_T","H",-1,"Ventilation en activité",95
"S1",1984,"B","B2A3N","_T","I",-1,"Ventilation en activité",95
"S1",1984,"B","B2A3N","_T","J",-1,"Ventilation en activité",95
"S1",1984,"B","B2A3N","_T","K",-1,"Ventilation en activité",95
"S1",1984,"B","B2A3N","_T","L",-1,"Ventilation en activité",95
"S1",1984,"B","B2A3N","_T","M",-1,"Ventilation en activité",95
"S1",1984,"B","B2A3N","_T","N",-1,"Ventilation en activité",95
"S1",1984,"B","B2A3N","_T","O",-1,"Ventilation en activité",95
"S1",1984,"B","B2A3N","_T","P",-1,"Ventilation en activité",95
"S1",1984,"B","B2A3N","_T","Q",-1,"Ventilation en activité",95
"S1",1984,"B","B2A3N","_T","R",-1,"Ventilation en activité",95
"S1",1984,"B","B2A3N","_T","S",-1,"Ventilation en activité",95
"S1",1984,"B","B2A3N","_T","T",-1,"Ventilation en activité",95
"S1",2021,"D","D1","_T","_T",1,"Ventilation en activité",96
"S1",2021,"D","D1","_T","A",-1,"Ventilation en activité",96
"S1",2021,"D","D1","_T","B",-1,"Ventilation en activité",96
"S1",2021,"D","D1","_T","C",-1,"Ventilation en activité",96
"S1",2021,"D","D1","_T","D",-1,"Ventilation en activité",96
"S1",2021,"D","D1","_T","E",-1,"Ventilation en activité",96
"S1",2021,"D","D1","_T","F",-1,"Ventilation en activité",96
"S1",2021,"D","D1","_T","G",-1,"Ventilation en activité",96
"S1",2021,"D","D1","_T","H",-1,"Ventilation en activité",96
"S1",2021,"D","D1","_T","I",-1,"Ventilation en activité",96
"S1",2021,"D","D1","_T","J",-1,"Ventilation en activité",96
"S1",2021,"D","D1","_T","K",-1,"Ventilation en activité",96
"S1",2021,"D","D1","_T","L",-1,"Ventilation en activité",96
"S1",2021,"D","D1","_T","M",-1,"Ventilation en activité",96
"S1",2021,"D","D1","_T","N",-1,"Ventilation en activité",96
"S1",2021,"D","D1","_T","O",-1,"Ventilation en activité",96
"S1",2021,"D","D1","_T","P",-1,"Ventilation en activité",96
"S1",2021,"D","D1","_T","Q",-1,"Ventilation en activité",96
"S1",2021,"D","D1","_T","R",-1,"Ventilation en activité",96
"S1",2021,"D","D1","_T","S",-1,"Ventilation en activité",96
"S1",2021,"D","D1","_T","T",-1,"Ventilation en activité",96
"S1",2011,"B","B1G","_T","_T",1,"Ventilation en activité",97
"S1",2011,"B","B1G","_T","A",-1,"Ventilation en activité",97
"S1",2011,"B","B1G","_T","B",-1,"Ventilation en activité",97
"S1",2011,"B","B1G","_T","C",-1,"Ventilation en activité",97
"S1",2011,"B","B1G","_T","D",-1,"Ventilation en activité",97
"S1",2011,"B","B1G","_T","E",-1,"Ventilation en activité",97
"S1",2011,"B","B1G","_T","F",-1,"Ventilation en activité",97
"S1",2011,"B","B1G","_T","G",-1,"Ventilation en activité",97
"S1",2011,"B","B1G","_T","H",-1,"Ventilation en activité",97
"S1",2011,"B","B1G","_T","I",-1,"Ventilation en activité",97
"S1",2011,"B","B1G","_T","J",-1,"Ventilation en activité",97
"S1",2011,"B","B1G","_T","K",-1,"Ventilation en activité",97
"S1",2011,"B","B1G","_T","L",-1,"Ventilation en activité",97
"S1",2011,"B","B1G","_T","M",-1,"Ventilation en activité",97
"S1",2011,"B","B1G","_T","N",-1,"Ventilation en activité",97
"S1",2011,"B","B1G","_T","O",-1,"Ventilation en activité",97
"S1",2011,"B","B1G","_T","P",-1,"Ventilation en activité",97
"S1",2011,"B","B1G","_T","Q",-1,"Ventilation en activité",97
"S1",2011,"B","B1G","_T","R",-1,"Ventilation en activité",97
"S1",2011,"B","B1G","_T","S",-1,"Ventilation en activité",97
"S1",2011,"B","B1G","_T","T",-1,"Ventilation en activité",97
"S1",1979,"D","P51C","_T","_T",1,"Ventilation en activité",98
"S1",1979,"D","P51C","_T","A",-1,"Ventilation en activité",98
"S1",1979,"D","P51C","_T","B",-1,"Ventilation en activité",98
"S1",1979,"D","P51C","_T","C",-1,"Ventilation en activité",98
"S1",1979,"D","P51C","_T","D",-1,"Ventilation en activité",98
"S1",1979,"D","P51C","_T","E",-1,"Ventilation en activité",98
"S1",1979,"D","P51C","_T","F",-1,"Ventilation en activité",98
"S1",1979,"D","P51C","_T","G",-1,"Ventilation en activité",98
"S1",1979,"D","P51C","_T","H",-1,"Ventilation en activité",98
"S1",1979,"D","P51C","_T","I",-1,"Ventilation en activité",98
"S1",1979,"D","P51C","_T","J",-1,"Ventilation en activité",98
"S1",1979,"D","P51C","_T","K",-1,"Ventilation en activité",98
"S1",1979,"D","P51C","_T","L",-1,"Ventilation en activité",98
"S1",1979,"D","P51C","_T","M",-1,"Ventilation en activité",98
"S1",1979,"D","P51C","_T","N",-1,"Ventilation en activité",98
"S1",1979,"D","P51C","_T","O",-1,"Ventilation en activité",98
"S1",1979,"D","P51C","_T","P",-1,"Ventilation en activité",98
"S1",1979,"D","P51C","_T","Q",-1,"Ventilation en activité",98
"S1",1979,"D","P51C","_T","R",-1,"Ventilation en activité",98
"S1",1979,"D","P51C","_T","S",-1,"Ventilation en activité",98
"S1",2015,"B","B1G","_T","_T",1,"Ventilation en activité",99
"S1",2015,"B","B1G","_T","A",-1,"Ventilation en activité",99
"S1",2015,"B","B1G","_T","B",-1,"Ventilation en activité",99
"S1",2015,"B","B1G","_T","C",-1,"Ventilation en activité",99
"S1",2015,"B","B1G","_T","D",-1,"Ventilation en activité",99
"S1",2015,"B","B1G","_T","E",-1,"Ventilation en activité",99
"S1",2015,"B","B1G","_T","F",-1,"Ventilation en activité",99
"S1",2015,"B","B1G","_T","G",-1,"Ventilation en activité",99
"S1",2015,"B","B1G","_T","H",-1,"Ventilation en activité",99
"S1",2015,"B","B1G","_T","I",-1,"Ventilation en activité",99
"S1",2015,"B","B1G","_T","J",-1,"Ventilation en activité",99
"S1",2015,"B","B1G","_T","K",-1,"Ventilation en activité",99
"S1",2015,"B","B1G","_T","L",-1,"Ventilation en activité",99
"S1",2015,"B","B1G","_T","M",-1,"Ventilation en activité",99
"S1",2015,"B","B1G","_T","N",-1,"Ventilation en activité",99
"S1",2015,"B","B1G","_T","O",-1,"Ventilation en activité",99
"S1",2015,"B","B1G","_T","P",-1,"Ventilation en activité",99
"S1",2015,"B","B1G","_T","Q",-1,"Ventilation en activité",99
"S1",2015,"B","B1G","_T","R",-1,"Ventilation en activité",99
"S1",2015,"B","B1G","_T","S",-1,"Ventilation en activité",99
"S1",2015,"B","B1G","_T","T",-1,"Ventilation en activité",99
"S1",2002,"B","B2A3N","_T","_T",1,"Ventilation en activité",100
"S1",2002,"B","B2A3N","_T","A",-1,"Ventilation en activité",100
"S1",2002,"B","B2A3N","_T","B",-1,"Ventilation en activité",100
"S1",2002,"B","B2A3N","_T","C",-1,"Ventilation en activité",100
"S1",2002,"B","B2A3N","_T","D",-1,"Ventilation en activité",100
"S1",2002,"B","B2A3N","_T","E",-1,"Ventilation en activité",100
"S1",2002,"B","B2A3N","_T","F",-1,"Ventilation en activité",100
"S1",2002,"B","B2A3N","_T","G",-1,"Ventilation en activité",100
"S1",2002,"B","B2A3N","_T","H",-1,"Ventilation en activité",100
"S1",2002,"B","B2A3N","_T","I",-1,"Ventilation en activité",100
"S1",2002,"B","B2A3N","_T","J",-1,"Ventilation en activité",100
"S1",2002,"B","B2A3N","_T","K",-1,"Ventilation en activité",100
"S1",2002,"B","B2A3N","_T","L",-1,"Ventilation en activité",100
"S1",2002,"B","B2A3N","_T","M",-1,"Ventilation en activité",100
"S1",2002,"B","B2A3N","_T","N",-1,"Ventilation en activité",100
"S1",2002,"B","B2A3N","_T","O",-1,"Ventilation en activité",100
"S1",2002,"B","B2A3N","_T","P",-1,"Ventilation en activité",100
"S1",2002,"B","B2A3N","_T","Q",-1,"Ventilation en activité",100
"S1",2002,"B","B2A3N","_T","R",-1,"Ventilation en activité",100
"S1",2002,"B","B2A3N","_T","S",-1,"Ventilation en activité",100
"S1",2002,"B","B2A3N","_T","T",-1,"Ventilation en activité",100
"S1",1991,"D","P2","_T","_T",1,"Ventilation en activité",101
"S1",1991,"D","P2","_T","A",-1,"Ventilation en activité",101
"S1",1991,"D","P2","_T","B",-1,"Ventilation en activité",101
"S1",1991,"D","P2","_T","C",-1,"Ventilation en activité",101
"S1",1991,"D","P2","_T","D",-1,"Ventilation en activité",101
"S1",1991,"D","P2","_T","E",-1,"Ventilation en activité",101
"S1",1991,"D","P2","_T","F",-1,"Ventilation en activité",101
"S1",1991,"D","P2","_T","G",-1,"Ventilation en activité",101
"S1",1991,"D","P2","_T","H",-1,"Ventilation en activité",101
"S1",1991,"D","P2","_T","I",-1,"Ventilation en activité",101
"S1",1991,"D","P2","_T","J",-1,"Ventilation en activité",101
"S1",1991,"D","P2","_T","K",-1,"Ventilation en activité",101
"S1",1991,"D","P2","_T","L",-1,"Ventilation en activité",101
"S1",1991,"D","P2","_T","M",-1,"Ventilation en activité",101
"S1",1991,"D","P2","_T","N",-1,"Ventilation en activité",101
"S1",1991,"D","P2","_T","O",-1,"Ventilation en activité",101
"S1",1991,"D","P2","_T","P",-1,"Ventilation en activité",101
"S1",1991,"D","P2","_T","Q",-1,"Ventilation en activité",101
"S1",1991,"D","P2","_T","R",-1,"Ventilation en activité",101
"S1",1991,"D","P2","_T","S",-1,"Ventilation en activité",101
"S1",1981,"D","D11","_T","_T",1,"Ventilation en activité",102
"S1",1981,"D","D11","_T","A",-1,"Ventilation en activité",102
"S1",1981,"D","D11","_T","B",-1,"Ventilation en activité",102
"S1",1981,"D","D11","_T","C",-1,"Ventilation en activité",102
"S1",1981,"D","D11","_T","D",-1,"Ventilation en activité",102
"S1",1981,"D","D11","_T","E",-1,"Ventilation en activité",102
"S1",1981,"D","D11","_T","F",-1,"Ventilation en activité",102
"S1",1981,"D","D11","_T","G",-1,"Ventilation en activité",102
"S1",1981,"D","D11","_T","H",-1,"Ventilation en activité",102
"S1",1981,"D","D11","_T","I",-1,"Ventilation en activité",102
"S1",1981,"D","D11","_T","J",-1,"Ventilation en activité",102
"S1",1981,"D","D11","_T","K",-1,"Ventilation en activité",102
"S1",1981,"D","D11","_T","L",-1,"Ventilation en activité",102
"S1",1981,"D","D11","_T","M",-1,"Ventilation en activité",102
"S1",1981,"D","D11","_T","N",-1,"Ventilation en activité",102
"S1",1981,"D","D11","_T","O",-1,"Ventilation en activité",102
"S1",1981,"D","D11","_T","P",-1,"Ventilation en activité",102
"S1",1981,"D","D11","_T","Q",-1,"Ventilation en activité",102
"S1",1981,"D","D11","_T","R",-1,"Ventilation en activité",102
"S1",1981,"D","D11","_T","S",-1,"Ventilation en activité",102
"S1",1981,"D","D11","_T","T",-1,"Ventilation en activité",102
"S1",1995,"D","D1","_T","_T",1,"Ventilation en activité",103
"S1",1995,"D","D1","_T","A",-1,"Ventilation en activité",103
"S1",1995,"D","D1","_T","B",-1,"Ventilation en activité",103
"S1",1995,"D","D1","_T","C",-1,"Ventilation en activité",103
"S1",1995,"D","D1","_T","D",-1,"Ventilation en activité",103
"S1",1995,"D","D1","_T","E",-1,"Ventilation en activité",103
"S1",1995,"D","D1","_T","F",-1,"Ventilation en activité",103
"S1",1995,"D","D1","_T","G",-1,"Ventilation en activité",103
"S1",1995,"D","D1","_T","H",-1,"Ventilation en activité",103
"S1",1995,"D","D1","_T","I",-1,"Ventilation en activité",103
"S1",1995,"D","D1","_T","J",-1,"Ventilation en activité",103
"S1",1995,"D","D1","_T","K",-1,"Ventilation en activité",103
"S1",1995,"D","D1","_T","L",-1,"Ventilation en activité",103
"S1",1995,"D","D1","_T","M",-1,"Ventilation en activité",103
"S1",1995,"D","D1","_T","N",-1,"Ventilation en activité",103
"S1",1995,"D","D1","_T","O",-1,"Ventilation en activité",103
"S1",1995,"D","D1","_T","P",-1,"Ventilation en activité",103
"S1",1995,"D","D1","_T","Q",-1,"Ventilation en activité",103
"S1",1995,"D","D1","_T","R",-1,"Ventilation en activité",103
"S1",1995,"D","D1","_T","S",-1,"Ventilation en activité",103
"S1",1995,"D","D1","_T","T",-1,"Ventilation en activité",103
"S1",1994,"B","B1G","_T","_T",1,"Ventilation en activité",104
"S1",1994,"B","B1G","_T","A",-1,"Ventilation en activité",104
"S1",1994,"B","B1G","_T","B",-1,"Ventilation en activité",104
"S1",1994,"B","B1G","_T","C",-1,"Ventilation en activité",104
"S1",1994,"B","B1G","_T","D",-1,"Ventilation en activité",104
"S1",1994,"B","B1G","_T","E",-1,"Ventilation en activité",104
"S1",1994,"B","B1G","_T","F",-1,"Ventilation en activité",104
"S1",1994,"B","B1G","_T","G",-1,"Ventilation en activité",104
"S1",1994,"B","B1G","_T","H",-1,"Ventilation en activité",104
"S1",1994,"B","B1G","_T","I",-1,"Ventilation en activité",104
"S1",1994,"B","B1G","_T","J",-1,"Ventilation en activité",104
"S1",1994,"B","B1G","_T","K",-1,"Ventilation en activité",104
"S1",1994,"B","B1G","_T","L",-1,"Ventilation en activité",104
"S1",1994,"B","B1G","_T","M",-1,"Ventilation en activité",104
"S1",1994,"B","B1G","_T","N",-1,"Ventilation en activité",104
"S1",1994,"B","B1G","_T","O",-1,"Ventilation en activité",104
"S1",1994,"B","B1G","_T","P",-1,"Ventilation en activité",104
"S1",1994,"B","B1G","_T","Q",-1,"Ventilation en activité",104
"S1",1994,"B","B1G","_T","R",-1,"Ventilation en activité",104
"S1",1994,"B","B1G","_T","S",-1,"Ventilation en activité",104
"S1",1994,"B","B1G","_T","T",-1,"Ventilation en activité",104
"S1",1997,"D","P2","_T","_T",1,"Ventilation en activité",105
"S1",1997,"D","P2","_T","A",-1,"Ventilation en activité",105
"S1",1997,"D","P2","_T","B",-1,"Ventilation en activité",105
"S1",1997,"D","P2","_T","C",-1,"Ventilation en activité",105
"S1",1997,"D","P2","_T","D",-1,"Ventilation en activité",105
"S1",1997,"D","P2","_T","E",-1,"Ventilation en activité",105
"S1",1997,"D","P2","_T","F",-1,"Ventilation en activité",105
"S1",1997,"D","P2","_T","G",-1,"Ventilation en activité",105
"S1",1997,"D","P2","_T","H",-1,"Ventilation en activité",105
"S1",1997,"D","P2","_T","I",-1,"Ventilation en activité",105
"S1",1997,"D","P2","_T","J",-1,"Ventilation en activité",105
"S1",1997,"D","P2","_T","K",-1,"Ventilation en activité",105
"S1",1997,"D","P2","_T","L",-1,"Ventilation en activité",105
"S1",1997,"D","P2","_T","M",-1,"Ventilation en activité",105
"S1",1997,"D","P2","_T","N",-1,"Ventilation en activité",105
"S1",1997,"D","P2","_T","O",-1,"Ventilation en activité",105
"S1",1997,"D","P2","_T","P",-1,"Ventilation en activité",105
"S1",1997,"D","P2","_T","Q",-1,"Ventilation en activité",105
"S1",1997,"D","P2","_T","R",-1,"Ventilation en activité",105
"S1",1997,"D","P2","_T","S",-1,"Ventilation en activité",105
"S1",2013,"D","D1","_T","_T",1,"Ventilation en activité",106
"S1",2013,"D","D1","_T","A",-1,"Ventilation en activité",106
"S1",2013,"D","D1","_T","B",-1,"Ventilation en activité",106
"S1",2013,"D","D1","_T","C",-1,"Ventilation en activité",106
"S1",2013,"D","D1","_T","D",-1,"Ventilation en activité",106
"S1",2013,"D","D1","_T","E",-1,"Ventilation en activité",106
"S1",2013,"D","D1","_T","F",-1,"Ventilation en activité",106
"S1",2013,"D","D1","_T","G",-1,"Ventilation en activité",106
"S1",2013,"D","D1","_T","H",-1,"Ventilation en activité",106
"S1",2013,"D","D1","_T","I",-1,"Ventilation en activité",106
"S1",2013,"D","D1","_T","J",-1,"Ventilation en activité",106
"S1",2013,"D","D1","_T","K",-1,"Ventilation en activité",106
"S1",2013,"D","D1","_T","L",-1,"Ventilation en activité",106
"S1",2013,"D","D1","_T","M",-1,"Ventilation en activité",106
"S1",2013,"D","D1","_T","N",-1,"Ventilation en activité",106
"S1",2013,"D","D1","_T","O",-1,"Ventilation en activité",106
"S1",2013,"D","D1","_T","P",-1,"Ventilation en activité",106
"S1",2013,"D","D1","_T","Q",-1,"Ventilation en activité",106
"S1",2013,"D","D1","_T","R",-1,"Ventilation en activité",106
"S1",2013,"D","D1","_T","S",-1,"Ventilation en activité",106
"S1",2013,"D","D1","_T","T",-1,"Ventilation en activité",106
"S1",1992,"C","P1","_T","_T",1,"Ventilation en activité",107
"S1",1992,"C","P1","_T","A",-1,"Ventilation en activité",107
"S1",1992,"C","P1","_T","B",-1,"Ventilation en activité",107
"S1",1992,"C","P1","_T","C",-1,"Ventilation en activité",107
"S1",1992,"C","P1","_T","D",-1,"Ventilation en activité",107
"S1",1992,"C","P1","_T","E",-1,"Ventilation en activité",107
"S1",1992,"C","P1","_T","F",-1,"Ventilation en activité",107
"S1",1992,"C","P1","_T","G",-1,"Ventilation en activité",107
"S1",1992,"C","P1","_T","H",-1,"Ventilation en activité",107
"S1",1992,"C","P1","_T","I",-1,"Ventilation en activité",107
"S1",1992,"C","P1","_T","J",-1,"Ventilation en activité",107
"S1",1992,"C","P1","_T","K",-1,"Ventilation en activité",107
"S1",1992,"C","P1","_T","L",-1,"Ventilation en activité",107
"S1",1992,"C","P1","_T","M",-1,"Ventilation en activité",107
"S1",1992,"C","P1","_T","N",-1,"Ventilation en activité",107
"S1",1992,"C","P1","_T","O",-1,"Ventilation en activité",107
"S1",1992,"C","P1","_T","P",-1,"Ventilation en activité",107
"S1",1992,"C","P1","_T","Q",-1,"Ventilation en activité",107
"S1",1992,"C","P1","_T","R",-1,"Ventilation en activité",107
"S1",1992,"C","P1","_T","S",-1,"Ventilation en activité",107
"S1",1992,"C","P1","_T","T",-1,"Ventilation en activité",107
"S1",2014,"D","P51C","_T","_T",1,"Ventilation en activité",108
"S1",2014,"D","P51C","_T","A",-1,"Ventilation en activité",108
"S1",2014,"D","P51C","_T","B",-1,"Ventilation en activité",108
"S1",2014,"D","P51C","_T","C",-1,"Ventilation en activité",108
"S1",2014,"D","P51C","_T","D",-1,"Ventilation en activité",108
"S1",2014,"D","P51C","_T","E",-1,"Ventilation en activité",108
"S1",2014,"D","P51C","_T","F",-1,"Ventilation en activité",108
"S1",2014,"D","P51C","_T","G",-1,"Ventilation en activité",108
"S1",2014,"D","P51C","_T","H",-1,"Ventilation en activité",108
"S1",2014,"D","P51C","_T","I",-1,"Ventilation en activité",108
"S1",2014,"D","P51C","_T","J",-1,"Ventilation en activité",108
"S1",2014,"D","P51C","_T","K",-1,"Ventilation en activité",108
"S1",2014,"D","P51C","_T","L",-1,"Ventilation en activité",108
"S1",2014,"D","P51C","_T","M",-1,"Ventilation en activité",108
"S1",2014,"D","P51C","_T","N",-1,"Ventilation en activité",108
"S1",2014,"D","P51C","_T","O",-1,"Ventilation en activité",108
"S1",2014,"D","P51C","_T","P",-1,"Ventilation en activité",108
"S1",2014,"D","P51C","_T","Q",-1,"Ventilation en activité",108
"S1",2014,"D","P51C","_T","R",-1,"Ventilation en activité",108
"S1",2014,"D","P51C","_T","S",-1,"Ventilation en activité",108
"S1",2012,"D","D1","_T","_T",1,"Ventilation en activité",109
"S1",2012,"D","D1","_T","A",-1,"Ventilation en activité",109
"S1",2012,"D","D1","_T","B",-1,"Ventilation en activité",109
"S1",2012,"D","D1","_T","C",-1,"Ventilation en activité",109
"S1",2012,"D","D1","_T","D",-1,"Ventilation en activité",109
"S1",2012,"D","D1","_T","E",-1,"Ventilation en activité",109
"S1",2012,"D","D1","_T","F",-1,"Ventilation en activité",109
"S1",2012,"D","D1","_T","G",-1,"Ventilation en activité",109
"S1",2012,"D","D1","_T","H",-1,"Ventilation en activité",109
"S1",2012,"D","D1","_T","I",-1,"Ventilation en activité",109
"S1",2012,"D","D1","_T","J",-1,"Ventilation en activité",109
"S1",2012,"D","D1","_T","K",-1,"Ventilation en activité",109
"S1",2012,"D","D1","_T","L",-1,"Ventilation en activité",109
"S1",2012,"D","D1","_T","M",-1,"Ventilation en activité",109
"S1",2012,"D","D1","_T","N",-1,"Ventilation en activité",109
"S1",2012,"D","D1","_T","O",-1,"Ventilation en activité",109
"S1",2012,"D","D1","_T","P",-1,"Ventilation en activité",109
"S1",2012,"D","D1","_T","Q",-1,"Ventilation en activité",109
"S1",2012,"D","D1","_T","R",-1,"Ventilation en activité",109
"S1",2012,"D","D1","_T","S",-1,"Ventilation en activité",109
"S1",2012,"D","D1","_T","T",-1,"Ventilation en activité",109
"S1",2002,"D","P2","_T","_T",1,"Ventilation en activité",110
"S1",2002,"D","P2","_T","A",-1,"Ventilation en activité",110
"S1",2002,"D","P2","_T","B",-1,"Ventilation en activité",110
"S1",2002,"D","P2","_T","C",-1,"Ventilation en activité",110
"S1",2002,"D","P2","_T","D",-1,"Ventilation en activité",110
"S1",2002,"D","P2","_T","E",-1,"Ventilation en activité",110
"S1",2002,"D","P2","_T","F",-1,"Ventilation en activité",110
"S1",2002,"D","P2","_T","G",-1,"Ventilation en activité",110
"S1",2002,"D","P2","_T","H",-1,"Ventilation en activité",110
"S1",2002,"D","P2","_T","I",-1,"Ventilation en activité",110
"S1",2002,"D","P2","_T","J",-1,"Ventilation en activité",110
"S1",2002,"D","P2","_T","K",-1,"Ventilation en activité",110
"S1",2002,"D","P2","_T","L",-1,"Ventilation en activité",110
"S1",2002,"D","P2","_T","M",-1,"Ventilation en activité",110
"S1",2002,"D","P2","_T","N",-1,"Ventilation en activité",110
"S1",2002,"D","P2","_T","O",-1,"Ventilation en activité",110
"S1",2002,"D","P2","_T","P",-1,"Ventilation en activité",110
"S1",2002,"D","P2","_T","Q",-1,"Ventilation en activité",110
"S1",2002,"D","P2","_T","R",-1,"Ventilation en activité",110
"S1",2002,"D","P2","_T","S",-1,"Ventilation en activité",110
"S1",1982,"B","B1G","_T","_T",1,"Ventilation en activité",111
"S1",1982,"B","B1G","_T","A",-1,"Ventilation en activité",111
"S1",1982,"B","B1G","_T","B",-1,"Ventilation en activité",111
"S1",1982,"B","B1G","_T","C",-1,"Ventilation en activité",111
"S1",1982,"B","B1G","_T","D",-1,"Ventilation en activité",111
"S1",1982,"B","B1G","_T","E",-1,"Ventilation en activité",111
"S1",1982,"B","B1G","_T","F",-1,"Ventilation en activité",111
"S1",1982,"B","B1G","_T","G",-1,"Ventilation en activité",111
"S1",1982,"B","B1G","_T","H",-1,"Ventilation en activité",111
"S1",1982,"B","B1G","_T","I",-1,"Ventilation en activité",111
"S1",1982,"B","B1G","_T","J",-1,"Ventilation en activité",111
"S1",1982,"B","B1G","_T","K",-1,"Ventilation en activité",111
"S1",1982,"B","B1G","_T","L",-1,"Ventilation en activité",111
"S1",1982,"B","B1G","_T","M",-1,"Ventilation en activité",111
"S1",1982,"B","B1G","_T","N",-1,"Ventilation en activité",111
"S1",1982,"B","B1G","_T","O",-1,"Ventilation en activité",111
"S1",1982,"B","B1G","_T","P",-1,"Ventilation en activité",111
"S1",1982,"B","B1G","_T","Q",-1,"Ventilation en activité",111
"S1",1982,"B","B1G","_T","R",-1,"Ventilation en activité",111
"S1",1982,"B","B1G","_T","S",-1,"Ventilation en activité",111
"S1",1982,"B","B1G","_T","T",-1,"Ventilation en activité",111
"S1",1999,"D","P51C","_T","_T",1,"Ventilation en activité",112
"S1",1999,"D","P51C","_T","A",-1,"Ventilation en activité",112
"S1",1999,"D","P51C","_T","B",-1,"Ventilation en activité",112
"S1",1999,"D","P51C","_T","C",-1,"Ventilation en activité",112
"S1",1999,"D","P51C","_T","D",-1,"Ventilation en activité",112
"S1",1999,"D","P51C","_T","E",-1,"Ventilation en activité",112
"S1",1999,"D","P51C","_T","F",-1,"Ventilation en activité",112
"S1",1999,"D","P51C","_T","G",-1,"Ventilation en activité",112
"S1",1999,"D","P51C","_T","H",-1,"Ventilation en activité",112
"S1",1999,"D","P51C","_T","I",-1,"Ventilation en activité",112
"S1",1999,"D","P51C","_T","J",-1,"Ventilation en activité",112
"S1",1999,"D","P51C","_T","K",-1,"Ventilation en activité",112
"S1",1999,"D","P51C","_T","L",-1,"Ventilation en activité",112
"S1",1999,"D","P51C","_T","M",-1,"Ventilation en activité",112
"S1",1999,"D","P51C","_T","N",-1,"Ventilation en activité",112
"S1",1999,"D","P51C","_T","O",-1,"Ventilation en activité",112
"S1",1999,"D","P51C","_T","P",-1,"Ventilation en activité",112
"S1",1999,"D","P51C","_T","Q",-1,"Ventilation en activité",112
"S1",1999,"D","P51C","_T","R",-1,"Ventilation en activité",112
"S1",1999,"D","P51C","_T","S",-1,"Ventilation en activité",112
"S1",2018,"D","D11","_T","_T",1,"Ventilation en activité",113
"S1",2018,"D","D11","_T","A",-1,"Ventilation en activité",113
"S1",2018,"D","D11","_T","B",-1,"Ventilation en activité",113
"S1",2018,"D","D11","_T","C",-1,"Ventilation en activité",113
"S1",2018,"D","D11","_T","D",-1,"Ventilation en activité",113
"S1",2018,"D","D11","_T","E",-1,"Ventilation en activité",113
"S1",2018,"D","D11","_T","F",-1,"Ventilation en activité",113
"S1",2018,"D","D11","_T","G",-1,"Ventilation en activité",113
"S1",2018,"D","D11","_T","H",-1,"Ventilation en activité",113
"S1",2018,"D","D11","_T","I",-1,"Ventilation en activité",113
"S1",2018,"D","D11","_T","J",-1,"Ventilation en activité",113
"S1",2018,"D","D11","_T","K",-1,"Ventilation en activité",113
"S1",2018,"D","D11","_T","L",-1,"Ventilation en activité",113
"S1",2018,"D","D11","_T","M",-1,"Ventilation en activité",113
"S1",2018,"D","D11","_T","N",-1,"Ventilation en activité",113
"S1",2018,"D","D11","_T","O",-1,"Ventilation en activité",113
"S1",2018,"D","D11","_T","P",-1,"Ventilation en activité",113
"S1",2018,"D","D11","_T","Q",-1,"Ventilation en activité",113
"S1",2018,"D","D11","_T","R",-1,"Ventilation en activité",113
"S1",2018,"D","D11","_T","S",-1,"Ventilation en activité",113
"S1",2018,"D","D11","_T","T",-1,"Ventilation en activité",113
"S1",1997,"B","B1G","_T","_T",1,"Ventilation en activité",114
"S1",1997,"B","B1G","_T","A",-1,"Ventilation en activité",114
"S1",1997,"B","B1G","_T","B",-1,"Ventilation en activité",114
"S1",1997,"B","B1G","_T","C",-1,"Ventilation en activité",114
"S1",1997,"B","B1G","_T","D",-1,"Ventilation en activité",114
"S1",1997,"B","B1G","_T","E",-1,"Ventilation en activité",114
"S1",1997,"B","B1G","_T","F",-1,"Ventilation en activité",114
"S1",1997,"B","B1G","_T","G",-1,"Ventilation en activité",114
"S1",1997,"B","B1G","_T","H",-1,"Ventilation en activité",114
"S1",1997,"B","B1G","_T","I",-1,"Ventilation en activité",114
"S1",1997,"B","B1G","_T","J",-1,"Ventilation en activité",114
"S1",1997,"B","B1G","_T","K",-1,"Ventilation en activité",114
"S1",1997,"B","B1G","_T","L",-1,"Ventilation en activité",114
"S1",1997,"B","B1G","_T","M",-1,"Ventilation en activité",114
"S1",1997,"B","B1G","_T","N",-1,"Ventilation en activité",114
"S1",1997,"B","B1G","_T","O",-1,"Ventilation en activité",114
"S1",1997,"B","B1G","_T","P",-1,"Ventilation en activité",114
"S1",1997,"B","B1G","_T","Q",-1,"Ventilation en activité",114
"S1",1997,"B","B1G","_T","R",-1,"Ventilation en activité",114
"S1",1997,"B","B1G","_T","S",-1,"Ventilation en activité",114
"S1",1997,"B","B1G","_T","T",-1,"Ventilation en activité",114
"S1",1981,"B","B1G","_T","_T",1,"Ventilation en activité",115
"S1",1981,"B","B1G","_T","A",-1,"Ventilation en activité",115
"S1",1981,"B","B1G","_T","B",-1,"Ventilation en activité",115
"S1",1981,"B","B1G","_T","C",-1,"Ventilation en activité",115
"S1",1981,"B","B1G","_T","D",-1,"Ventilation en activité",115
"S1",1981,"B","B1G","_T","E",-1,"Ventilation en activité",115
"S1",1981,"B","B1G","_T","F",-1,"Ventilation en activité",115
"S1",1981,"B","B1G","_T","G",-1,"Ventilation en activité",115
"S1",1981,"B","B1G","_T","H",-1,"Ventilation en activité",115
"S1",1981,"B","B1G","_T","I",-1,"Ventilation en activité",115
"S1",1981,"B","B1G","_T","J",-1,"Ventilation en activité",115
"S1",1981,"B","B1G","_T","K",-1,"Ventilation en activité",115
"S1",1981,"B","B1G","_T","L",-1,"Ventilation en activité",115
"S1",1981,"B","B1G","_T","M",-1,"Ventilation en activité",115
"S1",1981,"B","B1G","_T","N",-1,"Ventilation en activité",115
"S1",1981,"B","B1G","_T","O",-1,"Ventilation en activité",115
"S1",1981,"B","B1G","_T","P",-1,"Ventilation en activité",115
"S1",1981,"B","B1G","_T","Q",-1,"Ventilation en activité",115
"S1",1981,"B","B1G","_T","R",-1,"Ventilation en activité",115
"S1",1981,"B","B1G","_T","S",-1,"Ventilation en activité",115
"S1",1981,"B","B1G","_T","T",-1,"Ventilation en activité",115
"S1",2007,"D","P2","_T","_T",1,"Ventilation en activité",116
"S1",2007,"D","P2","_T","A",-1,"Ventilation en activité",116
"S1",2007,"D","P2","_T","B",-1,"Ventilation en activité",116
"S1",2007,"D","P2","_T","C",-1,"Ventilation en activité",116
"S1",2007,"D","P2","_T","D",-1,"Ventilation en activité",116
"S1",2007,"D","P2","_T","E",-1,"Ventilation en activité",116
"S1",2007,"D","P2","_T","F",-1,"Ventilation en activité",116
"S1",2007,"D","P2","_T","G",-1,"Ventilation en activité",116
"S1",2007,"D","P2","_T","H",-1,"Ventilation en activité",116
"S1",2007,"D","P2","_T","I",-1,"Ventilation en activité",116
"S1",2007,"D","P2","_T","J",-1,"Ventilation en activité",116
"S1",2007,"D","P2","_T","K",-1,"Ventilation en activité",116
"S1",2007,"D","P2","_T","L",-1,"Ventilation en activité",116
"S1",2007,"D","P2","_T","M",-1,"Ventilation en activité",116
"S1",2007,"D","P2","_T","N",-1,"Ventilation en activité",116
"S1",2007,"D","P2","_T","O",-1,"Ventilation en activité",116
"S1",2007,"D","P2","_T","P",-1,"Ventilation en activité",116
"S1",2007,"D","P2","_T","Q",-1,"Ventilation en activité",116
"S1",2007,"D","P2","_T","R",-1,"Ventilation en activité",116
"S1",2007,"D","P2","_T","S",-1,"Ventilation en activité",116
"S1",2004,"B","B1G","_T","_T",1,"Ventilation en activité",117
"S1",2004,"B","B1G","_T","A",-1,"Ventilation en activité",117
"S1",2004,"B","B1G","_T","B",-1,"Ventilation en activité",117
"S1",2004,"B","B1G","_T","C",-1,"Ventilation en activité",117
"S1",2004,"B","B1G","_T","D",-1,"Ventilation en activité",117
"S1",2004,"B","B1G","_T","E",-1,"Ventilation en activité",117
"S1",2004,"B","B1G","_T","F",-1,"Ventilation en activité",117
"S1",2004,"B","B1G","_T","G",-1,"Ventilation en activité",117
"S1",2004,"B","B1G","_T","H",-1,"Ventilation en activité",117
"S1",2004,"B","B1G","_T","I",-1,"Ventilation en activité",117
"S1",2004,"B","B1G","_T","J",-1,"Ventilation en activité",117
"S1",2004,"B","B1G","_T","K",-1,"Ventilation en activité",117
"S1",2004,"B","B1G","_T","L",-1,"Ventilation en activité",117
"S1",2004,"B","B1G","_T","M",-1,"Ventilation en activité",117
"S1",2004,"B","B1G","_T","N",-1,"Ventilation en activité",117
"S1",2004,"B","B1G","_T","O",-1,"Ventilation en activité",117
"S1",2004,"B","B1G","_T","P",-1,"Ventilation en activité",117
"S1",2004,"B","B1G","_T","Q",-1,"Ventilation en activité",117
"S1",2004,"B","B1G","_T","R",-1,"Ventilation en activité",117
"S1",2004,"B","B1G","_T","S",-1,"Ventilation en activité",117
"S1",2004,"B","B1G","_T","T",-1,"Ventilation en activité",117
"S1",1990,"D","D1","_T","_T",1,"Ventilation en activité",118
"S1",1990,"D","D1","_T","A",-1,"Ventilation en activité",118
"S1",1990,"D","D1","_T","B",-1,"Ventilation en activité",118
"S1",1990,"D","D1","_T","C",-1,"Ventilation en activité",118
"S1",1990,"D","D1","_T","D",-1,"Ventilation en activité",118
"S1",1990,"D","D1","_T","E",-1,"Ventilation en activité",118
"S1",1990,"D","D1","_T","F",-1,"Ventilation en activité",118
"S1",1990,"D","D1","_T","G",-1,"Ventilation en activité",118
"S1",1990,"D","D1","_T","H",-1,"Ventilation en activité",118
"S1",1990,"D","D1","_T","I",-1,"Ventilation en activité",118
"S1",1990,"D","D1","_T","J",-1,"Ventilation en activité",118
"S1",1990,"D","D1","_T","K",-1,"Ventilation en activité",118
"S1",1990,"D","D1","_T","L",-1,"Ventilation en activité",118
"S1",1990,"D","D1","_T","M",-1,"Ventilation en activité",118
"S1",1990,"D","D1","_T","N",-1,"Ventilation en activité",118
"S1",1990,"D","D1","_T","O",-1,"Ventilation en activité",118
"S1",1990,"D","D1","_T","P",-1,"Ventilation en activité",118
"S1",1990,"D","D1","_T","Q",-1,"Ventilation en activité",118
"S1",1990,"D","D1","_T","R",-1,"Ventilation en activité",118
"S1",1990,"D","D1","_T","S",-1,"Ventilation en activité",118
"S1",1990,"D","D1","_T","T",-1,"Ventilation en activité",118
"S1",2013,"D","D11","_T","_T",1,"Ventilation en activité",119
"S1",2013,"D","D11","_T","A",-1,"Ventilation en activité",119
"S1",2013,"D","D11","_T","B",-1,"Ventilation en activité",119
"S1",2013,"D","D11","_T","C",-1,"Ventilation en activité",119
"S1",2013,"D","D11","_T","D",-1,"Ventilation en activité",119
"S1",2013,"D","D11","_T","E",-1,"Ventilation en activité",119
"S1",2013,"D","D11","_T","F",-1,"Ventilation en activité",119
"S1",2013,"D","D11","_T","G",-1,"Ventilation en activité",119
"S1",2013,"D","D11","_T","H",-1,"Ventilation en activité",119
"S1",2013,"D","D11","_T","I",-1,"Ventilation en activité",119
"S1",2013,"D","D11","_T","J",-1,"Ventilation en activité",119
"S1",2013,"D","D11","_T","K",-1,"Ventilation en activité",119
"S1",2013,"D","D11","_T","L",-1,"Ventilation en activité",119
"S1",2013,"D","D11","_T","M",-1,"Ventilation en activité",119
"S1",2013,"D","D11","_T","N",-1,"Ventilation en activité",119
"S1",2013,"D","D11","_T","O",-1,"Ventilation en activité",119
"S1",2013,"D","D11","_T","P",-1,"Ventilation en activité",119
"S1",2013,"D","D11","_T","Q",-1,"Ventilation en activité",119
"S1",2013,"D","D11","_T","R",-1,"Ventilation en activité",119
"S1",2013,"D","D11","_T","S",-1,"Ventilation en activité",119
"S1",2013,"D","D11","_T","T",-1,"Ventilation en activité",119
"S1",2017,"D","D11","_T","_T",1,"Ventilation en activité",120
"S1",2017,"D","D11","_T","A",-1,"Ventilation en activité",120
"S1",2017,"D","D11","_T","B",-1,"Ventilation en activité",120
"S1",2017,"D","D11","_T","C",-1,"Ventilation en activité",120
"S1",2017,"D","D11","_T","D",-1,"Ventilation en activité",120
"S1",2017,"D","D11","_T","E",-1,"Ventilation en activité",120
"S1",2017,"D","D11","_T","F",-1,"Ventilation en activité",120
"S1",2017,"D","D11","_T","G",-1,"Ventilation en activité",120
"S1",2017,"D","D11","_T","H",-1,"Ventilation en activité",120
"S1",2017,"D","D11","_T","I",-1,"Ventilation en activité",120
"S1",2017,"D","D11","_T","J",-1,"Ventilation en activité",120
"S1",2017,"D","D11","_T","K",-1,"Ventilation en activité",120
"S1",2017,"D","D11","_T","L",-1,"Ventilation en activité",120
"S1",2017,"D","D11","_T","M",-1,"Ventilation en activité",120
"S1",2017,"D","D11","_T","N",-1,"Ventilation en activité",120
"S1",2017,"D","D11","_T","O",-1,"Ventilation en activité",120
"S1",2017,"D","D11","_T","P",-1,"Ventilation en activité",120
"S1",2017,"D","D11","_T","Q",-1,"Ventilation en activité",120
"S1",2017,"D","D11","_T","R",-1,"Ventilation en activité",120
"S1",2017,"D","D11","_T","S",-1,"Ventilation en activité",120
"S1",2017,"D","D11","_T","T",-1,"Ventilation en activité",120
"S1",1997,"D","P51C","_T","_T",1,"Ventilation en activité",121
"S1",1997,"D","P51C","_T","A",-1,"Ventilation en activité",121
"S1",1997,"D","P51C","_T","B",-1,"Ventilation en activité",121
"S1",1997,"D","P51C","_T","C",-1,"Ventilation en activité",121
"S1",1997,"D","P51C","_T","D",-1,"Ventilation en activité",121
"S1",1997,"D","P51C","_T","E",-1,"Ventilation en activité",121
"S1",1997,"D","P51C","_T","F",-1,"Ventilation en activité",121
"S1",1997,"D","P51C","_T","G",-1,"Ventilation en activité",121
"S1",1997,"D","P51C","_T","H",-1,"Ventilation en activité",121
"S1",1997,"D","P51C","_T","I",-1,"Ventilation en activité",121
"S1",1997,"D","P51C","_T","J",-1,"Ventilation en activité",121
"S1",1997,"D","P51C","_T","K",-1,"Ventilation en activité",121
"S1",1997,"D","P51C","_T","L",-1,"Ventilation en activité",121
"S1",1997,"D","P51C","_T","M",-1,"Ventilation en activité",121
"S1",1997,"D","P51C","_T","N",-1,"Ventilation en activité",121
"S1",1997,"D","P51C","_T","O",-1,"Ventilation en activité",121
"S1",1997,"D","P51C","_T","P",-1,"Ventilation en activité",121
"S1",1997,"D","P51C","_T","Q",-1,"Ventilation en activité",121
"S1",1997,"D","P51C","_T","R",-1,"Ventilation en activité",121
"S1",1997,"D","P51C","_T","S",-1,"Ventilation en activité",121
"S1",2004,"D","P2","_T","_T",1,"Ventilation en activité",122
"S1",2004,"D","P2","_T","A",-1,"Ventilation en activité",122
"S1",2004,"D","P2","_T","B",-1,"Ventilation en activité",122
"S1",2004,"D","P2","_T","C",-1,"Ventilation en activité",122
"S1",2004,"D","P2","_T","D",-1,"Ventilation en activité",122
"S1",2004,"D","P2","_T","E",-1,"Ventilation en activité",122
"S1",2004,"D","P2","_T","F",-1,"Ventilation en activité",122
"S1",2004,"D","P2","_T","G",-1,"Ventilation en activité",122
"S1",2004,"D","P2","_T","H",-1,"Ventilation en activité",122
"S1",2004,"D","P2","_T","I",-1,"Ventilation en activité",122
"S1",2004,"D","P2","_T","J",-1,"Ventilation en activité",122
"S1",2004,"D","P2","_T","K",-1,"Ventilation en activité",122
"S1",2004,"D","P2","_T","L",-1,"Ventilation en activité",122
"S1",2004,"D","P2","_T","M",-1,"Ventilation en activité",122
"S1",2004,"D","P2","_T","N",-1,"Ventilation en activité",122
"S1",2004,"D","P2","_T","O",-1,"Ventilation en activité",122
"S1",2004,"D","P2","_T","P",-1,"Ventilation en activité",122
"S1",2004,"D","P2","_T","Q",-1,"Ventilation en activité",122
"S1",2004,"D","P2","_T","R",-1,"Ventilation en activité",122
"S1",2004,"D","P2","_T","S",-1,"Ventilation en activité",122
"S1",1984,"D","D11","_T","_T",1,"Ventilation en activité",123
"S1",1984,"D","D11","_T","A",-1,"Ventilation en activité",123
"S1",1984,"D","D11","_T","B",-1,"Ventilation en activité",123
"S1",1984,"D","D11","_T","C",-1,"Ventilation en activité",123
"S1",1984,"D","D11","_T","D",-1,"Ventilation en activité",123
"S1",1984,"D","D11","_T","E",-1,"Ventilation en activité",123
"S1",1984,"D","D11","_T","F",-1,"Ventilation en activité",123
"S1",1984,"D","D11","_T","G",-1,"Ventilation en activité",123
"S1",1984,"D","D11","_T","H",-1,"Ventilation en activité",123
"S1",1984,"D","D11","_T","I",-1,"Ventilation en activité",123
"S1",1984,"D","D11","_T","J",-1,"Ventilation en activité",123
"S1",1984,"D","D11","_T","K",-1,"Ventilation en activité",123
"S1",1984,"D","D11","_T","L",-1,"Ventilation en activité",123
"S1",1984,"D","D11","_T","M",-1,"Ventilation en activité",123
"S1",1984,"D","D11","_T","N",-1,"Ventilation en activité",123
"S1",1984,"D","D11","_T","O",-1,"Ventilation en activité",123
"S1",1984,"D","D11","_T","P",-1,"Ventilation en activité",123
"S1",1984,"D","D11","_T","Q",-1,"Ventilation en activité",123
"S1",1984,"D","D11","_T","R",-1,"Ventilation en activité",123
"S1",1984,"D","D11","_T","S",-1,"Ventilation en activité",123
"S1",1984,"D","D11","_T","T",-1,"Ventilation en activité",123
"S1",1989,"D","P51C","_T","_T",1,"Ventilation en activité",124
"S1",1989,"D","P51C","_T","A",-1,"Ventilation en activité",124
"S1",1989,"D","P51C","_T","B",-1,"Ventilation en activité",124
"S1",1989,"D","P51C","_T","C",-1,"Ventilation en activité",124
"S1",1989,"D","P51C","_T","D",-1,"Ventilation en activité",124
"S1",1989,"D","P51C","_T","E",-1,"Ventilation en activité",124
"S1",1989,"D","P51C","_T","F",-1,"Ventilation en activité",124
"S1",1989,"D","P51C","_T","G",-1,"Ventilation en activité",124
"S1",1989,"D","P51C","_T","H",-1,"Ventilation en activité",124
"S1",1989,"D","P51C","_T","I",-1,"Ventilation en activité",124
"S1",1989,"D","P51C","_T","J",-1,"Ventilation en activité",124
"S1",1989,"D","P51C","_T","K",-1,"Ventilation en activité",124
"S1",1989,"D","P51C","_T","L",-1,"Ventilation en activité",124
"S1",1989,"D","P51C","_T","M",-1,"Ventilation en activité",124
"S1",1989,"D","P51C","_T","N",-1,"Ventilation en activité",124
"S1",1989,"D","P51C","_T","O",-1,"Ventilation en activité",124
"S1",1989,"D","P51C","_T","P",-1,"Ventilation en activité",124
"S1",1989,"D","P51C","_T","Q",-1,"Ventilation en activité",124
"S1",1989,"D","P51C","_T","R",-1,"Ventilation en activité",124
"S1",1989,"D","P51C","_T","S",-1,"Ventilation en activité",124
"S1",2016,"C","P1","_T","_T",1,"Ventilation en activité",125
"S1",2016,"C","P1","_T","A",-1,"Ventilation en activité",125
"S1",2016,"C","P1","_T","B",-1,"Ventilation en activité",125
"S1",2016,"C","P1","_T","C",-1,"Ventilation en activité",125
"S1",2016,"C","P1","_T","D",-1,"Ventilation en activité",125
"S1",2016,"C","P1","_T","E",-1,"Ventilation en activité",125
"S1",2016,"C","P1","_T","F",-1,"Ventilation en activité",125
"S1",2016,"C","P1","_T","G",-1,"Ventilation en activité",125
"S1",2016,"C","P1","_T","H",-1,"Ventilation en activité",125
"S1",2016,"C","P1","_T","I",-1,"Ventilation en activité",125
"S1",2016,"C","P1","_T","J",-1,"Ventilation en activité",125
"S1",2016,"C","P1","_T","K",-1,"Ventilation en activité",125
"S1",2016,"C","P1","_T","L",-1,"Ventilation en activité",125
"S1",2016,"C","P1","_T","M",-1,"Ventilation en activité",125
"S1",2016,"C","P1","_T","N",-1,"Ventilation en activité",125
"S1",2016,"C","P1","_T","O",-1,"Ventilation en activité",125
"S1",2016,"C","P1","_T","P",-1,"Ventilation en activité",125
"S1",2016,"C","P1","_T","Q",-1,"Ventilation en activité",125
"S1",2016,"C","P1","_T","R",-1,"Ventilation en activité",125
"S1",2016,"C","P1","_T","S",-1,"Ventilation en activité",125
"S1",2016,"C","P1","_T","T",-1,"Ventilation en activité",125
"S1",2014,"C","P1","_T","_T",1,"Ventilation en activité",126
"S1",2014,"C","P1","_T","A",-1,"Ventilation en activité",126
"S1",2014,"C","P1","_T","B",-1,"Ventilation en activité",126
"S1",2014,"C","P1","_T","C",-1,"Ventilation en activité",126
"S1",2014,"C","P1","_T","D",-1,"Ventilation en activité",126
"S1",2014,"C","P1","_T","E",-1,"Ventilation en activité",126
"S1",2014,"C","P1","_T","F",-1,"Ventilation en activité",126
"S1",2014,"C","P1","_T","G",-1,"Ventilation en activité",126
"S1",2014,"C","P1","_T","H",-1,"Ventilation en activité",126
"S1",2014,"C","P1","_T","I",-1,"Ventilation en activité",126
"S1",2014,"C","P1","_T","J",-1,"Ventilation en activité",126
"S1",2014,"C","P1","_T","K",-1,"Ventilation en activité",126
"S1",2014,"C","P1","_T","L",-1,"Ventilation en activité",126
"S1",2014,"C","P1","_T","M",-1,"Ventilation en activité",126
"S1",2014,"C","P1","_T","N",-1,"Ventilation en activité",126
"S1",2014,"C","P1","_T","O",-1,"Ventilation en activité",126
"S1",2014,"C","P1","_T","P",-1,"Ventilation en activité",126
"S1",2014,"C","P1","_T","Q",-1,"Ventilation en activité",126
"S1",2014,"C","P1","_T","R",-1,"Ventilation en activité",126
"S1",2014,"C","P1","_T","S",-1,"Ventilation en activité",126
"S1",2014,"C","P1","_T","T",-1,"Ventilation en activité",126
"S1",1979,"D","P2","_T","_T",1,"Ventilation en activité",127
"S1",1979,"D","P2","_T","A",-1,"Ventilation en activité",127
"S1",1979,"D","P2","_T","B",-1,"Ventilation en activité",127
"S1",1979,"D","P2","_T","C",-1,"Ventilation en activité",127
"S1",1979,"D","P2","_T","D",-1,"Ventilation en activité",127
"S1",1979,"D","P2","_T","E",-1,"Ventilation en activité",127
"S1",1979,"D","P2","_T","F",-1,"Ventilation en activité",127
"S1",1979,"D","P2","_T","G",-1,"Ventilation en activité",127
"S1",1979,"D","P2","_T","H",-1,"Ventilation en activité",127
"S1",1979,"D","P2","_T","I",-1,"Ventilation en activité",127
"S1",1979,"D","P2","_T","J",-1,"Ventilation en activité",127
"S1",1979,"D","P2","_T","K",-1,"Ventilation en activité",127
"S1",1979,"D","P2","_T","L",-1,"Ventilation en activité",127
"S1",1979,"D","P2","_T","M",-1,"Ventilation en activité",127
"S1",1979,"D","P2","_T","N",-1,"Ventilation en activité",127
"S1",1979,"D","P2","_T","O",-1,"Ventilation en activité",127
"S1",1979,"D","P2","_T","P",-1,"Ventilation en activité",127
"S1",1979,"D","P2","_T","Q",-1,"Ventilation en activité",127
"S1",1979,"D","P2","_T","R",-1,"Ventilation en activité",127
"S1",1979,"D","P2","_T","S",-1,"Ventilation en activité",127
"S1",1999,"B","B1G","_T","_T",1,"Ventilation en activité",128
"S1",1999,"B","B1G","_T","A",-1,"Ventilation en activité",128
"S1",1999,"B","B1G","_T","B",-1,"Ventilation en activité",128
"S1",1999,"B","B1G","_T","C",-1,"Ventilation en activité",128
"S1",1999,"B","B1G","_T","D",-1,"Ventilation en activité",128
"S1",1999,"B","B1G","_T","E",-1,"Ventilation en activité",128
"S1",1999,"B","B1G","_T","F",-1,"Ventilation en activité",128
"S1",1999,"B","B1G","_T","G",-1,"Ventilation en activité",128
"S1",1999,"B","B1G","_T","H",-1,"Ventilation en activité",128
"S1",1999,"B","B1G","_T","I",-1,"Ventilation en activité",128
"S1",1999,"B","B1G","_T","J",-1,"Ventilation en activité",128
"S1",1999,"B","B1G","_T","K",-1,"Ventilation en activité",128
"S1",1999,"B","B1G","_T","L",-1,"Ventilation en activité",128
"S1",1999,"B","B1G","_T","M",-1,"Ventilation en activité",128
"S1",1999,"B","B1G","_T","N",-1,"Ventilation en activité",128
"S1",1999,"B","B1G","_T","O",-1,"Ventilation en activité",128
"S1",1999,"B","B1G","_T","P",-1,"Ventilation en activité",128
"S1",1999,"B","B1G","_T","Q",-1,"Ventilation en activité",128
"S1",1999,"B","B1G","_T","R",-1,"Ventilation en activité",128
"S1",1999,"B","B1G","_T","S",-1,"Ventilation en activité",128
"S1",1999,"B","B1G","_T","T",-1,"Ventilation en activité",128
"S1",1984,"D","D1","_T","_T",1,"Ventilation en activité",129
"S1",1984,"D","D1","_T","A",-1,"Ventilation en activité",129
"S1",1984,"D","D1","_T","B",-1,"Ventilation en activité",129
"S1",1984,"D","D1","_T","C",-1,"Ventilation en activité",129
"S1",1984,"D","D1","_T","D",-1,"Ventilation en activité",129
"S1",1984,"D","D1","_T","E",-1,"Ventilation en activité",129
"S1",1984,"D","D1","_T","F",-1,"Ventilation en activité",129
"S1",1984,"D","D1","_T","G",-1,"Ventilation en activité",129
"S1",1984,"D","D1","_T","H",-1,"Ventilation en activité",129
"S1",1984,"D","D1","_T","I",-1,"Ventilation en activité",129
"S1",1984,"D","D1","_T","J",-1,"Ventilation en activité",129
"S1",1984,"D","D1","_T","K",-1,"Ventilation en activité",129
"S1",1984,"D","D1","_T","L",-1,"Ventilation en activité",129
"S1",1984,"D","D1","_T","M",-1,"Ventilation en activité",129
"S1",1984,"D","D1","_T","N",-1,"Ventilation en activité",129
"S1",1984,"D","D1","_T","O",-1,"Ventilation en activité",129
"S1",1984,"D","D1","_T","P",-1,"Ventilation en activité",129
"S1",1984,"D","D1","_T","Q",-1,"Ventilation en activité",129
"S1",1984,"D","D1","_T","R",-1,"Ventilation en activité",129
"S1",1984,"D","D1","_T","S",-1,"Ventilation en activité",129
"S1",1984,"D","D1","_T","T",-1,"Ventilation en activité",129
"S1",2001,"D","D1","_T","_T",1,"Ventilation en activité",130
"S1",2001,"D","D1","_T","A",-1,"Ventilation en activité",130
"S1",2001,"D","D1","_T","B",-1,"Ventilation en activité",130
"S1",2001,"D","D1","_T","C",-1,"Ventilation en activité",130
"S1",2001,"D","D1","_T","D",-1,"Ventilation en activité",130
"S1",2001,"D","D1","_T","E",-1,"Ventilation en activité",130
"S1",2001,"D","D1","_T","F",-1,"Ventilation en activité",130
"S1",2001,"D","D1","_T","G",-1,"Ventilation en activité",130
"S1",2001,"D","D1","_T","H",-1,"Ventilation en activité",130
"S1",2001,"D","D1","_T","I",-1,"Ventilation en activité",130
"S1",2001,"D","D1","_T","J",-1,"Ventilation en activité",130
"S1",2001,"D","D1","_T","K",-1,"Ventilation en activité",130
"S1",2001,"D","D1","_T","L",-1,"Ventilation en activité",130
"S1",2001,"D","D1","_T","M",-1,"Ventilation en activité",130
"S1",2001,"D","D1","_T","N",-1,"Ventilation en activité",130
"S1",2001,"D","D1","_T","O",-1,"Ventilation en activité",130
"S1",2001,"D","D1","_T","P",-1,"Ventilation en activité",130
"S1",2001,"D","D1","_T","Q",-1,"Ventilation en activité",130
"S1",2001,"D","D1","_T","R",-1,"Ventilation en activité",130
"S1",2001,"D","D1","_T","S",-1,"Ventilation en activité",130
"S1",2001,"D","D1","_T","T",-1,"Ventilation en activité",130
"S1",2010,"D","D1","_T","_T",1,"Ventilation en activité",131
"S1",2010,"D","D1","_T","A",-1,"Ventilation en activité",131
"S1",2010,"D","D1","_T","B",-1,"Ventilation en activité",131
"S1",2010,"D","D1","_T","C",-1,"Ventilation en activité",131
"S1",2010,"D","D1","_T","D",-1,"Ventilation en activité",131
"S1",2010,"D","D1","_T","E",-1,"Ventilation en activité",131
"S1",2010,"D","D1","_T","F",-1,"Ventilation en activité",131
"S1",2010,"D","D1","_T","G",-1,"Ventilation en activité",131
"S1",2010,"D","D1","_T","H",-1,"Ventilation en activité",131
"S1",2010,"D","D1","_T","I",-1,"Ventilation en activité",131
"S1",2010,"D","D1","_T","J",-1,"Ventilation en activité",131
"S1",2010,"D","D1","_T","K",-1,"Ventilation en activité",131
"S1",2010,"D","D1","_T","L",-1,"Ventilation en activité",131
"S1",2010,"D","D1","_T","M",-1,"Ventilation en activité",131
"S1",2010,"D","D1","_T","N",-1,"Ventilation en activité",131
"S1",2010,"D","D1","_T","O",-1,"Ventilation en activité",131
"S1",2010,"D","D1","_T","P",-1,"Ventilation en activité",131
"S1",2010,"D","D1","_T","Q",-1,"Ventilation en activité",131
"S1",2010,"D","D1","_T","R",-1,"Ventilation en activité",131
"S1",2010,"D","D1","_T","S",-1,"Ventilation en activité",131
"S1",2010,"D","D1","_T","T",-1,"Ventilation en activité",131
"S1",2012,"B","B1G","_T","_T",1,"Ventilation en activité",132
"S1",2012,"B","B1G","_T","A",-1,"Ventilation en activité",132
"S1",2012,"B","B1G","_T","B",-1,"Ventilation en activité",132
"S1",2012,"B","B1G","_T","C",-1,"Ventilation en activité",132
"S1",2012,"B","B1G","_T","D",-1,"Ventilation en activité",132
"S1",2012,"B","B1G","_T","E",-1,"Ventilation en activité",132
"S1",2012,"B","B1G","_T","F",-1,"Ventilation en activité",132
"S1",2012,"B","B1G","_T","G",-1,"Ventilation en activité",132
"S1",2012,"B","B1G","_T","H",-1,"Ventilation en activité",132
"S1",2012,"B","B1G","_T","I",-1,"Ventilation en activité",132
"S1",2012,"B","B1G","_T","J",-1,"Ventilation en activité",132
"S1",2012,"B","B1G","_T","K",-1,"Ventilation en activité",132
"S1",2012,"B","B1G","_T","L",-1,"Ventilation en activité",132
"S1",2012,"B","B1G","_T","M",-1,"Ventilation en activité",132
"S1",2012,"B","B1G","_T","N",-1,"Ventilation en activité",132
"S1",2012,"B","B1G","_T","O",-1,"Ventilation en activité",132
"S1",2012,"B","B1G","_T","P",-1,"Ventilation en activité",132
"S1",2012,"B","B1G","_T","Q",-1,"Ventilation en activité",132
"S1",2012,"B","B1G","_T","R",-1,"Ventilation en activité",132
"S1",2012,"B","B1G","_T","S",-1,"Ventilation en activité",132
"S1",2012,"B","B1G","_T","T",-1,"Ventilation en activité",132
"S1",1993,"B","B2A3N","_T","_T",1,"Ventilation en activité",133
"S1",1993,"B","B2A3N","_T","A",-1,"Ventilation en activité",133
"S1",1993,"B","B2A3N","_T","B",-1,"Ventilation en activité",133
"S1",1993,"B","B2A3N","_T","C",-1,"Ventilation en activité",133
"S1",1993,"B","B2A3N","_T","D",-1,"Ventilation en activité",133
"S1",1993,"B","B2A3N","_T","E",-1,"Ventilation en activité",133
"S1",1993,"B","B2A3N","_T","F",-1,"Ventilation en activité",133
"S1",1993,"B","B2A3N","_T","G",-1,"Ventilation en activité",133
"S1",1993,"B","B2A3N","_T","H",-1,"Ventilation en activité",133
"S1",1993,"B","B2A3N","_T","I",-1,"Ventilation en activité",133
"S1",1993,"B","B2A3N","_T","J",-1,"Ventilation en activité",133
"S1",1993,"B","B2A3N","_T","K",-1,"Ventilation en activité",133
"S1",1993,"B","B2A3N","_T","L",-1,"Ventilation en activité",133
"S1",1993,"B","B2A3N","_T","M",-1,"Ventilation en activité",133
"S1",1993,"B","B2A3N","_T","N",-1,"Ventilation en activité",133
"S1",1993,"B","B2A3N","_T","O",-1,"Ventilation en activité",133
"S1",1993,"B","B2A3N","_T","P",-1,"Ventilation en activité",133
"S1",1993,"B","B2A3N","_T","Q",-1,"Ventilation en activité",133
"S1",1993,"B","B2A3N","_T","R",-1,"Ventilation en activité",133
"S1",1993,"B","B2A3N","_T","S",-1,"Ventilation en activité",133
"S1",1993,"B","B2A3N","_T","T",-1,"Ventilation en activité",133
"S1",2012,"D","D11","_T","_T",1,"Ventilation en activité",134
"S1",2012,"D","D11","_T","A",-1,"Ventilation en activité",134
"S1",2012,"D","D11","_T","B",-1,"Ventilation en activité",134
"S1",2012,"D","D11","_T","C",-1,"Ventilation en activité",134
"S1",2012,"D","D11","_T","D",-1,"Ventilation en activité",134
"S1",2012,"D","D11","_T","E",-1,"Ventilation en activité",134
"S1",2012,"D","D11","_T","F",-1,"Ventilation en activité",134
"S1",2012,"D","D11","_T","G",-1,"Ventilation en activité",134
"S1",2012,"D","D11","_T","H",-1,"Ventilation en activité",134
"S1",2012,"D","D11","_T","I",-1,"Ventilation en activité",134
"S1",2012,"D","D11","_T","J",-1,"Ventilation en activité",134
"S1",2012,"D","D11","_T","K",-1,"Ventilation en activité",134
"S1",2012,"D","D11","_T","L",-1,"Ventilation en activité",134
"S1",2012,"D","D11","_T","M",-1,"Ventilation en activité",134
"S1",2012,"D","D11","_T","N",-1,"Ventilation en activité",134
"S1",2012,"D","D11","_T","O",-1,"Ventilation en activité",134
"S1",2012,"D","D11","_T","P",-1,"Ventilation en activité",134
"S1",2012,"D","D11","_T","Q",-1,"Ventilation en activité",134
"S1",2012,"D","D11","_T","R",-1,"Ventilation en activité",134
"S1",2012,"D","D11","_T","S",-1,"Ventilation en activité",134
"S1",2012,"D","D11","_T","T",-1,"Ventilation en activité",134
"S1",2004,"C","P1","_T","_T",1,"Ventilation en activité",135
"S1",2004,"C","P1","_T","A",-1,"Ventilation en activité",135
"S1",2004,"C","P1","_T","B",-1,"Ventilation en activité",135
"S1",2004,"C","P1","_T","C",-1,"Ventilation en activité",135
"S1",2004,"C","P1","_T","D",-1,"Ventilation en activité",135
"S1",2004,"C","P1","_T","E",-1,"Ventilation en activité",135
"S1",2004,"C","P1","_T","F",-1,"Ventilation en activité",135
"S1",2004,"C","P1","_T","G",-1,"Ventilation en activité",135
"S1",2004,"C","P1","_T","H",-1,"Ventilation en activité",135
"S1",2004,"C","P1","_T","I",-1,"Ventilation en activité",135
"S1",2004,"C","P1","_T","J",-1,"Ventilation en activité",135
"S1",2004,"C","P1","_T","K",-1,"Ventilation en activité",135
"S1",2004,"C","P1","_T","L",-1,"Ventilation en activité",135
"S1",2004,"C","P1","_T","M",-1,"Ventilation en activité",135
"S1",2004,"C","P1","_T","N",-1,"Ventilation en activité",135
"S1",2004,"C","P1","_T","O",-1,"Ventilation en activité",135
"S1",2004,"C","P1","_T","P",-1,"Ventilation en activité",135
"S1",2004,"C","P1","_T","Q",-1,"Ventilation en activité",135
"S1",2004,"C","P1","_T","R",-1,"Ventilation en activité",135
"S1",2004,"C","P1","_T","S",-1,"Ventilation en activité",135
"S1",2004,"C","P1","_T","T",-1,"Ventilation en activité",135
"S1",1999,"D","P52","_T","_T",1,"Ventilation en activité",136
"S1",1999,"D","P52","_T","A",-1,"Ventilation en activité",136
"S1",1999,"D","P52","_T","B",-1,"Ventilation en activité",136
"S1",1999,"D","P52","_T","C",-1,"Ventilation en activité",136
"S1",1999,"D","P52","_T","D",-1,"Ventilation en activité",136
"S1",1999,"D","P52","_T","E",-1,"Ventilation en activité",136
"S1",1999,"D","P52","_T","F",-1,"Ventilation en activité",136
"S1",1999,"D","P52","_T","G",-1,"Ventilation en activité",136
"S1",1999,"D","P52","_T","H",-1,"Ventilation en activité",136
"S1",1999,"D","P52","_T","I",-1,"Ventilation en activité",136
"S1",1999,"D","P52","_T","J",-1,"Ventilation en activité",136
"S1",1999,"D","P52","_T","K",-1,"Ventilation en activité",136
"S1",1999,"D","P52","_T","L",-1,"Ventilation en activité",136
"S1",1999,"D","P52","_T","M",-1,"Ventilation en activité",136
"S1",1999,"D","P52","_T","N",-1,"Ventilation en activité",136
"S1",1999,"D","P52","_T","O",-1,"Ventilation en activité",136
"S1",1999,"D","P52","_T","P",-1,"Ventilation en activité",136
"S1",1999,"D","P52","_T","Q",-1,"Ventilation en activité",136
"S1",1999,"D","P52","_T","R",-1,"Ventilation en activité",136
"S1",1999,"D","P52","_T","S",-1,"Ventilation en activité",136
"S1",1999,"D","P52","_T","T",-1,"Ventilation en activité",136
"S1",1999,"D","P52","_T","U",-1,"Ventilation en activité",136
"S1",2018,"C","P1","_T","_T",1,"Ventilation en activité",137
"S1",2018,"C","P1","_T","A",-1,"Ventilation en activité",137
"S1",2018,"C","P1","_T","B",-1,"Ventilation en activité",137
"S1",2018,"C","P1","_T","C",-1,"Ventilation en activité",137
"S1",2018,"C","P1","_T","D",-1,"Ventilation en activité",137
"S1",2018,"C","P1","_T","E",-1,"Ventilation en activité",137
"S1",2018,"C","P1","_T","F",-1,"Ventilation en activité",137
"S1",2018,"C","P1","_T","G",-1,"Ventilation en activité",137
"S1",2018,"C","P1","_T","H",-1,"Ventilation en activité",137
"S1",2018,"C","P1","_T","I",-1,"Ventilation en activité",137
"S1",2018,"C","P1","_T","J",-1,"Ventilation en activité",137
"S1",2018,"C","P1","_T","K",-1,"Ventilation en activité",137
"S1",2018,"C","P1","_T","L",-1,"Ventilation en activité",137
"S1",2018,"C","P1","_T","M",-1,"Ventilation en activité",137
"S1",2018,"C","P1","_T","N",-1,"Ventilation en activité",137
"S1",2018,"C","P1","_T","O",-1,"Ventilation en activité",137
"S1",2018,"C","P1","_T","P",-1,"Ventilation en activité",137
"S1",2018,"C","P1","_T","Q",-1,"Ventilation en activité",137
"S1",2018,"C","P1","_T","R",-1,"Ventilation en activité",137
"S1",2018,"C","P1","_T","S",-1,"Ventilation en activité",137
"S1",2018,"C","P1","_T","T",-1,"Ventilation en activité",137
"S1",1992,"B","B1G","_T","_T",1,"Ventilation en activité",138
"S1",1992,"B","B1G","_T","A",-1,"Ventilation en activité",138
"S1",1992,"B","B1G","_T","B",-1,"Ventilation en activité",138
"S1",1992,"B","B1G","_T","C",-1,"Ventilation en activité",138
"S1",1992,"B","B1G","_T","D",-1,"Ventilation en activité",138
"S1",1992,"B","B1G","_T","E",-1,"Ventilation en activité",138
"S1",1992,"B","B1G","_T","F",-1,"Ventilation en activité",138
"S1",1992,"B","B1G","_T","G",-1,"Ventilation en activité",138
"S1",1992,"B","B1G","_T","H",-1,"Ventilation en activité",138
"S1",1992,"B","B1G","_T","I",-1,"Ventilation en activité",138
"S1",1992,"B","B1G","_T","J",-1,"Ventilation en activité",138
"S1",1992,"B","B1G","_T","K",-1,"Ventilation en activité",138
"S1",1992,"B","B1G","_T","L",-1,"Ventilation en activité",138
"S1",1992,"B","B1G","_T","M",-1,"Ventilation en activité",138
"S1",1992,"B","B1G","_T","N",-1,"Ventilation en activité",138
"S1",1992,"B","B1G","_T","O",-1,"Ventilation en activité",138
"S1",1992,"B","B1G","_T","P",-1,"Ventilation en activité",138
"S1",1992,"B","B1G","_T","Q",-1,"Ventilation en activité",138
"S1",1992,"B","B1G","_T","R",-1,"Ventilation en activité",138
"S1",1992,"B","B1G","_T","S",-1,"Ventilation en activité",138
"S1",1992,"B","B1G","_T","T",-1,"Ventilation en activité",138
"S1",1997,"D","D11","_T","_T",1,"Ventilation en activité",139
"S1",1997,"D","D11","_T","A",-1,"Ventilation en activité",139
"S1",1997,"D","D11","_T","B",-1,"Ventilation en activité",139
"S1",1997,"D","D11","_T","C",-1,"Ventilation en activité",139
"S1",1997,"D","D11","_T","D",-1,"Ventilation en activité",139
"S1",1997,"D","D11","_T","E",-1,"Ventilation en activité",139
"S1",1997,"D","D11","_T","F",-1,"Ventilation en activité",139
"S1",1997,"D","D11","_T","G",-1,"Ventilation en activité",139
"S1",1997,"D","D11","_T","H",-1,"Ventilation en activité",139
"S1",1997,"D","D11","_T","I",-1,"Ventilation en activité",139
"S1",1997,"D","D11","_T","J",-1,"Ventilation en activité",139
"S1",1997,"D","D11","_T","K",-1,"Ventilation en activité",139
"S1",1997,"D","D11","_T","L",-1,"Ventilation en activité",139
"S1",1997,"D","D11","_T","M",-1,"Ventilation en activité",139
"S1",1997,"D","D11","_T","N",-1,"Ventilation en activité",139
"S1",1997,"D","D11","_T","O",-1,"Ventilation en activité",139
"S1",1997,"D","D11","_T","P",-1,"Ventilation en activité",139
"S1",1997,"D","D11","_T","Q",-1,"Ventilation en activité",139
"S1",1997,"D","D11","_T","R",-1,"Ventilation en activité",139
"S1",1997,"D","D11","_T","S",-1,"Ventilation en activité",139
"S1",1997,"D","D11","_T","T",-1,"Ventilation en activité",139
"S1",2017,"D","P2","_T","_T",1,"Ventilation en activité",140
"S1",2017,"D","P2","_T","A",-1,"Ventilation en activité",140
"S1",2017,"D","P2","_T","B",-1,"Ventilation en activité",140
"S1",2017,"D","P2","_T","C",-1,"Ventilation en activité",140
"S1",2017,"D","P2","_T","D",-1,"Ventilation en activité",140
"S1",2017,"D","P2","_T","E",-1,"Ventilation en activité",140
"S1",2017,"D","P2","_T","F",-1,"Ventilation en activité",140
"S1",2017,"D","P2","_T","G",-1,"Ventilation en activité",140
"S1",2017,"D","P2","_T","H",-1,"Ventilation en activité",140
"S1",2017,"D","P2","_T","I",-1,"Ventilation en activité",140
"S1",2017,"D","P2","_T","J",-1,"Ventilation en activité",140
"S1",2017,"D","P2","_T","K",-1,"Ventilation en activité",140
"S1",2017,"D","P2","_T","L",-1,"Ventilation en activité",140
"S1",2017,"D","P2","_T","M",-1,"Ventilation en activité",140
"S1",2017,"D","P2","_T","N",-1,"Ventilation en activité",140
"S1",2017,"D","P2","_T","O",-1,"Ventilation en activité",140
"S1",2017,"D","P2","_T","P",-1,"Ventilation en activité",140
"S1",2017,"D","P2","_T","Q",-1,"Ventilation en activité",140
"S1",2017,"D","P2","_T","R",-1,"Ventilation en activité",140
"S1",2017,"D","P2","_T","S",-1,"Ventilation en activité",140
"S1",1983,"D","P2","_T","_T",1,"Ventilation en activité",141
"S1",1983,"D","P2","_T","A",-1,"Ventilation en activité",141
"S1",1983,"D","P2","_T","B",-1,"Ventilation en activité",141
"S1",1983,"D","P2","_T","C",-1,"Ventilation en activité",141
"S1",1983,"D","P2","_T","D",-1,"Ventilation en activité",141
"S1",1983,"D","P2","_T","E",-1,"Ventilation en activité",141
"S1",1983,"D","P2","_T","F",-1,"Ventilation en activité",141
"S1",1983,"D","P2","_T","G",-1,"Ventilation en activité",141
"S1",1983,"D","P2","_T","H",-1,"Ventilation en activité",141
"S1",1983,"D","P2","_T","I",-1,"Ventilation en activité",141
"S1",1983,"D","P2","_T","J",-1,"Ventilation en activité",141
"S1",1983,"D","P2","_T","K",-1,"Ventilation en activité",141
"S1",1983,"D","P2","_T","L",-1,"Ventilation en activité",141
"S1",1983,"D","P2","_T","M",-1,"Ventilation en activité",141
"S1",1983,"D","P2","_T","N",-1,"Ventilation en activité",141
"S1",1983,"D","P2","_T","O",-1,"Ventilation en activité",141
"S1",1983,"D","P2","_T","P",-1,"Ventilation en activité",141
"S1",1983,"D","P2","_T","Q",-1,"Ventilation en activité",141
"S1",1983,"D","P2","_T","R",-1,"Ventilation en activité",141
"S1",1983,"D","P2","_T","S",-1,"Ventilation en activité",141
"S1",2006,"D","P51C","_T","_T",1,"Ventilation en activité",142
"S1",2006,"D","P51C","_T","A",-1,"Ventilation en activité",142
"S1",2006,"D","P51C","_T","B",-1,"Ventilation en activité",142
"S1",2006,"D","P51C","_T","C",-1,"Ventilation en activité",142
"S1",2006,"D","P51C","_T","D",-1,"Ventilation en activité",142
"S1",2006,"D","P51C","_T","E",-1,"Ventilation en activité",142
"S1",2006,"D","P51C","_T","F",-1,"Ventilation en activité",142
"S1",2006,"D","P51C","_T","G",-1,"Ventilation en activité",142
"S1",2006,"D","P51C","_T","H",-1,"Ventilation en activité",142
"S1",2006,"D","P51C","_T","I",-1,"Ventilation en activité",142
"S1",2006,"D","P51C","_T","J",-1,"Ventilation en activité",142
"S1",2006,"D","P51C","_T","K",-1,"Ventilation en activité",142
"S1",2006,"D","P51C","_T","L",-1,"Ventilation en activité",142
"S1",2006,"D","P51C","_T","M",-1,"Ventilation en activité",142
"S1",2006,"D","P51C","_T","N",-1,"Ventilation en activité",142
"S1",2006,"D","P51C","_T","O",-1,"Ventilation en activité",142
"S1",2006,"D","P51C","_T","P",-1,"Ventilation en activité",142
"S1",2006,"D","P51C","_T","Q",-1,"Ventilation en activité",142
"S1",2006,"D","P51C","_T","R",-1,"Ventilation en activité",142
"S1",2006,"D","P51C","_T","S",-1,"Ventilation en activité",142
"S1",2006,"D","P52","_T","_T",1,"Ventilation en activité",143
"S1",2006,"D","P52","_T","A",-1,"Ventilation en activité",143
"S1",2006,"D","P52","_T","B",-1,"Ventilation en activité",143
"S1",2006,"D","P52","_T","C",-1,"Ventilation en activité",143
"S1",2006,"D","P52","_T","D",-1,"Ventilation en activité",143
"S1",2006,"D","P52","_T","E",-1,"Ventilation en activité",143
"S1",2006,"D","P52","_T","F",-1,"Ventilation en activité",143
"S1",2006,"D","P52","_T","G",-1,"Ventilation en activité",143
"S1",2006,"D","P52","_T","H",-1,"Ventilation en activité",143
"S1",2006,"D","P52","_T","I",-1,"Ventilation en activité",143
"S1",2006,"D","P52","_T","J",-1,"Ventilation en activité",143
"S1",2006,"D","P52","_T","K",-1,"Ventilation en activité",143
"S1",2006,"D","P52","_T","L",-1,"Ventilation en activité",143
"S1",2006,"D","P52","_T","M",-1,"Ventilation en activité",143
"S1",2006,"D","P52","_T","N",-1,"Ventilation en activité",143
"S1",2006,"D","P52","_T","O",-1,"Ventilation en activité",143
"S1",2006,"D","P52","_T","P",-1,"Ventilation en activité",143
"S1",2006,"D","P52","_T","Q",-1,"Ventilation en activité",143
"S1",2006,"D","P52","_T","R",-1,"Ventilation en activité",143
"S1",2006,"D","P52","_T","S",-1,"Ventilation en activité",143
"S1",2006,"D","P52","_T","T",-1,"Ventilation en activité",143
"S1",2006,"D","P52","_T","U",-1,"Ventilation en activité",143
"S1",2005,"D","P51C","_T","_T",1,"Ventilation en activité",144
"S1",2005,"D","P51C","_T","A",-1,"Ventilation en activité",144
"S1",2005,"D","P51C","_T","B",-1,"Ventilation en activité",144
"S1",2005,"D","P51C","_T","C",-1,"Ventilation en activité",144
"S1",2005,"D","P51C","_T","D",-1,"Ventilation en activité",144
"S1",2005,"D","P51C","_T","E",-1,"Ventilation en activité",144
"S1",2005,"D","P51C","_T","F",-1,"Ventilation en activité",144
"S1",2005,"D","P51C","_T","G",-1,"Ventilation en activité",144
"S1",2005,"D","P51C","_T","H",-1,"Ventilation en activité",144
"S1",2005,"D","P51C","_T","I",-1,"Ventilation en activité",144
"S1",2005,"D","P51C","_T","J",-1,"Ventilation en activité",144
"S1",2005,"D","P51C","_T","K",-1,"Ventilation en activité",144
"S1",2005,"D","P51C","_T","L",-1,"Ventilation en activité",144
"S1",2005,"D","P51C","_T","M",-1,"Ventilation en activité",144
"S1",2005,"D","P51C","_T","N",-1,"Ventilation en activité",144
"S1",2005,"D","P51C","_T","O",-1,"Ventilation en activité",144
"S1",2005,"D","P51C","_T","P",-1,"Ventilation en activité",144
"S1",2005,"D","P51C","_T","Q",-1,"Ventilation en activité",144
"S1",2005,"D","P51C","_T","R",-1,"Ventilation en activité",144
"S1",2005,"D","P51C","_T","S",-1,"Ventilation en activité",144
"S1",2007,"C","P1","_T","_T",1,"Ventilation en activité",145
"S1",2007,"C","P1","_T","A",-1,"Ventilation en activité",145
"S1",2007,"C","P1","_T","B",-1,"Ventilation en activité",145
"S1",2007,"C","P1","_T","C",-1,"Ventilation en activité",145
"S1",2007,"C","P1","_T","D",-1,"Ventilation en activité",145
"S1",2007,"C","P1","_T","E",-1,"Ventilation en activité",145
"S1",2007,"C","P1","_T","F",-1,"Ventilation en activité",145
"S1",2007,"C","P1","_T","G",-1,"Ventilation en activité",145
"S1",2007,"C","P1","_T","H",-1,"Ventilation en activité",145
"S1",2007,"C","P1","_T","I",-1,"Ventilation en activité",145
"S1",2007,"C","P1","_T","J",-1,"Ventilation en activité",145
"S1",2007,"C","P1","_T","K",-1,"Ventilation en activité",145
"S1",2007,"C","P1","_T","L",-1,"Ventilation en activité",145
"S1",2007,"C","P1","_T","M",-1,"Ventilation en activité",145
"S1",2007,"C","P1","_T","N",-1,"Ventilation en activité",145
"S1",2007,"C","P1","_T","O",-1,"Ventilation en activité",145
"S1",2007,"C","P1","_T","P",-1,"Ventilation en activité",145
"S1",2007,"C","P1","_T","Q",-1,"Ventilation en activité",145
"S1",2007,"C","P1","_T","R",-1,"Ventilation en activité",145
"S1",2007,"C","P1","_T","S",-1,"Ventilation en activité",145
"S1",2007,"C","P1","_T","T",-1,"Ventilation en activité",145
"S1",2007,"D","D1","_T","_T",1,"Ventilation en activité",146
"S1",2007,"D","D1","_T","A",-1,"Ventilation en activité",146
"S1",2007,"D","D1","_T","B",-1,"Ventilation en activité",146
"S1",2007,"D","D1","_T","C",-1,"Ventilation en activité",146
"S1",2007,"D","D1","_T","D",-1,"Ventilation en activité",146
"S1",2007,"D","D1","_T","E",-1,"Ventilation en activité",146
"S1",2007,"D","D1","_T","F",-1,"Ventilation en activité",146
"S1",2007,"D","D1","_T","G",-1,"Ventilation en activité",146
"S1",2007,"D","D1","_T","H",-1,"Ventilation en activité",146
"S1",2007,"D","D1","_T","I",-1,"Ventilation en activité",146
"S1",2007,"D","D1","_T","J",-1,"Ventilation en activité",146
"S1",2007,"D","D1","_T","K",-1,"Ventilation en activité",146
"S1",2007,"D","D1","_T","L",-1,"Ventilation en activité",146
"S1",2007,"D","D1","_T","M",-1,"Ventilation en activité",146
"S1",2007,"D","D1","_T","N",-1,"Ventilation en activité",146
"S1",2007,"D","D1","_T","O",-1,"Ventilation en activité",146
"S1",2007,"D","D1","_T","P",-1,"Ventilation en activité",146
"S1",2007,"D","D1","_T","Q",-1,"Ventilation en activité",146
"S1",2007,"D","D1","_T","R",-1,"Ventilation en activité",146
"S1",2007,"D","D1","_T","S",-1,"Ventilation en activité",146
"S1",2007,"D","D1","_T","T",-1,"Ventilation en activité",146
"S1",1986,"B","B1G","_T","_T",1,"Ventilation en activité",147
"S1",1986,"B","B1G","_T","A",-1,"Ventilation en activité",147
"S1",1986,"B","B1G","_T","B",-1,"Ventilation en activité",147
"S1",1986,"B","B1G","_T","C",-1,"Ventilation en activité",147
"S1",1986,"B","B1G","_T","D",-1,"Ventilation en activité",147
"S1",1986,"B","B1G","_T","E",-1,"Ventilation en activité",147
"S1",1986,"B","B1G","_T","F",-1,"Ventilation en activité",147
"S1",1986,"B","B1G","_T","G",-1,"Ventilation en activité",147
"S1",1986,"B","B1G","_T","H",-1,"Ventilation en activité",147
"S1",1986,"B","B1G","_T","I",-1,"Ventilation en activité",147
"S1",1986,"B","B1G","_T","J",-1,"Ventilation en activité",147
"S1",1986,"B","B1G","_T","K",-1,"Ventilation en activité",147
"S1",1986,"B","B1G","_T","L",-1,"Ventilation en activité",147
"S1",1986,"B","B1G","_T","M",-1,"Ventilation en activité",147
"S1",1986,"B","B1G","_T","N",-1,"Ventilation en activité",147
"S1",1986,"B","B1G","_T","O",-1,"Ventilation en activité",147
"S1",1986,"B","B1G","_T","P",-1,"Ventilation en activité",147
"S1",1986,"B","B1G","_T","Q",-1,"Ventilation en activité",147
"S1",1986,"B","B1G","_T","R",-1,"Ventilation en activité",147
"S1",1986,"B","B1G","_T","S",-1,"Ventilation en activité",147
"S1",1986,"B","B1G","_T","T",-1,"Ventilation en activité",147
"S1",2012,"D","P2","_T","_T",1,"Ventilation en activité",148
"S1",2012,"D","P2","_T","A",-1,"Ventilation en activité",148
"S1",2012,"D","P2","_T","B",-1,"Ventilation en activité",148
"S1",2012,"D","P2","_T","C",-1,"Ventilation en activité",148
"S1",2012,"D","P2","_T","D",-1,"Ventilation en activité",148
"S1",2012,"D","P2","_T","E",-1,"Ventilation en activité",148
"S1",2012,"D","P2","_T","F",-1,"Ventilation en activité",148
"S1",2012,"D","P2","_T","G",-1,"Ventilation en activité",148
"S1",2012,"D","P2","_T","H",-1,"Ventilation en activité",148
"S1",2012,"D","P2","_T","I",-1,"Ventilation en activité",148
"S1",2012,"D","P2","_T","J",-1,"Ventilation en activité",148
"S1",2012,"D","P2","_T","K",-1,"Ventilation en activité",148
"S1",2012,"D","P2","_T","L",-1,"Ventilation en activité",148
"S1",2012,"D","P2","_T","M",-1,"Ventilation en activité",148
"S1",2012,"D","P2","_T","N",-1,"Ventilation en activité",148
"S1",2012,"D","P2","_T","O",-1,"Ventilation en activité",148
"S1",2012,"D","P2","_T","P",-1,"Ventilation en activité",148
"S1",2012,"D","P2","_T","Q",-1,"Ventilation en activité",148
"S1",2012,"D","P2","_T","R",-1,"Ventilation en activité",148
"S1",2012,"D","P2","_T","S",-1,"Ventilation en activité",148
"S1",1996,"B","B1G","_T","_T",1,"Ventilation en activité",149
"S1",1996,"B","B1G","_T","A",-1,"Ventilation en activité",149
"S1",1996,"B","B1G","_T","B",-1,"Ventilation en activité",149
"S1",1996,"B","B1G","_T","C",-1,"Ventilation en activité",149
"S1",1996,"B","B1G","_T","D",-1,"Ventilation en activité",149
"S1",1996,"B","B1G","_T","E",-1,"Ventilation en activité",149
"S1",1996,"B","B1G","_T","F",-1,"Ventilation en activité",149
"S1",1996,"B","B1G","_T","G",-1,"Ventilation en activité",149
"S1",1996,"B","B1G","_T","H",-1,"Ventilation en activité",149
"S1",1996,"B","B1G","_T","I",-1,"Ventilation en activité",149
"S1",1996,"B","B1G","_T","J",-1,"Ventilation en activité",149
"S1",1996,"B","B1G","_T","K",-1,"Ventilation en activité",149
"S1",1996,"B","B1G","_T","L",-1,"Ventilation en activité",149
"S1",1996,"B","B1G","_T","M",-1,"Ventilation en activité",149
"S1",1996,"B","B1G","_T","N",-1,"Ventilation en activité",149
"S1",1996,"B","B1G","_T","O",-1,"Ventilation en activité",149
"S1",1996,"B","B1G","_T","P",-1,"Ventilation en activité",149
"S1",1996,"B","B1G","_T","Q",-1,"Ventilation en activité",149
"S1",1996,"B","B1G","_T","R",-1,"Ventilation en activité",149
"S1",1996,"B","B1G","_T","S",-1,"Ventilation en activité",149
"S1",1996,"B","B1G","_T","T",-1,"Ventilation en activité",149
"S1",1981,"D","D1","_T","_T",1,"Ventilation en activité",150
"S1",1981,"D","D1","_T","A",-1,"Ventilation en activité",150
"S1",1981,"D","D1","_T","B",-1,"Ventilation en activité",150
"S1",1981,"D","D1","_T","C",-1,"Ventilation en activité",150
"S1",1981,"D","D1","_T","D",-1,"Ventilation en activité",150
"S1",1981,"D","D1","_T","E",-1,"Ventilation en activité",150
"S1",1981,"D","D1","_T","F",-1,"Ventilation en activité",150
"S1",1981,"D","D1","_T","G",-1,"Ventilation en activité",150
"S1",1981,"D","D1","_T","H",-1,"Ventilation en activité",150
"S1",1981,"D","D1","_T","I",-1,"Ventilation en activité",150
"S1",1981,"D","D1","_T","J",-1,"Ventilation en activité",150
"S1",1981,"D","D1","_T","K",-1,"Ventilation en activité",150
"S1",1981,"D","D1","_T","L",-1,"Ventilation en activité",150
"S1",1981,"D","D1","_T","M",-1,"Ventilation en activité",150
"S1",1981,"D","D1","_T","N",-1,"Ventilation en activité",150
"S1",1981,"D","D1","_T","O",-1,"Ventilation en activité",150
"S1",1981,"D","D1","_T","P",-1,"Ventilation en activité",150
"S1",1981,"D","D1","_T","Q",-1,"Ventilation en activité",150
"S1",1981,"D","D1","_T","R",-1,"Ventilation en activité",150
"S1",1981,"D","D1","_T","S",-1,"Ventilation en activité",150
"S1",1981,"D","D1","_T","T",-1,"Ventilation en activité",150
"S1",2006,"B","B2A3N","_T","_T",1,"Ventilation en activité",151
"S1",2006,"B","B2A3N","_T","A",-1,"Ventilation en activité",151
"S1",2006,"B","B2A3N","_T","B",-1,"Ventilation en activité",151
"S1",2006,"B","B2A3N","_T","C",-1,"Ventilation en activité",151
"S1",2006,"B","B2A3N","_T","D",-1,"Ventilation en activité",151
"S1",2006,"B","B2A3N","_T","E",-1,"Ventilation en activité",151
"S1",2006,"B","B2A3N","_T","F",-1,"Ventilation en activité",151
"S1",2006,"B","B2A3N","_T","G",-1,"Ventilation en activité",151
"S1",2006,"B","B2A3N","_T","H",-1,"Ventilation en activité",151
"S1",2006,"B","B2A3N","_T","I",-1,"Ventilation en activité",151
"S1",2006,"B","B2A3N","_T","J",-1,"Ventilation en activité",151
"S1",2006,"B","B2A3N","_T","K",-1,"Ventilation en activité",151
"S1",2006,"B","B2A3N","_T","L",-1,"Ventilation en activité",151
"S1",2006,"B","B2A3N","_T","M",-1,"Ventilation en activité",151
"S1",2006,"B","B2A3N","_T","N",-1,"Ventilation en activité",151
"S1",2006,"B","B2A3N","_T","O",-1,"Ventilation en activité",151
"S1",2006,"B","B2A3N","_T","P",-1,"Ventilation en activité",151
"S1",2006,"B","B2A3N","_T","Q",-1,"Ventilation en activité",151
"S1",2006,"B","B2A3N","_T","R",-1,"Ventilation en activité",151
"S1",2006,"B","B2A3N","_T","S",-1,"Ventilation en activité",151
"S1",2006,"B","B2A3N","_T","T",-1,"Ventilation en activité",151
"S1",2020,"D","D11","_T","_T",1,"Ventilation en activité",152
"S1",2020,"D","D11","_T","A",-1,"Ventilation en activité",152
"S1",2020,"D","D11","_T","B",-1,"Ventilation en activité",152
"S1",2020,"D","D11","_T","C",-1,"Ventilation en activité",152
"S1",2020,"D","D11","_T","D",-1,"Ventilation en activité",152
"S1",2020,"D","D11","_T","E",-1,"Ventilation en activité",152
"S1",2020,"D","D11","_T","F",-1,"Ventilation en activité",152
"S1",2020,"D","D11","_T","G",-1,"Ventilation en activité",152
"S1",2020,"D","D11","_T","H",-1,"Ventilation en activité",152
"S1",2020,"D","D11","_T","I",-1,"Ventilation en activité",152
"S1",2020,"D","D11","_T","J",-1,"Ventilation en activité",152
"S1",2020,"D","D11","_T","K",-1,"Ventilation en activité",152
"S1",2020,"D","D11","_T","L",-1,"Ventilation en activité",152
"S1",2020,"D","D11","_T","M",-1,"Ventilation en activité",152
"S1",2020,"D","D11","_T","N",-1,"Ventilation en activité",152
"S1",2020,"D","D11","_T","O",-1,"Ventilation en activité",152
"S1",2020,"D","D11","_T","P",-1,"Ventilation en activité",152
"S1",2020,"D","D11","_T","Q",-1,"Ventilation en activité",152
"S1",2020,"D","D11","_T","R",-1,"Ventilation en activité",152
"S1",2020,"D","D11","_T","S",-1,"Ventilation en activité",152
"S1",2020,"D","D11","_T","T",-1,"Ventilation en activité",152
"S1",2007,"B","B2A3N","_T","_T",1,"Ventilation en activité",153
"S1",2007,"B","B2A3N","_T","A",-1,"Ventilation en activité",153
"S1",2007,"B","B2A3N","_T","B",-1,"Ventilation en activité",153
"S1",2007,"B","B2A3N","_T","C",-1,"Ventilation en activité",153
"S1",2007,"B","B2A3N","_T","D",-1,"Ventilation en activité",153
"S1",2007,"B","B2A3N","_T","E",-1,"Ventilation en activité",153
"S1",2007,"B","B2A3N","_T","F",-1,"Ventilation en activité",153
"S1",2007,"B","B2A3N","_T","G",-1,"Ventilation en activité",153
"S1",2007,"B","B2A3N","_T","H",-1,"Ventilation en activité",153
"S1",2007,"B","B2A3N","_T","I",-1,"Ventilation en activité",153
"S1",2007,"B","B2A3N","_T","J",-1,"Ventilation en activité",153
"S1",2007,"B","B2A3N","_T","K",-1,"Ventilation en activité",153
"S1",2007,"B","B2A3N","_T","L",-1,"Ventilation en activité",153
"S1",2007,"B","B2A3N","_T","M",-1,"Ventilation en activité",153
"S1",2007,"B","B2A3N","_T","N",-1,"Ventilation en activité",153
"S1",2007,"B","B2A3N","_T","O",-1,"Ventilation en activité",153
"S1",2007,"B","B2A3N","_T","P",-1,"Ventilation en activité",153
"S1",2007,"B","B2A3N","_T","Q",-1,"Ventilation en activité",153
"S1",2007,"B","B2A3N","_T","R",-1,"Ventilation en activité",153
"S1",2007,"B","B2A3N","_T","S",-1,"Ventilation en activité",153
"S1",2007,"B","B2A3N","_T","T",-1,"Ventilation en activité",153
"S1",1993,"D","P51C","_T","_T",1,"Ventilation en activité",154
"S1",1993,"D","P51C","_T","A",-1,"Ventilation en activité",154
"S1",1993,"D","P51C","_T","B",-1,"Ventilation en activité",154
"S1",1993,"D","P51C","_T","C",-1,"Ventilation en activité",154
"S1",1993,"D","P51C","_T","D",-1,"Ventilation en activité",154
"S1",1993,"D","P51C","_T","E",-1,"Ventilation en activité",154
"S1",1993,"D","P51C","_T","F",-1,"Ventilation en activité",154
"S1",1993,"D","P51C","_T","G",-1,"Ventilation en activité",154
"S1",1993,"D","P51C","_T","H",-1,"Ventilation en activité",154
"S1",1993,"D","P51C","_T","I",-1,"Ventilation en activité",154
"S1",1993,"D","P51C","_T","J",-1,"Ventilation en activité",154
"S1",1993,"D","P51C","_T","K",-1,"Ventilation en activité",154
"S1",1993,"D","P51C","_T","L",-1,"Ventilation en activité",154
"S1",1993,"D","P51C","_T","M",-1,"Ventilation en activité",154
"S1",1993,"D","P51C","_T","N",-1,"Ventilation en activité",154
"S1",1993,"D","P51C","_T","O",-1,"Ventilation en activité",154
"S1",1993,"D","P51C","_T","P",-1,"Ventilation en activité",154
"S1",1993,"D","P51C","_T","Q",-1,"Ventilation en activité",154
"S1",1993,"D","P51C","_T","R",-1,"Ventilation en activité",154
"S1",1993,"D","P51C","_T","S",-1,"Ventilation en activité",154
"S1",2016,"D","D11","_T","_T",1,"Ventilation en activité",155
"S1",2016,"D","D11","_T","A",-1,"Ventilation en activité",155
"S1",2016,"D","D11","_T","B",-1,"Ventilation en activité",155
"S1",2016,"D","D11","_T","C",-1,"Ventilation en activité",155
"S1",2016,"D","D11","_T","D",-1,"Ventilation en activité",155
"S1",2016,"D","D11","_T","E",-1,"Ventilation en activité",155
"S1",2016,"D","D11","_T","F",-1,"Ventilation en activité",155
"S1",2016,"D","D11","_T","G",-1,"Ventilation en activité",155
"S1",2016,"D","D11","_T","H",-1,"Ventilation en activité",155
"S1",2016,"D","D11","_T","I",-1,"Ventilation en activité",155
"S1",2016,"D","D11","_T","J",-1,"Ventilation en activité",155
"S1",2016,"D","D11","_T","K",-1,"Ventilation en activité",155
"S1",2016,"D","D11","_T","L",-1,"Ventilation en activité",155
"S1",2016,"D","D11","_T","M",-1,"Ventilation en activité",155
"S1",2016,"D","D11","_T","N",-1,"Ventilation en activité",155
"S1",2016,"D","D11","_T","O",-1,"Ventilation en activité",155
"S1",2016,"D","D11","_T","P",-1,"Ventilation en activité",155
"S1",2016,"D","D11","_T","Q",-1,"Ventilation en activité",155
"S1",2016,"D","D11","_T","R",-1,"Ventilation en activité",155
"S1",2016,"D","D11","_T","S",-1,"Ventilation en activité",155
"S1",2016,"D","D11","_T","T",-1,"Ventilation en activité",155
"S1",1993,"D","D1","_T","_T",1,"Ventilation en activité",156
"S1",1993,"D","D1","_T","A",-1,"Ventilation en activité",156
"S1",1993,"D","D1","_T","B",-1,"Ventilation en activité",156
"S1",1993,"D","D1","_T","C",-1,"Ventilation en activité",156
"S1",1993,"D","D1","_T","D",-1,"Ventilation en activité",156
"S1",1993,"D","D1","_T","E",-1,"Ventilation en activité",156
"S1",1993,"D","D1","_T","F",-1,"Ventilation en activité",156
"S1",1993,"D","D1","_T","G",-1,"Ventilation en activité",156
"S1",1993,"D","D1","_T","H",-1,"Ventilation en activité",156
"S1",1993,"D","D1","_T","I",-1,"Ventilation en activité",156
"S1",1993,"D","D1","_T","J",-1,"Ventilation en activité",156
"S1",1993,"D","D1","_T","K",-1,"Ventilation en activité",156
"S1",1993,"D","D1","_T","L",-1,"Ventilation en activité",156
"S1",1993,"D","D1","_T","M",-1,"Ventilation en activité",156
"S1",1993,"D","D1","_T","N",-1,"Ventilation en activité",156
"S1",1993,"D","D1","_T","O",-1,"Ventilation en activité",156
"S1",1993,"D","D1","_T","P",-1,"Ventilation en activité",156
"S1",1993,"D","D1","_T","Q",-1,"Ventilation en activité",156
"S1",1993,"D","D1","_T","R",-1,"Ventilation en activité",156
"S1",1993,"D","D1","_T","S",-1,"Ventilation en activité",156
"S1",1993,"D","D1","_T","T",-1,"Ventilation en activité",156
"S1",1991,"D","P51C","_T","_T",1,"Ventilation en activité",157
"S1",1991,"D","P51C","_T","A",-1,"Ventilation en activité",157
"S1",1991,"D","P51C","_T","B",-1,"Ventilation en activité",157
"S1",1991,"D","P51C","_T","C",-1,"Ventilation en activité",157
"S1",1991,"D","P51C","_T","D",-1,"Ventilation en activité",157
"S1",1991,"D","P51C","_T","E",-1,"Ventilation en activité",157
"S1",1991,"D","P51C","_T","F",-1,"Ventilation en activité",157
"S1",1991,"D","P51C","_T","G",-1,"Ventilation en activité",157
"S1",1991,"D","P51C","_T","H",-1,"Ventilation en activité",157
"S1",1991,"D","P51C","_T","I",-1,"Ventilation en activité",157
"S1",1991,"D","P51C","_T","J",-1,"Ventilation en activité",157
"S1",1991,"D","P51C","_T","K",-1,"Ventilation en activité",157
"S1",1991,"D","P51C","_T","L",-1,"Ventilation en activité",157
"S1",1991,"D","P51C","_T","M",-1,"Ventilation en activité",157
"S1",1991,"D","P51C","_T","N",-1,"Ventilation en activité",157
"S1",1991,"D","P51C","_T","O",-1,"Ventilation en activité",157
"S1",1991,"D","P51C","_T","P",-1,"Ventilation en activité",157
"S1",1991,"D","P51C","_T","Q",-1,"Ventilation en activité",157
"S1",1991,"D","P51C","_T","R",-1,"Ventilation en activité",157
"S1",1991,"D","P51C","_T","S",-1,"Ventilation en activité",157
"S1",1987,"B","B2A3N","_T","_T",1,"Ventilation en activité",158
"S1",1987,"B","B2A3N","_T","A",-1,"Ventilation en activité",158
"S1",1987,"B","B2A3N","_T","B",-1,"Ventilation en activité",158
"S1",1987,"B","B2A3N","_T","C",-1,"Ventilation en activité",158
"S1",1987,"B","B2A3N","_T","D",-1,"Ventilation en activité",158
"S1",1987,"B","B2A3N","_T","E",-1,"Ventilation en activité",158
"S1",1987,"B","B2A3N","_T","F",-1,"Ventilation en activité",158
"S1",1987,"B","B2A3N","_T","G",-1,"Ventilation en activité",158
"S1",1987,"B","B2A3N","_T","H",-1,"Ventilation en activité",158
"S1",1987,"B","B2A3N","_T","I",-1,"Ventilation en activité",158
"S1",1987,"B","B2A3N","_T","J",-1,"Ventilation en activité",158
"S1",1987,"B","B2A3N","_T","K",-1,"Ventilation en activité",158
"S1",1987,"B","B2A3N","_T","L",-1,"Ventilation en activité",158
"S1",1987,"B","B2A3N","_T","M",-1,"Ventilation en activité",158
"S1",1987,"B","B2A3N","_T","N",-1,"Ventilation en activité",158
"S1",1987,"B","B2A3N","_T","O",-1,"Ventilation en activité",158
"S1",1987,"B","B2A3N","_T","P",-1,"Ventilation en activité",158
"S1",1987,"B","B2A3N","_T","Q",-1,"Ventilation en activité",158
"S1",1987,"B","B2A3N","_T","R",-1,"Ventilation en activité",158
"S1",1987,"B","B2A3N","_T","S",-1,"Ventilation en activité",158
"S1",1987,"B","B2A3N","_T","T",-1,"Ventilation en activité",158
"S1",1980,"D","D1","_T","_T",1,"Ventilation en activité",159
"S1",1980,"D","D1","_T","A",-1,"Ventilation en activité",159
"S1",1980,"D","D1","_T","B",-1,"Ventilation en activité",159
"S1",1980,"D","D1","_T","C",-1,"Ventilation en activité",159
"S1",1980,"D","D1","_T","D",-1,"Ventilation en activité",159
"S1",1980,"D","D1","_T","E",-1,"Ventilation en activité",159
"S1",1980,"D","D1","_T","F",-1,"Ventilation en activité",159
"S1",1980,"D","D1","_T","G",-1,"Ventilation en activité",159
"S1",1980,"D","D1","_T","H",-1,"Ventilation en activité",159
"S1",1980,"D","D1","_T","I",-1,"Ventilation en activité",159
"S1",1980,"D","D1","_T","J",-1,"Ventilation en activité",159
"S1",1980,"D","D1","_T","K",-1,"Ventilation en activité",159
"S1",1980,"D","D1","_T","L",-1,"Ventilation en activité",159
"S1",1980,"D","D1","_T","M",-1,"Ventilation en activité",159
"S1",1980,"D","D1","_T","N",-1,"Ventilation en activité",159
"S1",1980,"D","D1","_T","O",-1,"Ventilation en activité",159
"S1",1980,"D","D1","_T","P",-1,"Ventilation en activité",159
"S1",1980,"D","D1","_T","Q",-1,"Ventilation en activité",159
"S1",1980,"D","D1","_T","R",-1,"Ventilation en activité",159
"S1",1980,"D","D1","_T","S",-1,"Ventilation en activité",159
"S1",1980,"D","D1","_T","T",-1,"Ventilation en activité",159
"S1",2009,"D","D11","_T","_T",1,"Ventilation en activité",160
"S1",2009,"D","D11","_T","A",-1,"Ventilation en activité",160
"S1",2009,"D","D11","_T","B",-1,"Ventilation en activité",160
"S1",2009,"D","D11","_T","C",-1,"Ventilation en activité",160
"S1",2009,"D","D11","_T","D",-1,"Ventilation en activité",160
"S1",2009,"D","D11","_T","E",-1,"Ventilation en activité",160
"S1",2009,"D","D11","_T","F",-1,"Ventilation en activité",160
"S1",2009,"D","D11","_T","G",-1,"Ventilation en activité",160
"S1",2009,"D","D11","_T","H",-1,"Ventilation en activité",160
"S1",2009,"D","D11","_T","I",-1,"Ventilation en activité",160
"S1",2009,"D","D11","_T","J",-1,"Ventilation en activité",160
"S1",2009,"D","D11","_T","K",-1,"Ventilation en activité",160
"S1",2009,"D","D11","_T","L",-1,"Ventilation en activité",160
"S1",2009,"D","D11","_T","M",-1,"Ventilation en activité",160
"S1",2009,"D","D11","_T","N",-1,"Ventilation en activité",160
"S1",2009,"D","D11","_T","O",-1,"Ventilation en activité",160
"S1",2009,"D","D11","_T","P",-1,"Ventilation en activité",160
"S1",2009,"D","D11","_T","Q",-1,"Ventilation en activité",160
"S1",2009,"D","D11","_T","R",-1,"Ventilation en activité",160
"S1",2009,"D","D11","_T","S",-1,"Ventilation en activité",160
"S1",2009,"D","D11","_T","T",-1,"Ventilation en activité",160
"S1",2019,"B","B2A3N","_T","_T",1,"Ventilation en activité",161
"S1",2019,"B","B2A3N","_T","A",-1,"Ventilation en activité",161
"S1",2019,"B","B2A3N","_T","B",-1,"Ventilation en activité",161
"S1",2019,"B","B2A3N","_T","C",-1,"Ventilation en activité",161
"S1",2019,"B","B2A3N","_T","D",-1,"Ventilation en activité",161
"S1",2019,"B","B2A3N","_T","E",-1,"Ventilation en activité",161
"S1",2019,"B","B2A3N","_T","F",-1,"Ventilation en activité",161
"S1",2019,"B","B2A3N","_T","G",-1,"Ventilation en activité",161
"S1",2019,"B","B2A3N","_T","H",-1,"Ventilation en activité",161
"S1",2019,"B","B2A3N","_T","I",-1,"Ventilation en activité",161
"S1",2019,"B","B2A3N","_T","J",-1,"Ventilation en activité",161
"S1",2019,"B","B2A3N","_T","K",-1,"Ventilation en activité",161
"S1",2019,"B","B2A3N","_T","L",-1,"Ventilation en activité",161
"S1",2019,"B","B2A3N","_T","M",-1,"Ventilation en activité",161
"S1",2019,"B","B2A3N","_T","N",-1,"Ventilation en activité",161
"S1",2019,"B","B2A3N","_T","O",-1,"Ventilation en activité",161
"S1",2019,"B","B2A3N","_T","P",-1,"Ventilation en activité",161
"S1",2019,"B","B2A3N","_T","Q",-1,"Ventilation en activité",161
"S1",2019,"B","B2A3N","_T","R",-1,"Ventilation en activité",161
"S1",2019,"B","B2A3N","_T","S",-1,"Ventilation en activité",161
"S1",2019,"B","B2A3N","_T","T",-1,"Ventilation en activité",161
"S1",2020,"B","B2A3N","_T","_T",1,"Ventilation en activité",162
"S1",2020,"B","B2A3N","_T","A",-1,"Ventilation en activité",162
"S1",2020,"B","B2A3N","_T","B",-1,"Ventilation en activité",162
"S1",2020,"B","B2A3N","_T","C",-1,"Ventilation en activité",162
"S1",2020,"B","B2A3N","_T","D",-1,"Ventilation en activité",162
"S1",2020,"B","B2A3N","_T","E",-1,"Ventilation en activité",162
"S1",2020,"B","B2A3N","_T","F",-1,"Ventilation en activité",162
"S1",2020,"B","B2A3N","_T","G",-1,"Ventilation en activité",162
"S1",2020,"B","B2A3N","_T","H",-1,"Ventilation en activité",162
"S1",2020,"B","B2A3N","_T","I",-1,"Ventilation en activité",162
"S1",2020,"B","B2A3N","_T","J",-1,"Ventilation en activité",162
"S1",2020,"B","B2A3N","_T","K",-1,"Ventilation en activité",162
"S1",2020,"B","B2A3N","_T","L",-1,"Ventilation en activité",162
"S1",2020,"B","B2A3N","_T","M",-1,"Ventilation en activité",162
"S1",2020,"B","B2A3N","_T","N",-1,"Ventilation en activité",162
"S1",2020,"B","B2A3N","_T","O",-1,"Ventilation en activité",162
"S1",2020,"B","B2A3N","_T","P",-1,"Ventilation en activité",162
"S1",2020,"B","B2A3N","_T","Q",-1,"Ventilation en activité",162
"S1",2020,"B","B2A3N","_T","R",-1,"Ventilation en activité",162
"S1",2020,"B","B2A3N","_T","S",-1,"Ventilation en activité",162
"S1",2020,"B","B2A3N","_T","T",-1,"Ventilation en activité",162
"S1",2021,"B","B1G","_T","_T",1,"Ventilation en activité",163
"S1",2021,"B","B1G","_T","A",-1,"Ventilation en activité",163
"S1",2021,"B","B1G","_T","B",-1,"Ventilation en activité",163
"S1",2021,"B","B1G","_T","C",-1,"Ventilation en activité",163
"S1",2021,"B","B1G","_T","D",-1,"Ventilation en activité",163
"S1",2021,"B","B1G","_T","E",-1,"Ventilation en activité",163
"S1",2021,"B","B1G","_T","F",-1,"Ventilation en activité",163
"S1",2021,"B","B1G","_T","G",-1,"Ventilation en activité",163
"S1",2021,"B","B1G","_T","H",-1,"Ventilation en activité",163
"S1",2021,"B","B1G","_T","I",-1,"Ventilation en activité",163
"S1",2021,"B","B1G","_T","J",-1,"Ventilation en activité",163
"S1",2021,"B","B1G","_T","K",-1,"Ventilation en activité",163
"S1",2021,"B","B1G","_T","L",-1,"Ventilation en activité",163
"S1",2021,"B","B1G","_T","M",-1,"Ventilation en activité",163
"S1",2021,"B","B1G","_T","N",-1,"Ventilation en activité",163
"S1",2021,"B","B1G","_T","O",-1,"Ventilation en activité",163
"S1",2021,"B","B1G","_T","P",-1,"Ventilation en activité",163
"S1",2021,"B","B1G","_T","Q",-1,"Ventilation en activité",163
"S1",2021,"B","B1G","_T","R",-1,"Ventilation en activité",163
"S1",2021,"B","B1G","_T","S",-1,"Ventilation en activité",163
"S1",2021,"B","B1G","_T","T",-1,"Ventilation en activité",163
"S1",1994,"D","P51C","_T","_T",1,"Ventilation en activité",164
"S1",1994,"D","P51C","_T","A",-1,"Ventilation en activité",164
"S1",1994,"D","P51C","_T","B",-1,"Ventilation en activité",164
"S1",1994,"D","P51C","_T","C",-1,"Ventilation en activité",164
"S1",1994,"D","P51C","_T","D",-1,"Ventilation en activité",164
"S1",1994,"D","P51C","_T","E",-1,"Ventilation en activité",164
"S1",1994,"D","P51C","_T","F",-1,"Ventilation en activité",164
"S1",1994,"D","P51C","_T","G",-1,"Ventilation en activité",164
"S1",1994,"D","P51C","_T","H",-1,"Ventilation en activité",164
"S1",1994,"D","P51C","_T","I",-1,"Ventilation en activité",164
"S1",1994,"D","P51C","_T","J",-1,"Ventilation en activité",164
"S1",1994,"D","P51C","_T","K",-1,"Ventilation en activité",164
"S1",1994,"D","P51C","_T","L",-1,"Ventilation en activité",164
"S1",1994,"D","P51C","_T","M",-1,"Ventilation en activité",164
"S1",1994,"D","P51C","_T","N",-1,"Ventilation en activité",164
"S1",1994,"D","P51C","_T","O",-1,"Ventilation en activité",164
"S1",1994,"D","P51C","_T","P",-1,"Ventilation en activité",164
"S1",1994,"D","P51C","_T","Q",-1,"Ventilation en activité",164
"S1",1994,"D","P51C","_T","R",-1,"Ventilation en activité",164
"S1",1994,"D","P51C","_T","S",-1,"Ventilation en activité",164
"S1",1992,"D","P2","_T","_T",1,"Ventilation en activité",165
"S1",1992,"D","P2","_T","A",-1,"Ventilation en activité",165
"S1",1992,"D","P2","_T","B",-1,"Ventilation en activité",165
"S1",1992,"D","P2","_T","C",-1,"Ventilation en activité",165
"S1",1992,"D","P2","_T","D",-1,"Ventilation en activité",165
"S1",1992,"D","P2","_T","E",-1,"Ventilation en activité",165
"S1",1992,"D","P2","_T","F",-1,"Ventilation en activité",165
"S1",1992,"D","P2","_T","G",-1,"Ventilation en activité",165
"S1",1992,"D","P2","_T","H",-1,"Ventilation en activité",165
"S1",1992,"D","P2","_T","I",-1,"Ventilation en activité",165
"S1",1992,"D","P2","_T","J",-1,"Ventilation en activité",165
"S1",1992,"D","P2","_T","K",-1,"Ventilation en activité",165
"S1",1992,"D","P2","_T","L",-1,"Ventilation en activité",165
"S1",1992,"D","P2","_T","M",-1,"Ventilation en activité",165
"S1",1992,"D","P2","_T","N",-1,"Ventilation en activité",165
"S1",1992,"D","P2","_T","O",-1,"Ventilation en activité",165
"S1",1992,"D","P2","_T","P",-1,"Ventilation en activité",165
"S1",1992,"D","P2","_T","Q",-1,"Ventilation en activité",165
"S1",1992,"D","P2","_T","R",-1,"Ventilation en activité",165
"S1",1992,"D","P2","_T","S",-1,"Ventilation en activité",165
"S1",1989,"D","D1","_T","_T",1,"Ventilation en activité",166
"S1",1989,"D","D1","_T","A",-1,"Ventilation en activité",166
"S1",1989,"D","D1","_T","B",-1,"Ventilation en activité",166
"S1",1989,"D","D1","_T","C",-1,"Ventilation en activité",166
"S1",1989,"D","D1","_T","D",-1,"Ventilation en activité",166
"S1",1989,"D","D1","_T","E",-1,"Ventilation en activité",166
"S1",1989,"D","D1","_T","F",-1,"Ventilation en activité",166
"S1",1989,"D","D1","_T","G",-1,"Ventilation en activité",166
"S1",1989,"D","D1","_T","H",-1,"Ventilation en activité",166
"S1",1989,"D","D1","_T","I",-1,"Ventilation en activité",166
"S1",1989,"D","D1","_T","J",-1,"Ventilation en activité",166
"S1",1989,"D","D1","_T","K",-1,"Ventilation en activité",166
"S1",1989,"D","D1","_T","L",-1,"Ventilation en activité",166
"S1",1989,"D","D1","_T","M",-1,"Ventilation en activité",166
"S1",1989,"D","D1","_T","N",-1,"Ventilation en activité",166
"S1",1989,"D","D1","_T","O",-1,"Ventilation en activité",166
"S1",1989,"D","D1","_T","P",-1,"Ventilation en activité",166
"S1",1989,"D","D1","_T","Q",-1,"Ventilation en activité",166
"S1",1989,"D","D1","_T","R",-1,"Ventilation en activité",166
"S1",1989,"D","D1","_T","S",-1,"Ventilation en activité",166
"S1",1989,"D","D1","_T","T",-1,"Ventilation en activité",166
"S1",1990,"D","P51C","_T","_T",1,"Ventilation en activité",167
"S1",1990,"D","P51C","_T","A",-1,"Ventilation en activité",167
"S1",1990,"D","P51C","_T","B",-1,"Ventilation en activité",167
"S1",1990,"D","P51C","_T","C",-1,"Ventilation en activité",167
"S1",1990,"D","P51C","_T","D",-1,"Ventilation en activité",167
"S1",1990,"D","P51C","_T","E",-1,"Ventilation en activité",167
"S1",1990,"D","P51C","_T","F",-1,"Ventilation en activité",167
"S1",1990,"D","P51C","_T","G",-1,"Ventilation en activité",167
"S1",1990,"D","P51C","_T","H",-1,"Ventilation en activité",167
"S1",1990,"D","P51C","_T","I",-1,"Ventilation en activité",167
"S1",1990,"D","P51C","_T","J",-1,"Ventilation en activité",167
"S1",1990,"D","P51C","_T","K",-1,"Ventilation en activité",167
"S1",1990,"D","P51C","_T","L",-1,"Ventilation en activité",167
"S1",1990,"D","P51C","_T","M",-1,"Ventilation en activité",167
"S1",1990,"D","P51C","_T","N",-1,"Ventilation en activité",167
"S1",1990,"D","P51C","_T","O",-1,"Ventilation en activité",167
"S1",1990,"D","P51C","_T","P",-1,"Ventilation en activité",167
"S1",1990,"D","P51C","_T","Q",-1,"Ventilation en activité",167
"S1",1990,"D","P51C","_T","R",-1,"Ventilation en activité",167
"S1",1990,"D","P51C","_T","S",-1,"Ventilation en activité",167
"S1",2010,"D","P2","_T","_T",1,"Ventilation en activité",168
"S1",2010,"D","P2","_T","A",-1,"Ventilation en activité",168
"S1",2010,"D","P2","_T","B",-1,"Ventilation en activité",168
"S1",2010,"D","P2","_T","C",-1,"Ventilation en activité",168
"S1",2010,"D","P2","_T","D",-1,"Ventilation en activité",168
"S1",2010,"D","P2","_T","E",-1,"Ventilation en activité",168
"S1",2010,"D","P2","_T","F",-1,"Ventilation en activité",168
"S1",2010,"D","P2","_T","G",-1,"Ventilation en activité",168
"S1",2010,"D","P2","_T","H",-1,"Ventilation en activité",168
"S1",2010,"D","P2","_T","I",-1,"Ventilation en activité",168
"S1",2010,"D","P2","_T","J",-1,"Ventilation en activité",168
"S1",2010,"D","P2","_T","K",-1,"Ventilation en activité",168
"S1",2010,"D","P2","_T","L",-1,"Ventilation en activité",168
"S1",2010,"D","P2","_T","M",-1,"Ventilation en activité",168
"S1",2010,"D","P2","_T","N",-1,"Ventilation en activité",168
"S1",2010,"D","P2","_T","O",-1,"Ventilation en activité",168
"S1",2010,"D","P2","_T","P",-1,"Ventilation en activité",168
"S1",2010,"D","P2","_T","Q",-1,"Ventilation en activité",168
"S1",2010,"D","P2","_T","R",-1,"Ventilation en activité",168
"S1",2010,"D","P2","_T","S",-1,"Ventilation en activité",168
"S1",1998,"D","D1","_T","_T",1,"Ventilation en activité",169
"S1",1998,"D","D1","_T","A",-1,"Ventilation en activité",169
"S1",1998,"D","D1","_T","B",-1,"Ventilation en activité",169
"S1",1998,"D","D1","_T","C",-1,"Ventilation en activité",169
"S1",1998,"D","D1","_T","D",-1,"Ventilation en activité",169
"S1",1998,"D","D1","_T","E",-1,"Ventilation en activité",169
"S1",1998,"D","D1","_T","F",-1,"Ventilation en activité",169
"S1",1998,"D","D1","_T","G",-1,"Ventilation en activité",169
"S1",1998,"D","D1","_T","H",-1,"Ventilation en activité",169
"S1",1998,"D","D1","_T","I",-1,"Ventilation en activité",169
"S1",1998,"D","D1","_T","J",-1,"Ventilation en activité",169
"S1",1998,"D","D1","_T","K",-1,"Ventilation en activité",169
"S1",1998,"D","D1","_T","L",-1,"Ventilation en activité",169
"S1",1998,"D","D1","_T","M",-1,"Ventilation en activité",169
"S1",1998,"D","D1","_T","N",-1,"Ventilation en activité",169
"S1",1998,"D","D1","_T","O",-1,"Ventilation en activité",169
"S1",1998,"D","D1","_T","P",-1,"Ventilation en activité",169
"S1",1998,"D","D1","_T","Q",-1,"Ventilation en activité",169
"S1",1998,"D","D1","_T","R",-1,"Ventilation en activité",169
"S1",1998,"D","D1","_T","S",-1,"Ventilation en activité",169
"S1",1998,"D","D1","_T","T",-1,"Ventilation en activité",169
"S1",2020,"D","D1","_T","_T",1,"Ventilation en activité",170
"S1",2020,"D","D1","_T","A",-1,"Ventilation en activité",170
"S1",2020,"D","D1","_T","B",-1,"Ventilation en activité",170
"S1",2020,"D","D1","_T","C",-1,"Ventilation en activité",170
"S1",2020,"D","D1","_T","D",-1,"Ventilation en activité",170
"S1",2020,"D","D1","_T","E",-1,"Ventilation en activité",170
"S1",2020,"D","D1","_T","F",-1,"Ventilation en activité",170
"S1",2020,"D","D1","_T","G",-1,"Ventilation en activité",170
"S1",2020,"D","D1","_T","H",-1,"Ventilation en activité",170
"S1",2020,"D","D1","_T","I",-1,"Ventilation en activité",170
"S1",2020,"D","D1","_T","J",-1,"Ventilation en activité",170
"S1",2020,"D","D1","_T","K",-1,"Ventilation en activité",170
"S1",2020,"D","D1","_T","L",-1,"Ventilation en activité",170
"S1",2020,"D","D1","_T","M",-1,"Ventilation en activité",170
"S1",2020,"D","D1","_T","N",-1,"Ventilation en activité",170
"S1",2020,"D","D1","_T","O",-1,"Ventilation en activité",170
"S1",2020,"D","D1","_T","P",-1,"Ventilation en activité",170
"S1",2020,"D","D1","_T","Q",-1,"Ventilation en activité",170
"S1",2020,"D","D1","_T","R",-1,"Ventilation en activité",170
"S1",2020,"D","D1","_T","S",-1,"Ventilation en activité",170
"S1",2020,"D","D1","_T","T",-1,"Ventilation en activité",170
"S1",2014,"B","B1G","_T","_T",1,"Ventilation en activité",171
"S1",2014,"B","B1G","_T","A",-1,"Ventilation en activité",171
"S1",2014,"B","B1G","_T","B",-1,"Ventilation en activité",171
"S1",2014,"B","B1G","_T","C",-1,"Ventilation en activité",171
"S1",2014,"B","B1G","_T","D",-1,"Ventilation en activité",171
"S1",2014,"B","B1G","_T","E",-1,"Ventilation en activité",171
"S1",2014,"B","B1G","_T","F",-1,"Ventilation en activité",171
"S1",2014,"B","B1G","_T","G",-1,"Ventilation en activité",171
"S1",2014,"B","B1G","_T","H",-1,"Ventilation en activité",171
"S1",2014,"B","B1G","_T","I",-1,"Ventilation en activité",171
"S1",2014,"B","B1G","_T","J",-1,"Ventilation en activité",171
"S1",2014,"B","B1G","_T","K",-1,"Ventilation en activité",171
"S1",2014,"B","B1G","_T","L",-1,"Ventilation en activité",171
"S1",2014,"B","B1G","_T","M",-1,"Ventilation en activité",171
"S1",2014,"B","B1G","_T","N",-1,"Ventilation en activité",171
"S1",2014,"B","B1G","_T","O",-1,"Ventilation en activité",171
"S1",2014,"B","B1G","_T","P",-1,"Ventilation en activité",171
"S1",2014,"B","B1G","_T","Q",-1,"Ventilation en activité",171
"S1",2014,"B","B1G","_T","R",-1,"Ventilation en activité",171
"S1",2014,"B","B1G","_T","S",-1,"Ventilation en activité",171
"S1",2014,"B","B1G","_T","T",-1,"Ventilation en activité",171
"S1",2008,"C","P1","_T","_T",1,"Ventilation en activité",172
"S1",2008,"C","P1","_T","A",-1,"Ventilation en activité",172
"S1",2008,"C","P1","_T","B",-1,"Ventilation en activité",172
"S1",2008,"C","P1","_T","C",-1,"Ventilation en activité",172
"S1",2008,"C","P1","_T","D",-1,"Ventilation en activité",172
"S1",2008,"C","P1","_T","E",-1,"Ventilation en activité",172
"S1",2008,"C","P1","_T","F",-1,"Ventilation en activité",172
"S1",2008,"C","P1","_T","G",-1,"Ventilation en activité",172
"S1",2008,"C","P1","_T","H",-1,"Ventilation en activité",172
"S1",2008,"C","P1","_T","I",-1,"Ventilation en activité",172
"S1",2008,"C","P1","_T","J",-1,"Ventilation en activité",172
"S1",2008,"C","P1","_T","K",-1,"Ventilation en activité",172
"S1",2008,"C","P1","_T","L",-1,"Ventilation en activité",172
"S1",2008,"C","P1","_T","M",-1,"Ventilation en activité",172
"S1",2008,"C","P1","_T","N",-1,"Ventilation en activité",172
"S1",2008,"C","P1","_T","O",-1,"Ventilation en activité",172
"S1",2008,"C","P1","_T","P",-1,"Ventilation en activité",172
"S1",2008,"C","P1","_T","Q",-1,"Ventilation en activité",172
"S1",2008,"C","P1","_T","R",-1,"Ventilation en activité",172
"S1",2008,"C","P1","_T","S",-1,"Ventilation en activité",172
"S1",2008,"C","P1","_T","T",-1,"Ventilation en activité",172
"S1",1992,"D","P51C","_T","_T",1,"Ventilation en activité",173
"S1",1992,"D","P51C","_T","A",-1,"Ventilation en activité",173
"S1",1992,"D","P51C","_T","B",-1,"Ventilation en activité",173
"S1",1992,"D","P51C","_T","C",-1,"Ventilation en activité",173
"S1",1992,"D","P51C","_T","D",-1,"Ventilation en activité",173
"S1",1992,"D","P51C","_T","E",-1,"Ventilation en activité",173
"S1",1992,"D","P51C","_T","F",-1,"Ventilation en activité",173
"S1",1992,"D","P51C","_T","G",-1,"Ventilation en activité",173
"S1",1992,"D","P51C","_T","H",-1,"Ventilation en activité",173
"S1",1992,"D","P51C","_T","I",-1,"Ventilation en activité",173
"S1",1992,"D","P51C","_T","J",-1,"Ventilation en activité",173
"S1",1992,"D","P51C","_T","K",-1,"Ventilation en activité",173
"S1",1992,"D","P51C","_T","L",-1,"Ventilation en activité",173
"S1",1992,"D","P51C","_T","M",-1,"Ventilation en activité",173
"S1",1992,"D","P51C","_T","N",-1,"Ventilation en activité",173
"S1",1992,"D","P51C","_T","O",-1,"Ventilation en activité",173
"S1",1992,"D","P51C","_T","P",-1,"Ventilation en activité",173
"S1",1992,"D","P51C","_T","Q",-1,"Ventilation en activité",173
"S1",1992,"D","P51C","_T","R",-1,"Ventilation en activité",173
"S1",1992,"D","P51C","_T","S",-1,"Ventilation en activité",173
"S1",1994,"D","D1","_T","_T",1,"Ventilation en activité",174
"S1",1994,"D","D1","_T","A",-1,"Ventilation en activité",174
"S1",1994,"D","D1","_T","B",-1,"Ventilation en activité",174
"S1",1994,"D","D1","_T","C",-1,"Ventilation en activité",174
"S1",1994,"D","D1","_T","D",-1,"Ventilation en activité",174
"S1",1994,"D","D1","_T","E",-1,"Ventilation en activité",174
"S1",1994,"D","D1","_T","F",-1,"Ventilation en activité",174
"S1",1994,"D","D1","_T","G",-1,"Ventilation en activité",174
"S1",1994,"D","D1","_T","H",-1,"Ventilation en activité",174
"S1",1994,"D","D1","_T","I",-1,"Ventilation en activité",174
"S1",1994,"D","D1","_T","J",-1,"Ventilation en activité",174
"S1",1994,"D","D1","_T","K",-1,"Ventilation en activité",174
"S1",1994,"D","D1","_T","L",-1,"Ventilation en activité",174
"S1",1994,"D","D1","_T","M",-1,"Ventilation en activité",174
"S1",1994,"D","D1","_T","N",-1,"Ventilation en activité",174
"S1",1994,"D","D1","_T","O",-1,"Ventilation en activité",174
"S1",1994,"D","D1","_T","P",-1,"Ventilation en activité",174
"S1",1994,"D","D1","_T","Q",-1,"Ventilation en activité",174
"S1",1994,"D","D1","_T","R",-1,"Ventilation en activité",174
"S1",1994,"D","D1","_T","S",-1,"Ventilation en activité",174
"S1",1994,"D","D1","_T","T",-1,"Ventilation en activité",174
"S1",1999,"D","D11","_T","_T",1,"Ventilation en activité",175
"S1",1999,"D","D11","_T","A",-1,"Ventilation en activité",175
"S1",1999,"D","D11","_T","B",-1,"Ventilation en activité",175
"S1",1999,"D","D11","_T","C",-1,"Ventilation en activité",175
"S1",1999,"D","D11","_T","D",-1,"Ventilation en activité",175
"S1",1999,"D","D11","_T","E",-1,"Ventilation en activité",175
"S1",1999,"D","D11","_T","F",-1,"Ventilation en activité",175
"S1",1999,"D","D11","_T","G",-1,"Ventilation en activité",175
"S1",1999,"D","D11","_T","H",-1,"Ventilation en activité",175
"S1",1999,"D","D11","_T","I",-1,"Ventilation en activité",175
"S1",1999,"D","D11","_T","J",-1,"Ventilation en activité",175
"S1",1999,"D","D11","_T","K",-1,"Ventilation en activité",175
"S1",1999,"D","D11","_T","L",-1,"Ventilation en activité",175
"S1",1999,"D","D11","_T","M",-1,"Ventilation en activité",175
"S1",1999,"D","D11","_T","N",-1,"Ventilation en activité",175
"S1",1999,"D","D11","_T","O",-1,"Ventilation en activité",175
"S1",1999,"D","D11","_T","P",-1,"Ventilation en activité",175
"S1",1999,"D","D11","_T","Q",-1,"Ventilation en activité",175
"S1",1999,"D","D11","_T","R",-1,"Ventilation en activité",175
"S1",1999,"D","D11","_T","S",-1,"Ventilation en activité",175
"S1",1999,"D","D11","_T","T",-1,"Ventilation en activité",175
"S1",2006,"D","D11","_T","_T",1,"Ventilation en activité",176
"S1",2006,"D","D11","_T","A",-1,"Ventilation en activité",176
"S1",2006,"D","D11","_T","B",-1,"Ventilation en activité",176
"S1",2006,"D","D11","_T","C",-1,"Ventilation en activité",176
"S1",2006,"D","D11","_T","D",-1,"Ventilation en activité",176
"S1",2006,"D","D11","_T","E",-1,"Ventilation en activité",176
"S1",2006,"D","D11","_T","F",-1,"Ventilation en activité",176
"S1",2006,"D","D11","_T","G",-1,"Ventilation en activité",176
"S1",2006,"D","D11","_T","H",-1,"Ventilation en activité",176
"S1",2006,"D","D11","_T","I",-1,"Ventilation en activité",176
"S1",2006,"D","D11","_T","J",-1,"Ventilation en activité",176
"S1",2006,"D","D11","_T","K",-1,"Ventilation en activité",176
"S1",2006,"D","D11","_T","L",-1,"Ventilation en activité",176
"S1",2006,"D","D11","_T","M",-1,"Ventilation en activité",176
"S1",2006,"D","D11","_T","N",-1,"Ventilation en activité",176
"S1",2006,"D","D11","_T","O",-1,"Ventilation en activité",176
"S1",2006,"D","D11","_T","P",-1,"Ventilation en activité",176
"S1",2006,"D","D11","_T","Q",-1,"Ventilation en activité",176
"S1",2006,"D","D11","_T","R",-1,"Ventilation en activité",176
"S1",2006,"D","D11","_T","S",-1,"Ventilation en activité",176
"S1",2006,"D","D11","_T","T",-1,"Ventilation en activité",176
"S1",2019,"D","D11","_T","_T",1,"Ventilation en activité",177
"S1",2019,"D","D11","_T","A",-1,"Ventilation en activité",177
"S1",2019,"D","D11","_T","B",-1,"Ventilation en activité",177
"S1",2019,"D","D11","_T","C",-1,"Ventilation en activité",177
"S1",2019,"D","D11","_T","D",-1,"Ventilation en activité",177
"S1",2019,"D","D11","_T","E",-1,"Ventilation en activité",177
"S1",2019,"D","D11","_T","F",-1,"Ventilation en activité",177
"S1",2019,"D","D11","_T","G",-1,"Ventilation en activité",177
"S1",2019,"D","D11","_T","H",-1,"Ventilation en activité",177
"S1",2019,"D","D11","_T","I",-1,"Ventilation en activité",177
"S1",2019,"D","D11","_T","J",-1,"Ventilation en activité",177
"S1",2019,"D","D11","_T","K",-1,"Ventilation en activité",177
"S1",2019,"D","D11","_T","L",-1,"Ventilation en activité",177
"S1",2019,"D","D11","_T","M",-1,"Ventilation en activité",177
"S1",2019,"D","D11","_T","N",-1,"Ventilation en activité",177
"S1",2019,"D","D11","_T","O",-1,"Ventilation en activité",177
"S1",2019,"D","D11","_T","P",-1,"Ventilation en activité",177
"S1",2019,"D","D11","_T","Q",-1,"Ventilation en activité",177
"S1",2019,"D","D11","_T","R",-1,"Ventilation en activité",177
"S1",2019,"D","D11","_T","S",-1,"Ventilation en activité",177
"S1",2019,"D","D11","_T","T",-1,"Ventilation en activité",177
"S1",2021,"D","P51C","_T","_T",1,"Ventilation en activité",178
"S1",2021,"D","P51C","_T","A",-1,"Ventilation en activité",178
"S1",2021,"D","P51C","_T","B",-1,"Ventilation en activité",178
"S1",2021,"D","P51C","_T","C",-1,"Ventilation en activité",178
"S1",2021,"D","P51C","_T","D",-1,"Ventilation en activité",178
"S1",2021,"D","P51C","_T","E",-1,"Ventilation en activité",178
"S1",2021,"D","P51C","_T","F",-1,"Ventilation en activité",178
"S1",2021,"D","P51C","_T","G",-1,"Ventilation en activité",178
"S1",2021,"D","P51C","_T","H",-1,"Ventilation en activité",178
"S1",2021,"D","P51C","_T","I",-1,"Ventilation en activité",178
"S1",2021,"D","P51C","_T","J",-1,"Ventilation en activité",178
"S1",2021,"D","P51C","_T","K",-1,"Ventilation en activité",178
"S1",2021,"D","P51C","_T","L",-1,"Ventilation en activité",178
"S1",2021,"D","P51C","_T","M",-1,"Ventilation en activité",178
"S1",2021,"D","P51C","_T","N",-1,"Ventilation en activité",178
"S1",2021,"D","P51C","_T","O",-1,"Ventilation en activité",178
"S1",2021,"D","P51C","_T","P",-1,"Ventilation en activité",178
"S1",2021,"D","P51C","_T","Q",-1,"Ventilation en activité",178
"S1",2021,"D","P51C","_T","R",-1,"Ventilation en activité",178
"S1",2021,"D","P51C","_T","S",-1,"Ventilation en activité",178
"S1",2001,"B","B1G","_T","_T",1,"Ventilation en activité",179
"S1",2001,"B","B1G","_T","A",-1,"Ventilation en activité",179
"S1",2001,"B","B1G","_T","B",-1,"Ventilation en activité",179
"S1",2001,"B","B1G","_T","C",-1,"Ventilation en activité",179
"S1",2001,"B","B1G","_T","D",-1,"Ventilation en activité",179
"S1",2001,"B","B1G","_T","E",-1,"Ventilation en activité",179
"S1",2001,"B","B1G","_T","F",-1,"Ventilation en activité",179
"S1",2001,"B","B1G","_T","G",-1,"Ventilation en activité",179
"S1",2001,"B","B1G","_T","H",-1,"Ventilation en activité",179
"S1",2001,"B","B1G","_T","I",-1,"Ventilation en activité",179
"S1",2001,"B","B1G","_T","J",-1,"Ventilation en activité",179
"S1",2001,"B","B1G","_T","K",-1,"Ventilation en activité",179
"S1",2001,"B","B1G","_T","L",-1,"Ventilation en activité",179
"S1",2001,"B","B1G","_T","M",-1,"Ventilation en activité",179
"S1",2001,"B","B1G","_T","N",-1,"Ventilation en activité",179
"S1",2001,"B","B1G","_T","O",-1,"Ventilation en activité",179
"S1",2001,"B","B1G","_T","P",-1,"Ventilation en activité",179
"S1",2001,"B","B1G","_T","Q",-1,"Ventilation en activité",179
"S1",2001,"B","B1G","_T","R",-1,"Ventilation en activité",179
"S1",2001,"B","B1G","_T","S",-1,"Ventilation en activité",179
"S1",2001,"B","B1G","_T","T",-1,"Ventilation en activité",179
"S1",1981,"B","B2A3N","_T","_T",1,"Ventilation en activité",180
"S1",1981,"B","B2A3N","_T","A",-1,"Ventilation en activité",180
"S1",1981,"B","B2A3N","_T","B",-1,"Ventilation en activité",180
"S1",1981,"B","B2A3N","_T","C",-1,"Ventilation en activité",180
"S1",1981,"B","B2A3N","_T","D",-1,"Ventilation en activité",180
"S1",1981,"B","B2A3N","_T","E",-1,"Ventilation en activité",180
"S1",1981,"B","B2A3N","_T","F",-1,"Ventilation en activité",180
"S1",1981,"B","B2A3N","_T","G",-1,"Ventilation en activité",180
"S1",1981,"B","B2A3N","_T","H",-1,"Ventilation en activité",180
"S1",1981,"B","B2A3N","_T","I",-1,"Ventilation en activité",180
"S1",1981,"B","B2A3N","_T","J",-1,"Ventilation en activité",180
"S1",1981,"B","B2A3N","_T","K",-1,"Ventilation en activité",180
"S1",1981,"B","B2A3N","_T","L",-1,"Ventilation en activité",180
"S1",1981,"B","B2A3N","_T","M",-1,"Ventilation en activité",180
"S1",1981,"B","B2A3N","_T","N",-1,"Ventilation en activité",180
"S1",1981,"B","B2A3N","_T","O",-1,"Ventilation en activité",180
"S1",1981,"B","B2A3N","_T","P",-1,"Ventilation en activité",180
"S1",1981,"B","B2A3N","_T","Q",-1,"Ventilation en activité",180
"S1",1981,"B","B2A3N","_T","R",-1,"Ventilation en activité",180
"S1",1981,"B","B2A3N","_T","S",-1,"Ventilation en activité",180
"S1",1981,"B","B2A3N","_T","T",-1,"Ventilation en activité",180
"S1",2009,"B","B2A3N","_T","_T",1,"Ventilation en activité",181
"S1",2009,"B","B2A3N","_T","A",-1,"Ventilation en activité",181
"S1",2009,"B","B2A3N","_T","B",-1,"Ventilation en activité",181
"S1",2009,"B","B2A3N","_T","C",-1,"Ventilation en activité",181
"S1",2009,"B","B2A3N","_T","D",-1,"Ventilation en activité",181
"S1",2009,"B","B2A3N","_T","E",-1,"Ventilation en activité",181
"S1",2009,"B","B2A3N","_T","F",-1,"Ventilation en activité",181
"S1",2009,"B","B2A3N","_T","G",-1,"Ventilation en activité",181
"S1",2009,"B","B2A3N","_T","H",-1,"Ventilation en activité",181
"S1",2009,"B","B2A3N","_T","I",-1,"Ventilation en activité",181
"S1",2009,"B","B2A3N","_T","J",-1,"Ventilation en activité",181
"S1",2009,"B","B2A3N","_T","K",-1,"Ventilation en activité",181
"S1",2009,"B","B2A3N","_T","L",-1,"Ventilation en activité",181
"S1",2009,"B","B2A3N","_T","M",-1,"Ventilation en activité",181
"S1",2009,"B","B2A3N","_T","N",-1,"Ventilation en activité",181
"S1",2009,"B","B2A3N","_T","O",-1,"Ventilation en activité",181
"S1",2009,"B","B2A3N","_T","P",-1,"Ventilation en activité",181
"S1",2009,"B","B2A3N","_T","Q",-1,"Ventilation en activité",181
"S1",2009,"B","B2A3N","_T","R",-1,"Ventilation en activité",181
"S1",2009,"B","B2A3N","_T","S",-1,"Ventilation en activité",181
"S1",2009,"B","B2A3N","_T","T",-1,"Ventilation en activité",181
"S1",1998,"B","B2A3N","_T","_T",1,"Ventilation en activité",182
"S1",1998,"B","B2A3N","_T","A",-1,"Ventilation en activité",182
"S1",1998,"B","B2A3N","_T","B",-1,"Ventilation en activité",182
"S1",1998,"B","B2A3N","_T","C",-1,"Ventilation en activité",182
"S1",1998,"B","B2A3N","_T","D",-1,"Ventilation en activité",182
"S1",1998,"B","B2A3N","_T","E",-1,"Ventilation en activité",182
"S1",1998,"B","B2A3N","_T","F",-1,"Ventilation en activité",182
"S1",1998,"B","B2A3N","_T","G",-1,"Ventilation en activité",182
"S1",1998,"B","B2A3N","_T","H",-1,"Ventilation en activité",182
"S1",1998,"B","B2A3N","_T","I",-1,"Ventilation en activité",182
"S1",1998,"B","B2A3N","_T","J",-1,"Ventilation en activité",182
"S1",1998,"B","B2A3N","_T","K",-1,"Ventilation en activité",182
"S1",1998,"B","B2A3N","_T","L",-1,"Ventilation en activité",182
"S1",1998,"B","B2A3N","_T","M",-1,"Ventilation en activité",182
"S1",1998,"B","B2A3N","_T","N",-1,"Ventilation en activité",182
"S1",1998,"B","B2A3N","_T","O",-1,"Ventilation en activité",182
"S1",1998,"B","B2A3N","_T","P",-1,"Ventilation en activité",182
"S1",1998,"B","B2A3N","_T","Q",-1,"Ventilation en activité",182
"S1",1998,"B","B2A3N","_T","R",-1,"Ventilation en activité",182
"S1",1998,"B","B2A3N","_T","S",-1,"Ventilation en activité",182
"S1",1998,"B","B2A3N","_T","T",-1,"Ventilation en activité",182
"S1",1995,"D","P51C","_T","_T",1,"Ventilation en activité",183
"S1",1995,"D","P51C","_T","A",-1,"Ventilation en activité",183
"S1",1995,"D","P51C","_T","B",-1,"Ventilation en activité",183
"S1",1995,"D","P51C","_T","C",-1,"Ventilation en activité",183
"S1",1995,"D","P51C","_T","D",-1,"Ventilation en activité",183
"S1",1995,"D","P51C","_T","E",-1,"Ventilation en activité",183
"S1",1995,"D","P51C","_T","F",-1,"Ventilation en activité",183
"S1",1995,"D","P51C","_T","G",-1,"Ventilation en activité",183
"S1",1995,"D","P51C","_T","H",-1,"Ventilation en activité",183
"S1",1995,"D","P51C","_T","I",-1,"Ventilation en activité",183
"S1",1995,"D","P51C","_T","J",-1,"Ventilation en activité",183
"S1",1995,"D","P51C","_T","K",-1,"Ventilation en activité",183
"S1",1995,"D","P51C","_T","L",-1,"Ventilation en activité",183
"S1",1995,"D","P51C","_T","M",-1,"Ventilation en activité",183
"S1",1995,"D","P51C","_T","N",-1,"Ventilation en activité",183
"S1",1995,"D","P51C","_T","O",-1,"Ventilation en activité",183
"S1",1995,"D","P51C","_T","P",-1,"Ventilation en activité",183
"S1",1995,"D","P51C","_T","Q",-1,"Ventilation en activité",183
"S1",1995,"D","P51C","_T","R",-1,"Ventilation en activité",183
"S1",1995,"D","P51C","_T","S",-1,"Ventilation en activité",183
"S1",2004,"D","D11","_T","_T",1,"Ventilation en activité",184
"S1",2004,"D","D11","_T","A",-1,"Ventilation en activité",184
"S1",2004,"D","D11","_T","B",-1,"Ventilation en activité",184
"S1",2004,"D","D11","_T","C",-1,"Ventilation en activité",184
"S1",2004,"D","D11","_T","D",-1,"Ventilation en activité",184
"S1",2004,"D","D11","_T","E",-1,"Ventilation en activité",184
"S1",2004,"D","D11","_T","F",-1,"Ventilation en activité",184
"S1",2004,"D","D11","_T","G",-1,"Ventilation en activité",184
"S1",2004,"D","D11","_T","H",-1,"Ventilation en activité",184
"S1",2004,"D","D11","_T","I",-1,"Ventilation en activité",184
"S1",2004,"D","D11","_T","J",-1,"Ventilation en activité",184
"S1",2004,"D","D11","_T","K",-1,"Ventilation en activité",184
"S1",2004,"D","D11","_T","L",-1,"Ventilation en activité",184
"S1",2004,"D","D11","_T","M",-1,"Ventilation en activité",184
"S1",2004,"D","D11","_T","N",-1,"Ventilation en activité",184
"S1",2004,"D","D11","_T","O",-1,"Ventilation en activité",184
"S1",2004,"D","D11","_T","P",-1,"Ventilation en activité",184
"S1",2004,"D","D11","_T","Q",-1,"Ventilation en activité",184
"S1",2004,"D","D11","_T","R",-1,"Ventilation en activité",184
"S1",2004,"D","D11","_T","S",-1,"Ventilation en activité",184
"S1",2004,"D","D11","_T","T",-1,"Ventilation en activité",184
"S1",2017,"B","B2A3N","_T","_T",1,"Ventilation en activité",185
"S1",2017,"B","B2A3N","_T","A",-1,"Ventilation en activité",185
"S1",2017,"B","B2A3N","_T","B",-1,"Ventilation en activité",185
"S1",2017,"B","B2A3N","_T","C",-1,"Ventilation en activité",185
"S1",2017,"B","B2A3N","_T","D",-1,"Ventilation en activité",185
"S1",2017,"B","B2A3N","_T","E",-1,"Ventilation en activité",185
"S1",2017,"B","B2A3N","_T","F",-1,"Ventilation en activité",185
"S1",2017,"B","B2A3N","_T","G",-1,"Ventilation en activité",185
"S1",2017,"B","B2A3N","_T","H",-1,"Ventilation en activité",185
"S1",2017,"B","B2A3N","_T","I",-1,"Ventilation en activité",185
"S1",2017,"B","B2A3N","_T","J",-1,"Ventilation en activité",185
"S1",2017,"B","B2A3N","_T","K",-1,"Ventilation en activité",185
"S1",2017,"B","B2A3N","_T","L",-1,"Ventilation en activité",185
"S1",2017,"B","B2A3N","_T","M",-1,"Ventilation en activité",185
"S1",2017,"B","B2A3N","_T","N",-1,"Ventilation en activité",185
"S1",2017,"B","B2A3N","_T","O",-1,"Ventilation en activité",185
"S1",2017,"B","B2A3N","_T","P",-1,"Ventilation en activité",185
"S1",2017,"B","B2A3N","_T","Q",-1,"Ventilation en activité",185
"S1",2017,"B","B2A3N","_T","R",-1,"Ventilation en activité",185
"S1",2017,"B","B2A3N","_T","S",-1,"Ventilation en activité",185
"S1",2017,"B","B2A3N","_T","T",-1,"Ventilation en activité",185
"S1",2010,"B","B2A3N","_T","_T",1,"Ventilation en activité",186
"S1",2010,"B","B2A3N","_T","A",-1,"Ventilation en activité",186
"S1",2010,"B","B2A3N","_T","B",-1,"Ventilation en activité",186
"S1",2010,"B","B2A3N","_T","C",-1,"Ventilation en activité",186
"S1",2010,"B","B2A3N","_T","D",-1,"Ventilation en activité",186
"S1",2010,"B","B2A3N","_T","E",-1,"Ventilation en activité",186
"S1",2010,"B","B2A3N","_T","F",-1,"Ventilation en activité",186
"S1",2010,"B","B2A3N","_T","G",-1,"Ventilation en activité",186
"S1",2010,"B","B2A3N","_T","H",-1,"Ventilation en activité",186
"S1",2010,"B","B2A3N","_T","I",-1,"Ventilation en activité",186
"S1",2010,"B","B2A3N","_T","J",-1,"Ventilation en activité",186
"S1",2010,"B","B2A3N","_T","K",-1,"Ventilation en activité",186
"S1",2010,"B","B2A3N","_T","L",-1,"Ventilation en activité",186
"S1",2010,"B","B2A3N","_T","M",-1,"Ventilation en activité",186
"S1",2010,"B","B2A3N","_T","N",-1,"Ventilation en activité",186
"S1",2010,"B","B2A3N","_T","O",-1,"Ventilation en activité",186
"S1",2010,"B","B2A3N","_T","P",-1,"Ventilation en activité",186
"S1",2010,"B","B2A3N","_T","Q",-1,"Ventilation en activité",186
"S1",2010,"B","B2A3N","_T","R",-1,"Ventilation en activité",186
"S1",2010,"B","B2A3N","_T","S",-1,"Ventilation en activité",186
"S1",2010,"B","B2A3N","_T","T",-1,"Ventilation en activité",186
"S1",2011,"D","P2","_T","_T",1,"Ventilation en activité",187
"S1",2011,"D","P2","_T","A",-1,"Ventilation en activité",187
"S1",2011,"D","P2","_T","B",-1,"Ventilation en activité",187
"S1",2011,"D","P2","_T","C",-1,"Ventilation en activité",187
"S1",2011,"D","P2","_T","D",-1,"Ventilation en activité",187
"S1",2011,"D","P2","_T","E",-1,"Ventilation en activité",187
"S1",2011,"D","P2","_T","F",-1,"Ventilation en activité",187
"S1",2011,"D","P2","_T","G",-1,"Ventilation en activité",187
"S1",2011,"D","P2","_T","H",-1,"Ventilation en activité",187
"S1",2011,"D","P2","_T","I",-1,"Ventilation en activité",187
"S1",2011,"D","P2","_T","J",-1,"Ventilation en activité",187
"S1",2011,"D","P2","_T","K",-1,"Ventilation en activité",187
"S1",2011,"D","P2","_T","L",-1,"Ventilation en activité",187
"S1",2011,"D","P2","_T","M",-1,"Ventilation en activité",187
"S1",2011,"D","P2","_T","N",-1,"Ventilation en activité",187
"S1",2011,"D","P2","_T","O",-1,"Ventilation en activité",187
"S1",2011,"D","P2","_T","P",-1,"Ventilation en activité",187
"S1",2011,"D","P2","_T","Q",-1,"Ventilation en activité",187
"S1",2011,"D","P2","_T","R",-1,"Ventilation en activité",187
"S1",2011,"D","P2","_T","S",-1,"Ventilation en activité",187
"S1",2009,"D","D1","_T","_T",1,"Ventilation en activité",188
"S1",2009,"D","D1","_T","A",-1,"Ventilation en activité",188
"S1",2009,"D","D1","_T","B",-1,"Ventilation en activité",188
"S1",2009,"D","D1","_T","C",-1,"Ventilation en activité",188
"S1",2009,"D","D1","_T","D",-1,"Ventilation en activité",188
"S1",2009,"D","D1","_T","E",-1,"Ventilation en activité",188
"S1",2009,"D","D1","_T","F",-1,"Ventilation en activité",188
"S1",2009,"D","D1","_T","G",-1,"Ventilation en activité",188
"S1",2009,"D","D1","_T","H",-1,"Ventilation en activité",188
"S1",2009,"D","D1","_T","I",-1,"Ventilation en activité",188
"S1",2009,"D","D1","_T","J",-1,"Ventilation en activité",188
"S1",2009,"D","D1","_T","K",-1,"Ventilation en activité",188
"S1",2009,"D","D1","_T","L",-1,"Ventilation en activité",188
"S1",2009,"D","D1","_T","M",-1,"Ventilation en activité",188
"S1",2009,"D","D1","_T","N",-1,"Ventilation en activité",188
"S1",2009,"D","D1","_T","O",-1,"Ventilation en activité",188
"S1",2009,"D","D1","_T","P",-1,"Ventilation en activité",188
"S1",2009,"D","D1","_T","Q",-1,"Ventilation en activité",188
"S1",2009,"D","D1","_T","R",-1,"Ventilation en activité",188
"S1",2009,"D","D1","_T","S",-1,"Ventilation en activité",188
"S1",2009,"D","D1","_T","T",-1,"Ventilation en activité",188
"S1",1998,"B","B1G","_T","_T",1,"Ventilation en activité",189
"S1",1998,"B","B1G","_T","A",-1,"Ventilation en activité",189
"S1",1998,"B","B1G","_T","B",-1,"Ventilation en activité",189
"S1",1998,"B","B1G","_T","C",-1,"Ventilation en activité",189
"S1",1998,"B","B1G","_T","D",-1,"Ventilation en activité",189
"S1",1998,"B","B1G","_T","E",-1,"Ventilation en activité",189
"S1",1998,"B","B1G","_T","F",-1,"Ventilation en activité",189
"S1",1998,"B","B1G","_T","G",-1,"Ventilation en activité",189
"S1",1998,"B","B1G","_T","H",-1,"Ventilation en activité",189
"S1",1998,"B","B1G","_T","I",-1,"Ventilation en activité",189
"S1",1998,"B","B1G","_T","J",-1,"Ventilation en activité",189
"S1",1998,"B","B1G","_T","K",-1,"Ventilation en activité",189
"S1",1998,"B","B1G","_T","L",-1,"Ventilation en activité",189
"S1",1998,"B","B1G","_T","M",-1,"Ventilation en activité",189
"S1",1998,"B","B1G","_T","N",-1,"Ventilation en activité",189
"S1",1998,"B","B1G","_T","O",-1,"Ventilation en activité",189
"S1",1998,"B","B1G","_T","P",-1,"Ventilation en activité",189
"S1",1998,"B","B1G","_T","Q",-1,"Ventilation en activité",189
"S1",1998,"B","B1G","_T","R",-1,"Ventilation en activité",189
"S1",1998,"B","B1G","_T","S",-1,"Ventilation en activité",189
"S1",1998,"B","B1G","_T","T",-1,"Ventilation en activité",189
"S1",1978,"D","P2","_T","_T",1,"Ventilation en activité",190
"S1",1978,"D","P2","_T","A",-1,"Ventilation en activité",190
"S1",1978,"D","P2","_T","B",-1,"Ventilation en activité",190
"S1",1978,"D","P2","_T","C",-1,"Ventilation en activité",190
"S1",1978,"D","P2","_T","D",-1,"Ventilation en activité",190
"S1",1978,"D","P2","_T","E",-1,"Ventilation en activité",190
"S1",1978,"D","P2","_T","F",-1,"Ventilation en activité",190
"S1",1978,"D","P2","_T","G",-1,"Ventilation en activité",190
"S1",1978,"D","P2","_T","H",-1,"Ventilation en activité",190
"S1",1978,"D","P2","_T","I",-1,"Ventilation en activité",190
"S1",1978,"D","P2","_T","J",-1,"Ventilation en activité",190
"S1",1978,"D","P2","_T","K",-1,"Ventilation en activité",190
"S1",1978,"D","P2","_T","L",-1,"Ventilation en activité",190
"S1",1978,"D","P2","_T","M",-1,"Ventilation en activité",190
"S1",1978,"D","P2","_T","N",-1,"Ventilation en activité",190
"S1",1978,"D","P2","_T","O",-1,"Ventilation en activité",190
"S1",1978,"D","P2","_T","P",-1,"Ventilation en activité",190
"S1",1978,"D","P2","_T","Q",-1,"Ventilation en activité",190
"S1",1978,"D","P2","_T","R",-1,"Ventilation en activité",190
"S1",1978,"D","P2","_T","S",-1,"Ventilation en activité",190
"S1",2016,"D","P2","_T","_T",1,"Ventilation en activité",191
"S1",2016,"D","P2","_T","A",-1,"Ventilation en activité",191
"S1",2016,"D","P2","_T","B",-1,"Ventilation en activité",191
"S1",2016,"D","P2","_T","C",-1,"Ventilation en activité",191
"S1",2016,"D","P2","_T","D",-1,"Ventilation en activité",191
"S1",2016,"D","P2","_T","E",-1,"Ventilation en activité",191
"S1",2016,"D","P2","_T","F",-1,"Ventilation en activité",191
"S1",2016,"D","P2","_T","G",-1,"Ventilation en activité",191
"S1",2016,"D","P2","_T","H",-1,"Ventilation en activité",191
"S1",2016,"D","P2","_T","I",-1,"Ventilation en activité",191
"S1",2016,"D","P2","_T","J",-1,"Ventilation en activité",191
"S1",2016,"D","P2","_T","K",-1,"Ventilation en activité",191
"S1",2016,"D","P2","_T","L",-1,"Ventilation en activité",191
"S1",2016,"D","P2","_T","M",-1,"Ventilation en activité",191
"S1",2016,"D","P2","_T","N",-1,"Ventilation en activité",191
"S1",2016,"D","P2","_T","O",-1,"Ventilation en activité",191
"S1",2016,"D","P2","_T","P",-1,"Ventilation en activité",191
"S1",2016,"D","P2","_T","Q",-1,"Ventilation en activité",191
"S1",2016,"D","P2","_T","R",-1,"Ventilation en activité",191
"S1",2016,"D","P2","_T","S",-1,"Ventilation en activité",191
"S1",1998,"D","P51C","_T","_T",1,"Ventilation en activité",192
"S1",1998,"D","P51C","_T","A",-1,"Ventilation en activité",192
"S1",1998,"D","P51C","_T","B",-1,"Ventilation en activité",192
"S1",1998,"D","P51C","_T","C",-1,"Ventilation en activité",192
"S1",1998,"D","P51C","_T","D",-1,"Ventilation en activité",192
"S1",1998,"D","P51C","_T","E",-1,"Ventilation en activité",192
"S1",1998,"D","P51C","_T","F",-1,"Ventilation en activité",192
"S1",1998,"D","P51C","_T","G",-1,"Ventilation en activité",192
"S1",1998,"D","P51C","_T","H",-1,"Ventilation en activité",192
"S1",1998,"D","P51C","_T","I",-1,"Ventilation en activité",192
"S1",1998,"D","P51C","_T","J",-1,"Ventilation en activité",192
"S1",1998,"D","P51C","_T","K",-1,"Ventilation en activité",192
"S1",1998,"D","P51C","_T","L",-1,"Ventilation en activité",192
"S1",1998,"D","P51C","_T","M",-1,"Ventilation en activité",192
"S1",1998,"D","P51C","_T","N",-1,"Ventilation en activité",192
"S1",1998,"D","P51C","_T","O",-1,"Ventilation en activité",192
"S1",1998,"D","P51C","_T","P",-1,"Ventilation en activité",192
"S1",1998,"D","P51C","_T","Q",-1,"Ventilation en activité",192
"S1",1998,"D","P51C","_T","R",-1,"Ventilation en activité",192
"S1",1998,"D","P51C","_T","S",-1,"Ventilation en activité",192
"S1",2015,"B","B2A3N","_T","_T",1,"Ventilation en activité",193
"S1",2015,"B","B2A3N","_T","A",-1,"Ventilation en activité",193
"S1",2015,"B","B2A3N","_T","B",-1,"Ventilation en activité",193
"S1",2015,"B","B2A3N","_T","C",-1,"Ventilation en activité",193
"S1",2015,"B","B2A3N","_T","D",-1,"Ventilation en activité",193
"S1",2015,"B","B2A3N","_T","E",-1,"Ventilation en activité",193
"S1",2015,"B","B2A3N","_T","F",-1,"Ventilation en activité",193
"S1",2015,"B","B2A3N","_T","G",-1,"Ventilation en activité",193
"S1",2015,"B","B2A3N","_T","H",-1,"Ventilation en activité",193
"S1",2015,"B","B2A3N","_T","I",-1,"Ventilation en activité",193
"S1",2015,"B","B2A3N","_T","J",-1,"Ventilation en activité",193
"S1",2015,"B","B2A3N","_T","K",-1,"Ventilation en activité",193
"S1",2015,"B","B2A3N","_T","L",-1,"Ventilation en activité",193
"S1",2015,"B","B2A3N","_T","M",-1,"Ventilation en activité",193
"S1",2015,"B","B2A3N","_T","N",-1,"Ventilation en activité",193
"S1",2015,"B","B2A3N","_T","O",-1,"Ventilation en activité",193
"S1",2015,"B","B2A3N","_T","P",-1,"Ventilation en activité",193
"S1",2015,"B","B2A3N","_T","Q",-1,"Ventilation en activité",193
"S1",2015,"B","B2A3N","_T","R",-1,"Ventilation en activité",193
"S1",2015,"B","B2A3N","_T","S",-1,"Ventilation en activité",193
"S1",2015,"B","B2A3N","_T","T",-1,"Ventilation en activité",193
"S1",1978,"D","D11","_T","_T",1,"Ventilation en activité",194
"S1",1978,"D","D11","_T","A",-1,"Ventilation en activité",194
"S1",1978,"D","D11","_T","B",-1,"Ventilation en activité",194
"S1",1978,"D","D11","_T","C",-1,"Ventilation en activité",194
"S1",1978,"D","D11","_T","D",-1,"Ventilation en activité",194
"S1",1978,"D","D11","_T","E",-1,"Ventilation en activité",194
"S1",1978,"D","D11","_T","F",-1,"Ventilation en activité",194
"S1",1978,"D","D11","_T","G",-1,"Ventilation en activité",194
"S1",1978,"D","D11","_T","H",-1,"Ventilation en activité",194
"S1",1978,"D","D11","_T","I",-1,"Ventilation en activité",194
"S1",1978,"D","D11","_T","J",-1,"Ventilation en activité",194
"S1",1978,"D","D11","_T","K",-1,"Ventilation en activité",194
"S1",1978,"D","D11","_T","L",-1,"Ventilation en activité",194
"S1",1978,"D","D11","_T","M",-1,"Ventilation en activité",194
"S1",1978,"D","D11","_T","N",-1,"Ventilation en activité",194
"S1",1978,"D","D11","_T","O",-1,"Ventilation en activité",194
"S1",1978,"D","D11","_T","P",-1,"Ventilation en activité",194
"S1",1978,"D","D11","_T","Q",-1,"Ventilation en activité",194
"S1",1978,"D","D11","_T","R",-1,"Ventilation en activité",194
"S1",1978,"D","D11","_T","S",-1,"Ventilation en activité",194
"S1",1978,"D","D11","_T","T",-1,"Ventilation en activité",194
"S1",2010,"D","D11","_T","_T",1,"Ventilation en activité",195
"S1",2010,"D","D11","_T","A",-1,"Ventilation en activité",195
"S1",2010,"D","D11","_T","B",-1,"Ventilation en activité",195
"S1",2010,"D","D11","_T","C",-1,"Ventilation en activité",195
"S1",2010,"D","D11","_T","D",-1,"Ventilation en activité",195
"S1",2010,"D","D11","_T","E",-1,"Ventilation en activité",195
"S1",2010,"D","D11","_T","F",-1,"Ventilation en activité",195
"S1",2010,"D","D11","_T","G",-1,"Ventilation en activité",195
"S1",2010,"D","D11","_T","H",-1,"Ventilation en activité",195
"S1",2010,"D","D11","_T","I",-1,"Ventilation en activité",195
"S1",2010,"D","D11","_T","J",-1,"Ventilation en activité",195
"S1",2010,"D","D11","_T","K",-1,"Ventilation en activité",195
"S1",2010,"D","D11","_T","L",-1,"Ventilation en activité",195
"S1",2010,"D","D11","_T","M",-1,"Ventilation en activité",195
"S1",2010,"D","D11","_T","N",-1,"Ventilation en activité",195
"S1",2010,"D","D11","_T","O",-1,"Ventilation en activité",195
"S1",2010,"D","D11","_T","P",-1,"Ventilation en activité",195
"S1",2010,"D","D11","_T","Q",-1,"Ventilation en activité",195
"S1",2010,"D","D11","_T","R",-1,"Ventilation en activité",195
"S1",2010,"D","D11","_T","S",-1,"Ventilation en activité",195
"S1",2010,"D","D11","_T","T",-1,"Ventilation en activité",195
"S1",2009,"D","P51C","_T","_T",1,"Ventilation en activité",196
"S1",2009,"D","P51C","_T","A",-1,"Ventilation en activité",196
"S1",2009,"D","P51C","_T","B",-1,"Ventilation en activité",196
"S1",2009,"D","P51C","_T","C",-1,"Ventilation en activité",196
"S1",2009,"D","P51C","_T","D",-1,"Ventilation en activité",196
"S1",2009,"D","P51C","_T","E",-1,"Ventilation en activité",196
"S1",2009,"D","P51C","_T","F",-1,"Ventilation en activité",196
"S1",2009,"D","P51C","_T","G",-1,"Ventilation en activité",196
"S1",2009,"D","P51C","_T","H",-1,"Ventilation en activité",196
"S1",2009,"D","P51C","_T","I",-1,"Ventilation en activité",196
"S1",2009,"D","P51C","_T","J",-1,"Ventilation en activité",196
"S1",2009,"D","P51C","_T","K",-1,"Ventilation en activité",196
"S1",2009,"D","P51C","_T","L",-1,"Ventilation en activité",196
"S1",2009,"D","P51C","_T","M",-1,"Ventilation en activité",196
"S1",2009,"D","P51C","_T","N",-1,"Ventilation en activité",196
"S1",2009,"D","P51C","_T","O",-1,"Ventilation en activité",196
"S1",2009,"D","P51C","_T","P",-1,"Ventilation en activité",196
"S1",2009,"D","P51C","_T","Q",-1,"Ventilation en activité",196
"S1",2009,"D","P51C","_T","R",-1,"Ventilation en activité",196
"S1",2009,"D","P51C","_T","S",-1,"Ventilation en activité",196
"S1",2014,"D","P2","_T","_T",1,"Ventilation en activité",197
"S1",2014,"D","P2","_T","A",-1,"Ventilation en activité",197
"S1",2014,"D","P2","_T","B",-1,"Ventilation en activité",197
"S1",2014,"D","P2","_T","C",-1,"Ventilation en activité",197
"S1",2014,"D","P2","_T","D",-1,"Ventilation en activité",197
"S1",2014,"D","P2","_T","E",-1,"Ventilation en activité",197
"S1",2014,"D","P2","_T","F",-1,"Ventilation en activité",197
"S1",2014,"D","P2","_T","G",-1,"Ventilation en activité",197
"S1",2014,"D","P2","_T","H",-1,"Ventilation en activité",197
"S1",2014,"D","P2","_T","I",-1,"Ventilation en activité",197
"S1",2014,"D","P2","_T","J",-1,"Ventilation en activité",197
"S1",2014,"D","P2","_T","K",-1,"Ventilation en activité",197
"S1",2014,"D","P2","_T","L",-1,"Ventilation en activité",197
"S1",2014,"D","P2","_T","M",-1,"Ventilation en activité",197
"S1",2014,"D","P2","_T","N",-1,"Ventilation en activité",197
"S1",2014,"D","P2","_T","O",-1,"Ventilation en activité",197
"S1",2014,"D","P2","_T","P",-1,"Ventilation en activité",197
"S1",2014,"D","P2","_T","Q",-1,"Ventilation en activité",197
"S1",2014,"D","P2","_T","R",-1,"Ventilation en activité",197
"S1",2014,"D","P2","_T","S",-1,"Ventilation en activité",197
"S1",2013,"B","B2A3N","_T","_T",1,"Ventilation en activité",198
"S1",2013,"B","B2A3N","_T","A",-1,"Ventilation en activité",198
"S1",2013,"B","B2A3N","_T","B",-1,"Ventilation en activité",198
"S1",2013,"B","B2A3N","_T","C",-1,"Ventilation en activité",198
"S1",2013,"B","B2A3N","_T","D",-1,"Ventilation en activité",198
"S1",2013,"B","B2A3N","_T","E",-1,"Ventilation en activité",198
"S1",2013,"B","B2A3N","_T","F",-1,"Ventilation en activité",198
"S1",2013,"B","B2A3N","_T","G",-1,"Ventilation en activité",198
"S1",2013,"B","B2A3N","_T","H",-1,"Ventilation en activité",198
"S1",2013,"B","B2A3N","_T","I",-1,"Ventilation en activité",198
"S1",2013,"B","B2A3N","_T","J",-1,"Ventilation en activité",198
"S1",2013,"B","B2A3N","_T","K",-1,"Ventilation en activité",198
"S1",2013,"B","B2A3N","_T","L",-1,"Ventilation en activité",198
"S1",2013,"B","B2A3N","_T","M",-1,"Ventilation en activité",198
"S1",2013,"B","B2A3N","_T","N",-1,"Ventilation en activité",198
"S1",2013,"B","B2A3N","_T","O",-1,"Ventilation en activité",198
"S1",2013,"B","B2A3N","_T","P",-1,"Ventilation en activité",198
"S1",2013,"B","B2A3N","_T","Q",-1,"Ventilation en activité",198
"S1",2013,"B","B2A3N","_T","R",-1,"Ventilation en activité",198
"S1",2013,"B","B2A3N","_T","S",-1,"Ventilation en activité",198
"S1",2013,"B","B2A3N","_T","T",-1,"Ventilation en activité",198
"S1",1984,"B","B1G","_T","_T",1,"Ventilation en activité",199
"S1",1984,"B","B1G","_T","A",-1,"Ventilation en activité",199
"S1",1984,"B","B1G","_T","B",-1,"Ventilation en activité",199
"S1",1984,"B","B1G","_T","C",-1,"Ventilation en activité",199
"S1",1984,"B","B1G","_T","D",-1,"Ventilation en activité",199
"S1",1984,"B","B1G","_T","E",-1,"Ventilation en activité",199
"S1",1984,"B","B1G","_T","F",-1,"Ventilation en activité",199
"S1",1984,"B","B1G","_T","G",-1,"Ventilation en activité",199
"S1",1984,"B","B1G","_T","H",-1,"Ventilation en activité",199
"S1",1984,"B","B1G","_T","I",-1,"Ventilation en activité",199
"S1",1984,"B","B1G","_T","J",-1,"Ventilation en activité",199
"S1",1984,"B","B1G","_T","K",-1,"Ventilation en activité",199
"S1",1984,"B","B1G","_T","L",-1,"Ventilation en activité",199
"S1",1984,"B","B1G","_T","M",-1,"Ventilation en activité",199
"S1",1984,"B","B1G","_T","N",-1,"Ventilation en activité",199
"S1",1984,"B","B1G","_T","O",-1,"Ventilation en activité",199
"S1",1984,"B","B1G","_T","P",-1,"Ventilation en activité",199
"S1",1984,"B","B1G","_T","Q",-1,"Ventilation en activité",199
"S1",1984,"B","B1G","_T","R",-1,"Ventilation en activité",199
"S1",1984,"B","B1G","_T","S",-1,"Ventilation en activité",199
"S1",1984,"B","B1G","_T","T",-1,"Ventilation en activité",199
"S1",1988,"D","D1","_T","_T",1,"Ventilation en activité",200
"S1",1988,"D","D1","_T","A",-1,"Ventilation en activité",200
"S1",1988,"D","D1","_T","B",-1,"Ventilation en activité",200
"S1",1988,"D","D1","_T","C",-1,"Ventilation en activité",200
"S1",1988,"D","D1","_T","D",-1,"Ventilation en activité",200
"S1",1988,"D","D1","_T","E",-1,"Ventilation en activité",200
"S1",1988,"D","D1","_T","F",-1,"Ventilation en activité",200
"S1",1988,"D","D1","_T","G",-1,"Ventilation en activité",200
"S1",1988,"D","D1","_T","H",-1,"Ventilation en activité",200
"S1",1988,"D","D1","_T","I",-1,"Ventilation en activité",200
"S1",1988,"D","D1","_T","J",-1,"Ventilation en activité",200
"S1",1988,"D","D1","_T","K",-1,"Ventilation en activité",200
"S1",1988,"D","D1","_T","L",-1,"Ventilation en activité",200
"S1",1988,"D","D1","_T","M",-1,"Ventilation en activité",200
"S1",1988,"D","D1","_T","N",-1,"Ventilation en activité",200
"S1",1988,"D","D1","_T","O",-1,"Ventilation en activité",200
"S1",1988,"D","D1","_T","P",-1,"Ventilation en activité",200
"S1",1988,"D","D1","_T","Q",-1,"Ventilation en activité",200
"S1",1988,"D","D1","_T","R",-1,"Ventilation en activité",200
"S1",1988,"D","D1","_T","S",-1,"Ventilation en activité",200
"S1",1988,"D","D1","_T","T",-1,"Ventilation en activité",200
"S1",2014,"B","B2A3N","_T","_T",1,"Ventilation en activité",201
"S1",2014,"B","B2A3N","_T","A",-1,"Ventilation en activité",201
"S1",2014,"B","B2A3N","_T","B",-1,"Ventilation en activité",201
"S1",2014,"B","B2A3N","_T","C",-1,"Ventilation en activité",201
"S1",2014,"B","B2A3N","_T","D",-1,"Ventilation en activité",201
"S1",2014,"B","B2A3N","_T","E",-1,"Ventilation en activité",201
"S1",2014,"B","B2A3N","_T","F",-1,"Ventilation en activité",201
"S1",2014,"B","B2A3N","_T","G",-1,"Ventilation en activité",201
"S1",2014,"B","B2A3N","_T","H",-1,"Ventilation en activité",201
"S1",2014,"B","B2A3N","_T","I",-1,"Ventilation en activité",201
"S1",2014,"B","B2A3N","_T","J",-1,"Ventilation en activité",201
"S1",2014,"B","B2A3N","_T","K",-1,"Ventilation en activité",201
"S1",2014,"B","B2A3N","_T","L",-1,"Ventilation en activité",201
"S1",2014,"B","B2A3N","_T","M",-1,"Ventilation en activité",201
"S1",2014,"B","B2A3N","_T","N",-1,"Ventilation en activité",201
"S1",2014,"B","B2A3N","_T","O",-1,"Ventilation en activité",201
"S1",2014,"B","B2A3N","_T","P",-1,"Ventilation en activité",201
"S1",2014,"B","B2A3N","_T","Q",-1,"Ventilation en activité",201
"S1",2014,"B","B2A3N","_T","R",-1,"Ventilation en activité",201
"S1",2014,"B","B2A3N","_T","S",-1,"Ventilation en activité",201
"S1",2014,"B","B2A3N","_T","T",-1,"Ventilation en activité",201
"S1",2022,"D","D11","_T","_T",1,"Ventilation en activité",202
"S1",2022,"D","D11","_T","A",-1,"Ventilation en activité",202
"S1",2022,"D","D11","_T","B",-1,"Ventilation en activité",202
"S1",2022,"D","D11","_T","C",-1,"Ventilation en activité",202
"S1",2022,"D","D11","_T","D",-1,"Ventilation en activité",202
"S1",2022,"D","D11","_T","E",-1,"Ventilation en activité",202
"S1",2022,"D","D11","_T","F",-1,"Ventilation en activité",202
"S1",2022,"D","D11","_T","G",-1,"Ventilation en activité",202
"S1",2022,"D","D11","_T","H",-1,"Ventilation en activité",202
"S1",2022,"D","D11","_T","I",-1,"Ventilation en activité",202
"S1",2022,"D","D11","_T","J",-1,"Ventilation en activité",202
"S1",2022,"D","D11","_T","K",-1,"Ventilation en activité",202
"S1",2022,"D","D11","_T","L",-1,"Ventilation en activité",202
"S1",2022,"D","D11","_T","M",-1,"Ventilation en activité",202
"S1",2022,"D","D11","_T","N",-1,"Ventilation en activité",202
"S1",2022,"D","D11","_T","O",-1,"Ventilation en activité",202
"S1",2022,"D","D11","_T","P",-1,"Ventilation en activité",202
"S1",2022,"D","D11","_T","Q",-1,"Ventilation en activité",202
"S1",2022,"D","D11","_T","R",-1,"Ventilation en activité",202
"S1",2022,"D","D11","_T","S",-1,"Ventilation en activité",202
"S1",2022,"D","D11","_T","T",-1,"Ventilation en activité",202
"S1",2018,"B","B2A3N","_T","_T",1,"Ventilation en activité",203
"S1",2018,"B","B2A3N","_T","A",-1,"Ventilation en activité",203
"S1",2018,"B","B2A3N","_T","B",-1,"Ventilation en activité",203
"S1",2018,"B","B2A3N","_T","C",-1,"Ventilation en activité",203
"S1",2018,"B","B2A3N","_T","D",-1,"Ventilation en activité",203
"S1",2018,"B","B2A3N","_T","E",-1,"Ventilation en activité",203
"S1",2018,"B","B2A3N","_T","F",-1,"Ventilation en activité",203
"S1",2018,"B","B2A3N","_T","G",-1,"Ventilation en activité",203
"S1",2018,"B","B2A3N","_T","H",-1,"Ventilation en activité",203
"S1",2018,"B","B2A3N","_T","I",-1,"Ventilation en activité",203
"S1",2018,"B","B2A3N","_T","J",-1,"Ventilation en activité",203
"S1",2018,"B","B2A3N","_T","K",-1,"Ventilation en activité",203
"S1",2018,"B","B2A3N","_T","L",-1,"Ventilation en activité",203
"S1",2018,"B","B2A3N","_T","M",-1,"Ventilation en activité",203
"S1",2018,"B","B2A3N","_T","N",-1,"Ventilation en activité",203
"S1",2018,"B","B2A3N","_T","O",-1,"Ventilation en activité",203
"S1",2018,"B","B2A3N","_T","P",-1,"Ventilation en activité",203
"S1",2018,"B","B2A3N","_T","Q",-1,"Ventilation en activité",203
"S1",2018,"B","B2A3N","_T","R",-1,"Ventilation en activité",203
"S1",2018,"B","B2A3N","_T","S",-1,"Ventilation en activité",203
"S1",2018,"B","B2A3N","_T","T",-1,"Ventilation en activité",203
"S1",2015,"D","P51C","_T","_T",1,"Ventilation en activité",204
"S1",2015,"D","P51C","_T","A",-1,"Ventilation en activité",204
"S1",2015,"D","P51C","_T","B",-1,"Ventilation en activité",204
"S1",2015,"D","P51C","_T","C",-1,"Ventilation en activité",204
"S1",2015,"D","P51C","_T","D",-1,"Ventilation en activité",204
"S1",2015,"D","P51C","_T","E",-1,"Ventilation en activité",204
"S1",2015,"D","P51C","_T","F",-1,"Ventilation en activité",204
"S1",2015,"D","P51C","_T","G",-1,"Ventilation en activité",204
"S1",2015,"D","P51C","_T","H",-1,"Ventilation en activité",204
"S1",2015,"D","P51C","_T","I",-1,"Ventilation en activité",204
"S1",2015,"D","P51C","_T","J",-1,"Ventilation en activité",204
"S1",2015,"D","P51C","_T","K",-1,"Ventilation en activité",204
"S1",2015,"D","P51C","_T","L",-1,"Ventilation en activité",204
"S1",2015,"D","P51C","_T","M",-1,"Ventilation en activité",204
"S1",2015,"D","P51C","_T","N",-1,"Ventilation en activité",204
"S1",2015,"D","P51C","_T","O",-1,"Ventilation en activité",204
"S1",2015,"D","P51C","_T","P",-1,"Ventilation en activité",204
"S1",2015,"D","P51C","_T","Q",-1,"Ventilation en activité",204
"S1",2015,"D","P51C","_T","R",-1,"Ventilation en activité",204
"S1",2015,"D","P51C","_T","S",-1,"Ventilation en activité",204
"S1",1986,"D","P51C","_T","_T",1,"Ventilation en activité",205
"S1",1986,"D","P51C","_T","A",-1,"Ventilation en activité",205
"S1",1986,"D","P51C","_T","B",-1,"Ventilation en activité",205
"S1",1986,"D","P51C","_T","C",-1,"Ventilation en activité",205
"S1",1986,"D","P51C","_T","D",-1,"Ventilation en activité",205
"S1",1986,"D","P51C","_T","E",-1,"Ventilation en activité",205
"S1",1986,"D","P51C","_T","F",-1,"Ventilation en activité",205
"S1",1986,"D","P51C","_T","G",-1,"Ventilation en activité",205
"S1",1986,"D","P51C","_T","H",-1,"Ventilation en activité",205
"S1",1986,"D","P51C","_T","I",-1,"Ventilation en activité",205
"S1",1986,"D","P51C","_T","J",-1,"Ventilation en activité",205
"S1",1986,"D","P51C","_T","K",-1,"Ventilation en activité",205
"S1",1986,"D","P51C","_T","L",-1,"Ventilation en activité",205
"S1",1986,"D","P51C","_T","M",-1,"Ventilation en activité",205
"S1",1986,"D","P51C","_T","N",-1,"Ventilation en activité",205
"S1",1986,"D","P51C","_T","O",-1,"Ventilation en activité",205
"S1",1986,"D","P51C","_T","P",-1,"Ventilation en activité",205
"S1",1986,"D","P51C","_T","Q",-1,"Ventilation en activité",205
"S1",1986,"D","P51C","_T","R",-1,"Ventilation en activité",205
"S1",1986,"D","P51C","_T","S",-1,"Ventilation en activité",205
"S1",2015,"C","P1","_T","_T",1,"Ventilation en activité",206
"S1",2015,"C","P1","_T","A",-1,"Ventilation en activité",206
"S1",2015,"C","P1","_T","B",-1,"Ventilation en activité",206
"S1",2015,"C","P1","_T","C",-1,"Ventilation en activité",206
"S1",2015,"C","P1","_T","D",-1,"Ventilation en activité",206
"S1",2015,"C","P1","_T","E",-1,"Ventilation en activité",206
"S1",2015,"C","P1","_T","F",-1,"Ventilation en activité",206
"S1",2015,"C","P1","_T","G",-1,"Ventilation en activité",206
"S1",2015,"C","P1","_T","H",-1,"Ventilation en activité",206
"S1",2015,"C","P1","_T","I",-1,"Ventilation en activité",206
"S1",2015,"C","P1","_T","J",-1,"Ventilation en activité",206
"S1",2015,"C","P1","_T","K",-1,"Ventilation en activité",206
"S1",2015,"C","P1","_T","L",-1,"Ventilation en activité",206
"S1",2015,"C","P1","_T","M",-1,"Ventilation en activité",206
"S1",2015,"C","P1","_T","N",-1,"Ventilation en activité",206
"S1",2015,"C","P1","_T","O",-1,"Ventilation en activité",206
"S1",2015,"C","P1","_T","P",-1,"Ventilation en activité",206
"S1",2015,"C","P1","_T","Q",-1,"Ventilation en activité",206
"S1",2015,"C","P1","_T","R",-1,"Ventilation en activité",206
"S1",2015,"C","P1","_T","S",-1,"Ventilation en activité",206
"S1",2015,"C","P1","_T","T",-1,"Ventilation en activité",206
"S1",1979,"D","D11","_T","_T",1,"Ventilation en activité",207
"S1",1979,"D","D11","_T","A",-1,"Ventilation en activité",207
"S1",1979,"D","D11","_T","B",-1,"Ventilation en activité",207
"S1",1979,"D","D11","_T","C",-1,"Ventilation en activité",207
"S1",1979,"D","D11","_T","D",-1,"Ventilation en activité",207
"S1",1979,"D","D11","_T","E",-1,"Ventilation en activité",207
"S1",1979,"D","D11","_T","F",-1,"Ventilation en activité",207
"S1",1979,"D","D11","_T","G",-1,"Ventilation en activité",207
"S1",1979,"D","D11","_T","H",-1,"Ventilation en activité",207
"S1",1979,"D","D11","_T","I",-1,"Ventilation en activité",207
"S1",1979,"D","D11","_T","J",-1,"Ventilation en activité",207
"S1",1979,"D","D11","_T","K",-1,"Ventilation en activité",207
"S1",1979,"D","D11","_T","L",-1,"Ventilation en activité",207
"S1",1979,"D","D11","_T","M",-1,"Ventilation en activité",207
"S1",1979,"D","D11","_T","N",-1,"Ventilation en activité",207
"S1",1979,"D","D11","_T","O",-1,"Ventilation en activité",207
"S1",1979,"D","D11","_T","P",-1,"Ventilation en activité",207
"S1",1979,"D","D11","_T","Q",-1,"Ventilation en activité",207
"S1",1979,"D","D11","_T","R",-1,"Ventilation en activité",207
"S1",1979,"D","D11","_T","S",-1,"Ventilation en activité",207
"S1",1979,"D","D11","_T","T",-1,"Ventilation en activité",207
"S1",1990,"D","D11","_T","_T",1,"Ventilation en activité",208
"S1",1990,"D","D11","_T","A",-1,"Ventilation en activité",208
"S1",1990,"D","D11","_T","B",-1,"Ventilation en activité",208
"S1",1990,"D","D11","_T","C",-1,"Ventilation en activité",208
"S1",1990,"D","D11","_T","D",-1,"Ventilation en activité",208
"S1",1990,"D","D11","_T","E",-1,"Ventilation en activité",208
"S1",1990,"D","D11","_T","F",-1,"Ventilation en activité",208
"S1",1990,"D","D11","_T","G",-1,"Ventilation en activité",208
"S1",1990,"D","D11","_T","H",-1,"Ventilation en activité",208
"S1",1990,"D","D11","_T","I",-1,"Ventilation en activité",208
"S1",1990,"D","D11","_T","J",-1,"Ventilation en activité",208
"S1",1990,"D","D11","_T","K",-1,"Ventilation en activité",208
"S1",1990,"D","D11","_T","L",-1,"Ventilation en activité",208
"S1",1990,"D","D11","_T","M",-1,"Ventilation en activité",208
"S1",1990,"D","D11","_T","N",-1,"Ventilation en activité",208
"S1",1990,"D","D11","_T","O",-1,"Ventilation en activité",208
"S1",1990,"D","D11","_T","P",-1,"Ventilation en activité",208
"S1",1990,"D","D11","_T","Q",-1,"Ventilation en activité",208
"S1",1990,"D","D11","_T","R",-1,"Ventilation en activité",208
"S1",1990,"D","D11","_T","S",-1,"Ventilation en activité",208
"S1",1990,"D","D11","_T","T",-1,"Ventilation en activité",208
"S1",2010,"D","P51C","_T","_T",1,"Ventilation en activité",209
"S1",2010,"D","P51C","_T","A",-1,"Ventilation en activité",209
"S1",2010,"D","P51C","_T","B",-1,"Ventilation en activité",209
"S1",2010,"D","P51C","_T","C",-1,"Ventilation en activité",209
"S1",2010,"D","P51C","_T","D",-1,"Ventilation en activité",209
"S1",2010,"D","P51C","_T","E",-1,"Ventilation en activité",209
"S1",2010,"D","P51C","_T","F",-1,"Ventilation en activité",209
"S1",2010,"D","P51C","_T","G",-1,"Ventilation en activité",209
"S1",2010,"D","P51C","_T","H",-1,"Ventilation en activité",209
"S1",2010,"D","P51C","_T","I",-1,"Ventilation en activité",209
"S1",2010,"D","P51C","_T","J",-1,"Ventilation en activité",209
"S1",2010,"D","P51C","_T","K",-1,"Ventilation en activité",209
"S1",2010,"D","P51C","_T","L",-1,"Ventilation en activité",209
"S1",2010,"D","P51C","_T","M",-1,"Ventilation en activité",209
"S1",2010,"D","P51C","_T","N",-1,"Ventilation en activité",209
"S1",2010,"D","P51C","_T","O",-1,"Ventilation en activité",209
"S1",2010,"D","P51C","_T","P",-1,"Ventilation en activité",209
"S1",2010,"D","P51C","_T","Q",-1,"Ventilation en activité",209
"S1",2010,"D","P51C","_T","R",-1,"Ventilation en activité",209
"S1",2010,"D","P51C","_T","S",-1,"Ventilation en activité",209
"S1",1985,"D","D11","_T","_T",1,"Ventilation en activité",210
"S1",1985,"D","D11","_T","A",-1,"Ventilation en activité",210
"S1",1985,"D","D11","_T","B",-1,"Ventilation en activité",210
"S1",1985,"D","D11","_T","C",-1,"Ventilation en activité",210
"S1",1985,"D","D11","_T","D",-1,"Ventilation en activité",210
"S1",1985,"D","D11","_T","E",-1,"Ventilation en activité",210
"S1",1985,"D","D11","_T","F",-1,"Ventilation en activité",210
"S1",1985,"D","D11","_T","G",-1,"Ventilation en activité",210
"S1",1985,"D","D11","_T","H",-1,"Ventilation en activité",210
"S1",1985,"D","D11","_T","I",-1,"Ventilation en activité",210
"S1",1985,"D","D11","_T","J",-1,"Ventilation en activité",210
"S1",1985,"D","D11","_T","K",-1,"Ventilation en activité",210
"S1",1985,"D","D11","_T","L",-1,"Ventilation en activité",210
"S1",1985,"D","D11","_T","M",-1,"Ventilation en activité",210
"S1",1985,"D","D11","_T","N",-1,"Ventilation en activité",210
"S1",1985,"D","D11","_T","O",-1,"Ventilation en activité",210
"S1",1985,"D","D11","_T","P",-1,"Ventilation en activité",210
"S1",1985,"D","D11","_T","Q",-1,"Ventilation en activité",210
"S1",1985,"D","D11","_T","R",-1,"Ventilation en activité",210
"S1",1985,"D","D11","_T","S",-1,"Ventilation en activité",210
"S1",1985,"D","D11","_T","T",-1,"Ventilation en activité",210
"S1",1984,"D","P51C","_T","_T",1,"Ventilation en activité",211
"S1",1984,"D","P51C","_T","A",-1,"Ventilation en activité",211
"S1",1984,"D","P51C","_T","B",-1,"Ventilation en activité",211
"S1",1984,"D","P51C","_T","C",-1,"Ventilation en activité",211
"S1",1984,"D","P51C","_T","D",-1,"Ventilation en activité",211
"S1",1984,"D","P51C","_T","E",-1,"Ventilation en activité",211
"S1",1984,"D","P51C","_T","F",-1,"Ventilation en activité",211
"S1",1984,"D","P51C","_T","G",-1,"Ventilation en activité",211
"S1",1984,"D","P51C","_T","H",-1,"Ventilation en activité",211
"S1",1984,"D","P51C","_T","I",-1,"Ventilation en activité",211
"S1",1984,"D","P51C","_T","J",-1,"Ventilation en activité",211
"S1",1984,"D","P51C","_T","K",-1,"Ventilation en activité",211
"S1",1984,"D","P51C","_T","L",-1,"Ventilation en activité",211
"S1",1984,"D","P51C","_T","M",-1,"Ventilation en activité",211
"S1",1984,"D","P51C","_T","N",-1,"Ventilation en activité",211
"S1",1984,"D","P51C","_T","O",-1,"Ventilation en activité",211
"S1",1984,"D","P51C","_T","P",-1,"Ventilation en activité",211
"S1",1984,"D","P51C","_T","Q",-1,"Ventilation en activité",211
"S1",1984,"D","P51C","_T","R",-1,"Ventilation en activité",211
"S1",1984,"D","P51C","_T","S",-1,"Ventilation en activité",211
"S1",1983,"B","B1G","_T","_T",1,"Ventilation en activité",212
"S1",1983,"B","B1G","_T","A",-1,"Ventilation en activité",212
"S1",1983,"B","B1G","_T","B",-1,"Ventilation en activité",212
"S1",1983,"B","B1G","_T","C",-1,"Ventilation en activité",212
"S1",1983,"B","B1G","_T","D",-1,"Ventilation en activité",212
"S1",1983,"B","B1G","_T","E",-1,"Ventilation en activité",212
"S1",1983,"B","B1G","_T","F",-1,"Ventilation en activité",212
"S1",1983,"B","B1G","_T","G",-1,"Ventilation en activité",212
"S1",1983,"B","B1G","_T","H",-1,"Ventilation en activité",212
"S1",1983,"B","B1G","_T","I",-1,"Ventilation en activité",212
"S1",1983,"B","B1G","_T","J",-1,"Ventilation en activité",212
"S1",1983,"B","B1G","_T","K",-1,"Ventilation en activité",212
"S1",1983,"B","B1G","_T","L",-1,"Ventilation en activité",212
"S1",1983,"B","B1G","_T","M",-1,"Ventilation en activité",212
"S1",1983,"B","B1G","_T","N",-1,"Ventilation en activité",212
"S1",1983,"B","B1G","_T","O",-1,"Ventilation en activité",212
"S1",1983,"B","B1G","_T","P",-1,"Ventilation en activité",212
"S1",1983,"B","B1G","_T","Q",-1,"Ventilation en activité",212
"S1",1983,"B","B1G","_T","R",-1,"Ventilation en activité",212
"S1",1983,"B","B1G","_T","S",-1,"Ventilation en activité",212
"S1",1983,"B","B1G","_T","T",-1,"Ventilation en activité",212
"S1",1988,"C","P1","_T","_T",1,"Ventilation en activité",213
"S1",1988,"C","P1","_T","A",-1,"Ventilation en activité",213
"S1",1988,"C","P1","_T","B",-1,"Ventilation en activité",213
"S1",1988,"C","P1","_T","C",-1,"Ventilation en activité",213
"S1",1988,"C","P1","_T","D",-1,"Ventilation en activité",213
"S1",1988,"C","P1","_T","E",-1,"Ventilation en activité",213
"S1",1988,"C","P1","_T","F",-1,"Ventilation en activité",213
"S1",1988,"C","P1","_T","G",-1,"Ventilation en activité",213
"S1",1988,"C","P1","_T","H",-1,"Ventilation en activité",213
"S1",1988,"C","P1","_T","I",-1,"Ventilation en activité",213
"S1",1988,"C","P1","_T","J",-1,"Ventilation en activité",213
"S1",1988,"C","P1","_T","K",-1,"Ventilation en activité",213
"S1",1988,"C","P1","_T","L",-1,"Ventilation en activité",213
"S1",1988,"C","P1","_T","M",-1,"Ventilation en activité",213
"S1",1988,"C","P1","_T","N",-1,"Ventilation en activité",213
"S1",1988,"C","P1","_T","O",-1,"Ventilation en activité",213
"S1",1988,"C","P1","_T","P",-1,"Ventilation en activité",213
"S1",1988,"C","P1","_T","Q",-1,"Ventilation en activité",213
"S1",1988,"C","P1","_T","R",-1,"Ventilation en activité",213
"S1",1988,"C","P1","_T","S",-1,"Ventilation en activité",213
"S1",1988,"C","P1","_T","T",-1,"Ventilation en activité",213
"S1",2012,"D","P51C","_T","_T",1,"Ventilation en activité",214
"S1",2012,"D","P51C","_T","A",-1,"Ventilation en activité",214
"S1",2012,"D","P51C","_T","B",-1,"Ventilation en activité",214
"S1",2012,"D","P51C","_T","C",-1,"Ventilation en activité",214
"S1",2012,"D","P51C","_T","D",-1,"Ventilation en activité",214
"S1",2012,"D","P51C","_T","E",-1,"Ventilation en activité",214
"S1",2012,"D","P51C","_T","F",-1,"Ventilation en activité",214
"S1",2012,"D","P51C","_T","G",-1,"Ventilation en activité",214
"S1",2012,"D","P51C","_T","H",-1,"Ventilation en activité",214
"S1",2012,"D","P51C","_T","I",-1,"Ventilation en activité",214
"S1",2012,"D","P51C","_T","J",-1,"Ventilation en activité",214
"S1",2012,"D","P51C","_T","K",-1,"Ventilation en activité",214
"S1",2012,"D","P51C","_T","L",-1,"Ventilation en activité",214
"S1",2012,"D","P51C","_T","M",-1,"Ventilation en activité",214
"S1",2012,"D","P51C","_T","N",-1,"Ventilation en activité",214
"S1",2012,"D","P51C","_T","O",-1,"Ventilation en activité",214
"S1",2012,"D","P51C","_T","P",-1,"Ventilation en activité",214
"S1",2012,"D","P51C","_T","Q",-1,"Ventilation en activité",214
"S1",2012,"D","P51C","_T","R",-1,"Ventilation en activité",214
"S1",2012,"D","P51C","_T","S",-1,"Ventilation en activité",214
"S1",2016,"D","D1","_T","_T",1,"Ventilation en activité",215
"S1",2016,"D","D1","_T","A",-1,"Ventilation en activité",215
"S1",2016,"D","D1","_T","B",-1,"Ventilation en activité",215
"S1",2016,"D","D1","_T","C",-1,"Ventilation en activité",215
"S1",2016,"D","D1","_T","D",-1,"Ventilation en activité",215
"S1",2016,"D","D1","_T","E",-1,"Ventilation en activité",215
"S1",2016,"D","D1","_T","F",-1,"Ventilation en activité",215
"S1",2016,"D","D1","_T","G",-1,"Ventilation en activité",215
"S1",2016,"D","D1","_T","H",-1,"Ventilation en activité",215
"S1",2016,"D","D1","_T","I",-1,"Ventilation en activité",215
"S1",2016,"D","D1","_T","J",-1,"Ventilation en activité",215
"S1",2016,"D","D1","_T","K",-1,"Ventilation en activité",215
"S1",2016,"D","D1","_T","L",-1,"Ventilation en activité",215
"S1",2016,"D","D1","_T","M",-1,"Ventilation en activité",215
"S1",2016,"D","D1","_T","N",-1,"Ventilation en activité",215
"S1",2016,"D","D1","_T","O",-1,"Ventilation en activité",215
"S1",2016,"D","D1","_T","P",-1,"Ventilation en activité",215
"S1",2016,"D","D1","_T","Q",-1,"Ventilation en activité",215
"S1",2016,"D","D1","_T","R",-1,"Ventilation en activité",215
"S1",2016,"D","D1","_T","S",-1,"Ventilation en activité",215
"S1",2016,"D","D1","_T","T",-1,"Ventilation en activité",215
"S1",1987,"D","D11","_T","_T",1,"Ventilation en activité",216
"S1",1987,"D","D11","_T","A",-1,"Ventilation en activité",216
"S1",1987,"D","D11","_T","B",-1,"Ventilation en activité",216
"S1",1987,"D","D11","_T","C",-1,"Ventilation en activité",216
"S1",1987,"D","D11","_T","D",-1,"Ventilation en activité",216
"S1",1987,"D","D11","_T","E",-1,"Ventilation en activité",216
"S1",1987,"D","D11","_T","F",-1,"Ventilation en activité",216
"S1",1987,"D","D11","_T","G",-1,"Ventilation en activité",216
"S1",1987,"D","D11","_T","H",-1,"Ventilation en activité",216
"S1",1987,"D","D11","_T","I",-1,"Ventilation en activité",216
"S1",1987,"D","D11","_T","J",-1,"Ventilation en activité",216
"S1",1987,"D","D11","_T","K",-1,"Ventilation en activité",216
"S1",1987,"D","D11","_T","L",-1,"Ventilation en activité",216
"S1",1987,"D","D11","_T","M",-1,"Ventilation en activité",216
"S1",1987,"D","D11","_T","N",-1,"Ventilation en activité",216
"S1",1987,"D","D11","_T","O",-1,"Ventilation en activité",216
"S1",1987,"D","D11","_T","P",-1,"Ventilation en activité",216
"S1",1987,"D","D11","_T","Q",-1,"Ventilation en activité",216
"S1",1987,"D","D11","_T","R",-1,"Ventilation en activité",216
"S1",1987,"D","D11","_T","S",-1,"Ventilation en activité",216
"S1",1987,"D","D11","_T","T",-1,"Ventilation en activité",216
"S1",1988,"D","P51C","_T","_T",1,"Ventilation en activité",217
"S1",1988,"D","P51C","_T","A",-1,"Ventilation en activité",217
"S1",1988,"D","P51C","_T","B",-1,"Ventilation en activité",217
"S1",1988,"D","P51C","_T","C",-1,"Ventilation en activité",217
"S1",1988,"D","P51C","_T","D",-1,"Ventilation en activité",217
"S1",1988,"D","P51C","_T","E",-1,"Ventilation en activité",217
"S1",1988,"D","P51C","_T","F",-1,"Ventilation en activité",217
"S1",1988,"D","P51C","_T","G",-1,"Ventilation en activité",217
"S1",1988,"D","P51C","_T","H",-1,"Ventilation en activité",217
"S1",1988,"D","P51C","_T","I",-1,"Ventilation en activité",217
"S1",1988,"D","P51C","_T","J",-1,"Ventilation en activité",217
"S1",1988,"D","P51C","_T","K",-1,"Ventilation en activité",217
"S1",1988,"D","P51C","_T","L",-1,"Ventilation en activité",217
"S1",1988,"D","P51C","_T","M",-1,"Ventilation en activité",217
"S1",1988,"D","P51C","_T","N",-1,"Ventilation en activité",217
"S1",1988,"D","P51C","_T","O",-1,"Ventilation en activité",217
"S1",1988,"D","P51C","_T","P",-1,"Ventilation en activité",217
"S1",1988,"D","P51C","_T","Q",-1,"Ventilation en activité",217
"S1",1988,"D","P51C","_T","R",-1,"Ventilation en activité",217
"S1",1988,"D","P51C","_T","S",-1,"Ventilation en activité",217
"S1",2014,"D","D1","_T","_T",1,"Ventilation en activité",218
"S1",2014,"D","D1","_T","A",-1,"Ventilation en activité",218
"S1",2014,"D","D1","_T","B",-1,"Ventilation en activité",218
"S1",2014,"D","D1","_T","C",-1,"Ventilation en activité",218
"S1",2014,"D","D1","_T","D",-1,"Ventilation en activité",218
"S1",2014,"D","D1","_T","E",-1,"Ventilation en activité",218
"S1",2014,"D","D1","_T","F",-1,"Ventilation en activité",218
"S1",2014,"D","D1","_T","G",-1,"Ventilation en activité",218
"S1",2014,"D","D1","_T","H",-1,"Ventilation en activité",218
"S1",2014,"D","D1","_T","I",-1,"Ventilation en activité",218
"S1",2014,"D","D1","_T","J",-1,"Ventilation en activité",218
"S1",2014,"D","D1","_T","K",-1,"Ventilation en activité",218
"S1",2014,"D","D1","_T","L",-1,"Ventilation en activité",218
"S1",2014,"D","D1","_T","M",-1,"Ventilation en activité",218
"S1",2014,"D","D1","_T","N",-1,"Ventilation en activité",218
"S1",2014,"D","D1","_T","O",-1,"Ventilation en activité",218
"S1",2014,"D","D1","_T","P",-1,"Ventilation en activité",218
"S1",2014,"D","D1","_T","Q",-1,"Ventilation en activité",218
"S1",2014,"D","D1","_T","R",-1,"Ventilation en activité",218
"S1",2014,"D","D1","_T","S",-1,"Ventilation en activité",218
"S1",2014,"D","D1","_T","T",-1,"Ventilation en activité",218
"S1",2022,"B","B2A3N","_T","_T",1,"Ventilation en activité",219
"S1",2022,"B","B2A3N","_T","A",-1,"Ventilation en activité",219
"S1",2022,"B","B2A3N","_T","B",-1,"Ventilation en activité",219
"S1",2022,"B","B2A3N","_T","C",-1,"Ventilation en activité",219
"S1",2022,"B","B2A3N","_T","D",-1,"Ventilation en activité",219
"S1",2022,"B","B2A3N","_T","E",-1,"Ventilation en activité",219
"S1",2022,"B","B2A3N","_T","F",-1,"Ventilation en activité",219
"S1",2022,"B","B2A3N","_T","G",-1,"Ventilation en activité",219
"S1",2022,"B","B2A3N","_T","H",-1,"Ventilation en activité",219
"S1",2022,"B","B2A3N","_T","I",-1,"Ventilation en activité",219
"S1",2022,"B","B2A3N","_T","J",-1,"Ventilation en activité",219
"S1",2022,"B","B2A3N","_T","K",-1,"Ventilation en activité",219
"S1",2022,"B","B2A3N","_T","L",-1,"Ventilation en activité",219
"S1",2022,"B","B2A3N","_T","M",-1,"Ventilation en activité",219
"S1",2022,"B","B2A3N","_T","N",-1,"Ventilation en activité",219
"S1",2022,"B","B2A3N","_T","O",-1,"Ventilation en activité",219
"S1",2022,"B","B2A3N","_T","P",-1,"Ventilation en activité",219
"S1",2022,"B","B2A3N","_T","Q",-1,"Ventilation en activité",219
"S1",2022,"B","B2A3N","_T","R",-1,"Ventilation en activité",219
"S1",2022,"B","B2A3N","_T","S",-1,"Ventilation en activité",219
"S1",2022,"B","B2A3N","_T","T",-1,"Ventilation en activité",219
"S1",1982,"D","P51C","_T","_T",1,"Ventilation en activité",220
"S1",1982,"D","P51C","_T","A",-1,"Ventilation en activité",220
"S1",1982,"D","P51C","_T","B",-1,"Ventilation en activité",220
"S1",1982,"D","P51C","_T","C",-1,"Ventilation en activité",220
"S1",1982,"D","P51C","_T","D",-1,"Ventilation en activité",220
"S1",1982,"D","P51C","_T","E",-1,"Ventilation en activité",220
"S1",1982,"D","P51C","_T","F",-1,"Ventilation en activité",220
"S1",1982,"D","P51C","_T","G",-1,"Ventilation en activité",220
"S1",1982,"D","P51C","_T","H",-1,"Ventilation en activité",220
"S1",1982,"D","P51C","_T","I",-1,"Ventilation en activité",220
"S1",1982,"D","P51C","_T","J",-1,"Ventilation en activité",220
"S1",1982,"D","P51C","_T","K",-1,"Ventilation en activité",220
"S1",1982,"D","P51C","_T","L",-1,"Ventilation en activité",220
"S1",1982,"D","P51C","_T","M",-1,"Ventilation en activité",220
"S1",1982,"D","P51C","_T","N",-1,"Ventilation en activité",220
"S1",1982,"D","P51C","_T","O",-1,"Ventilation en activité",220
"S1",1982,"D","P51C","_T","P",-1,"Ventilation en activité",220
"S1",1982,"D","P51C","_T","Q",-1,"Ventilation en activité",220
"S1",1982,"D","P51C","_T","R",-1,"Ventilation en activité",220
"S1",1982,"D","P51C","_T","S",-1,"Ventilation en activité",220
"S1",2002,"D","D11","_T","_T",1,"Ventilation en activité",221
"S1",2002,"D","D11","_T","A",-1,"Ventilation en activité",221
"S1",2002,"D","D11","_T","B",-1,"Ventilation en activité",221
"S1",2002,"D","D11","_T","C",-1,"Ventilation en activité",221
"S1",2002,"D","D11","_T","D",-1,"Ventilation en activité",221
"S1",2002,"D","D11","_T","E",-1,"Ventilation en activité",221
"S1",2002,"D","D11","_T","F",-1,"Ventilation en activité",221
"S1",2002,"D","D11","_T","G",-1,"Ventilation en activité",221
"S1",2002,"D","D11","_T","H",-1,"Ventilation en activité",221
"S1",2002,"D","D11","_T","I",-1,"Ventilation en activité",221
"S1",2002,"D","D11","_T","J",-1,"Ventilation en activité",221
"S1",2002,"D","D11","_T","K",-1,"Ventilation en activité",221
"S1",2002,"D","D11","_T","L",-1,"Ventilation en activité",221
"S1",2002,"D","D11","_T","M",-1,"Ventilation en activité",221
"S1",2002,"D","D11","_T","N",-1,"Ventilation en activité",221
"S1",2002,"D","D11","_T","O",-1,"Ventilation en activité",221
"S1",2002,"D","D11","_T","P",-1,"Ventilation en activité",221
"S1",2002,"D","D11","_T","Q",-1,"Ventilation en activité",221
"S1",2002,"D","D11","_T","R",-1,"Ventilation en activité",221
"S1",2002,"D","D11","_T","S",-1,"Ventilation en activité",221
"S1",2002,"D","D11","_T","T",-1,"Ventilation en activité",221
"S1",1978,"D","P51C","_T","_T",1,"Ventilation en activité",222
"S1",1978,"D","P51C","_T","A",-1,"Ventilation en activité",222
"S1",1978,"D","P51C","_T","B",-1,"Ventilation en activité",222
"S1",1978,"D","P51C","_T","C",-1,"Ventilation en activité",222
"S1",1978,"D","P51C","_T","D",-1,"Ventilation en activité",222
"S1",1978,"D","P51C","_T","E",-1,"Ventilation en activité",222
"S1",1978,"D","P51C","_T","F",-1,"Ventilation en activité",222
"S1",1978,"D","P51C","_T","G",-1,"Ventilation en activité",222
"S1",1978,"D","P51C","_T","H",-1,"Ventilation en activité",222
"S1",1978,"D","P51C","_T","I",-1,"Ventilation en activité",222
"S1",1978,"D","P51C","_T","J",-1,"Ventilation en activité",222
"S1",1978,"D","P51C","_T","K",-1,"Ventilation en activité",222
"S1",1978,"D","P51C","_T","L",-1,"Ventilation en activité",222
"S1",1978,"D","P51C","_T","M",-1,"Ventilation en activité",222
"S1",1978,"D","P51C","_T","N",-1,"Ventilation en activité",222
"S1",1978,"D","P51C","_T","O",-1,"Ventilation en activité",222
"S1",1978,"D","P51C","_T","P",-1,"Ventilation en activité",222
"S1",1978,"D","P51C","_T","Q",-1,"Ventilation en activité",222
"S1",1978,"D","P51C","_T","R",-1,"Ventilation en activité",222
"S1",1978,"D","P51C","_T","S",-1,"Ventilation en activité",222
"S1",1981,"D","P2","_T","_T",1,"Ventilation en activité",223
"S1",1981,"D","P2","_T","A",-1,"Ventilation en activité",223
"S1",1981,"D","P2","_T","B",-1,"Ventilation en activité",223
"S1",1981,"D","P2","_T","C",-1,"Ventilation en activité",223
"S1",1981,"D","P2","_T","D",-1,"Ventilation en activité",223
"S1",1981,"D","P2","_T","E",-1,"Ventilation en activité",223
"S1",1981,"D","P2","_T","F",-1,"Ventilation en activité",223
"S1",1981,"D","P2","_T","G",-1,"Ventilation en activité",223
"S1",1981,"D","P2","_T","H",-1,"Ventilation en activité",223
"S1",1981,"D","P2","_T","I",-1,"Ventilation en activité",223
"S1",1981,"D","P2","_T","J",-1,"Ventilation en activité",223
"S1",1981,"D","P2","_T","K",-1,"Ventilation en activité",223
"S1",1981,"D","P2","_T","L",-1,"Ventilation en activité",223
"S1",1981,"D","P2","_T","M",-1,"Ventilation en activité",223
"S1",1981,"D","P2","_T","N",-1,"Ventilation en activité",223
"S1",1981,"D","P2","_T","O",-1,"Ventilation en activité",223
"S1",1981,"D","P2","_T","P",-1,"Ventilation en activité",223
"S1",1981,"D","P2","_T","Q",-1,"Ventilation en activité",223
"S1",1981,"D","P2","_T","R",-1,"Ventilation en activité",223
"S1",1981,"D","P2","_T","S",-1,"Ventilation en activité",223
"S1",1995,"B","B2A3N","_T","_T",1,"Ventilation en activité",224
"S1",1995,"B","B2A3N","_T","A",-1,"Ventilation en activité",224
"S1",1995,"B","B2A3N","_T","B",-1,"Ventilation en activité",224
"S1",1995,"B","B2A3N","_T","C",-1,"Ventilation en activité",224
"S1",1995,"B","B2A3N","_T","D",-1,"Ventilation en activité",224
"S1",1995,"B","B2A3N","_T","E",-1,"Ventilation en activité",224
"S1",1995,"B","B2A3N","_T","F",-1,"Ventilation en activité",224
"S1",1995,"B","B2A3N","_T","G",-1,"Ventilation en activité",224
"S1",1995,"B","B2A3N","_T","H",-1,"Ventilation en activité",224
"S1",1995,"B","B2A3N","_T","I",-1,"Ventilation en activité",224
"S1",1995,"B","B2A3N","_T","J",-1,"Ventilation en activité",224
"S1",1995,"B","B2A3N","_T","K",-1,"Ventilation en activité",224
"S1",1995,"B","B2A3N","_T","L",-1,"Ventilation en activité",224
"S1",1995,"B","B2A3N","_T","M",-1,"Ventilation en activité",224
"S1",1995,"B","B2A3N","_T","N",-1,"Ventilation en activité",224
"S1",1995,"B","B2A3N","_T","O",-1,"Ventilation en activité",224
"S1",1995,"B","B2A3N","_T","P",-1,"Ventilation en activité",224
"S1",1995,"B","B2A3N","_T","Q",-1,"Ventilation en activité",224
"S1",1995,"B","B2A3N","_T","R",-1,"Ventilation en activité",224
"S1",1995,"B","B2A3N","_T","S",-1,"Ventilation en activité",224
"S1",1995,"B","B2A3N","_T","T",-1,"Ventilation en activité",224
"S1",2011,"B","B2A3N","_T","_T",1,"Ventilation en activité",225
"S1",2011,"B","B2A3N","_T","A",-1,"Ventilation en activité",225
"S1",2011,"B","B2A3N","_T","B",-1,"Ventilation en activité",225
"S1",2011,"B","B2A3N","_T","C",-1,"Ventilation en activité",225
"S1",2011,"B","B2A3N","_T","D",-1,"Ventilation en activité",225
"S1",2011,"B","B2A3N","_T","E",-1,"Ventilation en activité",225
"S1",2011,"B","B2A3N","_T","F",-1,"Ventilation en activité",225
"S1",2011,"B","B2A3N","_T","G",-1,"Ventilation en activité",225
"S1",2011,"B","B2A3N","_T","H",-1,"Ventilation en activité",225
"S1",2011,"B","B2A3N","_T","I",-1,"Ventilation en activité",225
"S1",2011,"B","B2A3N","_T","J",-1,"Ventilation en activité",225
"S1",2011,"B","B2A3N","_T","K",-1,"Ventilation en activité",225
"S1",2011,"B","B2A3N","_T","L",-1,"Ventilation en activité",225
"S1",2011,"B","B2A3N","_T","M",-1,"Ventilation en activité",225
"S1",2011,"B","B2A3N","_T","N",-1,"Ventilation en activité",225
"S1",2011,"B","B2A3N","_T","O",-1,"Ventilation en activité",225
"S1",2011,"B","B2A3N","_T","P",-1,"Ventilation en activité",225
"S1",2011,"B","B2A3N","_T","Q",-1,"Ventilation en activité",225
"S1",2011,"B","B2A3N","_T","R",-1,"Ventilation en activité",225
"S1",2011,"B","B2A3N","_T","S",-1,"Ventilation en activité",225
"S1",2011,"B","B2A3N","_T","T",-1,"Ventilation en activité",225
"S1",1995,"D","P2","_T","_T",1,"Ventilation en activité",226
"S1",1995,"D","P2","_T","A",-1,"Ventilation en activité",226
"S1",1995,"D","P2","_T","B",-1,"Ventilation en activité",226
"S1",1995,"D","P2","_T","C",-1,"Ventilation en activité",226
"S1",1995,"D","P2","_T","D",-1,"Ventilation en activité",226
"S1",1995,"D","P2","_T","E",-1,"Ventilation en activité",226
"S1",1995,"D","P2","_T","F",-1,"Ventilation en activité",226
"S1",1995,"D","P2","_T","G",-1,"Ventilation en activité",226
"S1",1995,"D","P2","_T","H",-1,"Ventilation en activité",226
"S1",1995,"D","P2","_T","I",-1,"Ventilation en activité",226
"S1",1995,"D","P2","_T","J",-1,"Ventilation en activité",226
"S1",1995,"D","P2","_T","K",-1,"Ventilation en activité",226
"S1",1995,"D","P2","_T","L",-1,"Ventilation en activité",226
"S1",1995,"D","P2","_T","M",-1,"Ventilation en activité",226
"S1",1995,"D","P2","_T","N",-1,"Ventilation en activité",226
"S1",1995,"D","P2","_T","O",-1,"Ventilation en activité",226
"S1",1995,"D","P2","_T","P",-1,"Ventilation en activité",226
"S1",1995,"D","P2","_T","Q",-1,"Ventilation en activité",226
"S1",1995,"D","P2","_T","R",-1,"Ventilation en activité",226
"S1",1995,"D","P2","_T","S",-1,"Ventilation en activité",226
"S1",2017,"D","D1","_T","_T",1,"Ventilation en activité",227
"S1",2017,"D","D1","_T","A",-1,"Ventilation en activité",227
"S1",2017,"D","D1","_T","B",-1,"Ventilation en activité",227
"S1",2017,"D","D1","_T","C",-1,"Ventilation en activité",227
"S1",2017,"D","D1","_T","D",-1,"Ventilation en activité",227
"S1",2017,"D","D1","_T","E",-1,"Ventilation en activité",227
"S1",2017,"D","D1","_T","F",-1,"Ventilation en activité",227
"S1",2017,"D","D1","_T","G",-1,"Ventilation en activité",227
"S1",2017,"D","D1","_T","H",-1,"Ventilation en activité",227
"S1",2017,"D","D1","_T","I",-1,"Ventilation en activité",227
"S1",2017,"D","D1","_T","J",-1,"Ventilation en activité",227
"S1",2017,"D","D1","_T","K",-1,"Ventilation en activité",227
"S1",2017,"D","D1","_T","L",-1,"Ventilation en activité",227
"S1",2017,"D","D1","_T","M",-1,"Ventilation en activité",227
"S1",2017,"D","D1","_T","N",-1,"Ventilation en activité",227
"S1",2017,"D","D1","_T","O",-1,"Ventilation en activité",227
"S1",2017,"D","D1","_T","P",-1,"Ventilation en activité",227
"S1",2017,"D","D1","_T","Q",-1,"Ventilation en activité",227
"S1",2017,"D","D1","_T","R",-1,"Ventilation en activité",227
"S1",2017,"D","D1","_T","S",-1,"Ventilation en activité",227
"S1",2017,"D","D1","_T","T",-1,"Ventilation en activité",227
"S1",1978,"B","B1G","_T","_T",1,"Ventilation en activité",228
"S1",1978,"B","B1G","_T","A",-1,"Ventilation en activité",228
"S1",1978,"B","B1G","_T","B",-1,"Ventilation en activité",228
"S1",1978,"B","B1G","_T","C",-1,"Ventilation en activité",228
"S1",1978,"B","B1G","_T","D",-1,"Ventilation en activité",228
"S1",1978,"B","B1G","_T","E",-1,"Ventilation en activité",228
"S1",1978,"B","B1G","_T","F",-1,"Ventilation en activité",228
"S1",1978,"B","B1G","_T","G",-1,"Ventilation en activité",228
"S1",1978,"B","B1G","_T","H",-1,"Ventilation en activité",228
"S1",1978,"B","B1G","_T","I",-1,"Ventilation en activité",228
"S1",1978,"B","B1G","_T","J",-1,"Ventilation en activité",228
"S1",1978,"B","B1G","_T","K",-1,"Ventilation en activité",228
"S1",1978,"B","B1G","_T","L",-1,"Ventilation en activité",228
"S1",1978,"B","B1G","_T","M",-1,"Ventilation en activité",228
"S1",1978,"B","B1G","_T","N",-1,"Ventilation en activité",228
"S1",1978,"B","B1G","_T","O",-1,"Ventilation en activité",228
"S1",1978,"B","B1G","_T","P",-1,"Ventilation en activité",228
"S1",1978,"B","B1G","_T","Q",-1,"Ventilation en activité",228
"S1",1978,"B","B1G","_T","R",-1,"Ventilation en activité",228
"S1",1978,"B","B1G","_T","S",-1,"Ventilation en activité",228
"S1",1978,"B","B1G","_T","T",-1,"Ventilation en activité",228
"S1",2003,"D","P2","_T","_T",1,"Ventilation en activité",229
"S1",2003,"D","P2","_T","A",-1,"Ventilation en activité",229
"S1",2003,"D","P2","_T","B",-1,"Ventilation en activité",229
"S1",2003,"D","P2","_T","C",-1,"Ventilation en activité",229
"S1",2003,"D","P2","_T","D",-1,"Ventilation en activité",229
"S1",2003,"D","P2","_T","E",-1,"Ventilation en activité",229
"S1",2003,"D","P2","_T","F",-1,"Ventilation en activité",229
"S1",2003,"D","P2","_T","G",-1,"Ventilation en activité",229
"S1",2003,"D","P2","_T","H",-1,"Ventilation en activité",229
"S1",2003,"D","P2","_T","I",-1,"Ventilation en activité",229
"S1",2003,"D","P2","_T","J",-1,"Ventilation en activité",229
"S1",2003,"D","P2","_T","K",-1,"Ventilation en activité",229
"S1",2003,"D","P2","_T","L",-1,"Ventilation en activité",229
"S1",2003,"D","P2","_T","M",-1,"Ventilation en activité",229
"S1",2003,"D","P2","_T","N",-1,"Ventilation en activité",229
"S1",2003,"D","P2","_T","O",-1,"Ventilation en activité",229
"S1",2003,"D","P2","_T","P",-1,"Ventilation en activité",229
"S1",2003,"D","P2","_T","Q",-1,"Ventilation en activité",229
"S1",2003,"D","P2","_T","R",-1,"Ventilation en activité",229
"S1",2003,"D","P2","_T","S",-1,"Ventilation en activité",229
"S1",2020,"D","P52","_T","_T",1,"Ventilation en activité",230
"S1",2020,"D","P52","_T","A",-1,"Ventilation en activité",230
"S1",2020,"D","P52","_T","B",-1,"Ventilation en activité",230
"S1",2020,"D","P52","_T","C",-1,"Ventilation en activité",230
"S1",2020,"D","P52","_T","D",-1,"Ventilation en activité",230
"S1",2020,"D","P52","_T","E",-1,"Ventilation en activité",230
"S1",2020,"D","P52","_T","F",-1,"Ventilation en activité",230
"S1",2020,"D","P52","_T","G",-1,"Ventilation en activité",230
"S1",2020,"D","P52","_T","H",-1,"Ventilation en activité",230
"S1",2020,"D","P52","_T","I",-1,"Ventilation en activité",230
"S1",2020,"D","P52","_T","J",-1,"Ventilation en activité",230
"S1",2020,"D","P52","_T","K",-1,"Ventilation en activité",230
"S1",2020,"D","P52","_T","L",-1,"Ventilation en activité",230
"S1",2020,"D","P52","_T","M",-1,"Ventilation en activité",230
"S1",2020,"D","P52","_T","N",-1,"Ventilation en activité",230
"S1",2020,"D","P52","_T","O",-1,"Ventilation en activité",230
"S1",2020,"D","P52","_T","P",-1,"Ventilation en activité",230
"S1",2020,"D","P52","_T","Q",-1,"Ventilation en activité",230
"S1",2020,"D","P52","_T","R",-1,"Ventilation en activité",230
"S1",2020,"D","P52","_T","S",-1,"Ventilation en activité",230
"S1",2020,"D","P52","_T","T",-1,"Ventilation en activité",230
"S1",2020,"D","P52","_T","U",-1,"Ventilation en activité",230
"S1",2011,"D","P52","_T","_T",1,"Ventilation en activité",231
"S1",2011,"D","P52","_T","A",-1,"Ventilation en activité",231
"S1",2011,"D","P52","_T","B",-1,"Ventilation en activité",231
"S1",2011,"D","P52","_T","C",-1,"Ventilation en activité",231
"S1",2011,"D","P52","_T","D",-1,"Ventilation en activité",231
"S1",2011,"D","P52","_T","E",-1,"Ventilation en activité",231
"S1",2011,"D","P52","_T","F",-1,"Ventilation en activité",231
"S1",2011,"D","P52","_T","G",-1,"Ventilation en activité",231
"S1",2011,"D","P52","_T","H",-1,"Ventilation en activité",231
"S1",2011,"D","P52","_T","I",-1,"Ventilation en activité",231
"S1",2011,"D","P52","_T","J",-1,"Ventilation en activité",231
"S1",2011,"D","P52","_T","K",-1,"Ventilation en activité",231
"S1",2011,"D","P52","_T","L",-1,"Ventilation en activité",231
"S1",2011,"D","P52","_T","M",-1,"Ventilation en activité",231
"S1",2011,"D","P52","_T","N",-1,"Ventilation en activité",231
"S1",2011,"D","P52","_T","O",-1,"Ventilation en activité",231
"S1",2011,"D","P52","_T","P",-1,"Ventilation en activité",231
"S1",2011,"D","P52","_T","Q",-1,"Ventilation en activité",231
"S1",2011,"D","P52","_T","R",-1,"Ventilation en activité",231
"S1",2011,"D","P52","_T","S",-1,"Ventilation en activité",231
"S1",2011,"D","P52","_T","T",-1,"Ventilation en activité",231
"S1",2011,"D","P52","_T","U",-1,"Ventilation en activité",231
"S1",2000,"D","P51C","_T","_T",1,"Ventilation en activité",232
"S1",2000,"D","P51C","_T","A",-1,"Ventilation en activité",232
"S1",2000,"D","P51C","_T","B",-1,"Ventilation en activité",232
"S1",2000,"D","P51C","_T","C",-1,"Ventilation en activité",232
"S1",2000,"D","P51C","_T","D",-1,"Ventilation en activité",232
"S1",2000,"D","P51C","_T","E",-1,"Ventilation en activité",232
"S1",2000,"D","P51C","_T","F",-1,"Ventilation en activité",232
"S1",2000,"D","P51C","_T","G",-1,"Ventilation en activité",232
"S1",2000,"D","P51C","_T","H",-1,"Ventilation en activité",232
"S1",2000,"D","P51C","_T","I",-1,"Ventilation en activité",232
"S1",2000,"D","P51C","_T","J",-1,"Ventilation en activité",232
"S1",2000,"D","P51C","_T","K",-1,"Ventilation en activité",232
"S1",2000,"D","P51C","_T","L",-1,"Ventilation en activité",232
"S1",2000,"D","P51C","_T","M",-1,"Ventilation en activité",232
"S1",2000,"D","P51C","_T","N",-1,"Ventilation en activité",232
"S1",2000,"D","P51C","_T","O",-1,"Ventilation en activité",232
"S1",2000,"D","P51C","_T","P",-1,"Ventilation en activité",232
"S1",2000,"D","P51C","_T","Q",-1,"Ventilation en activité",232
"S1",2000,"D","P51C","_T","R",-1,"Ventilation en activité",232
"S1",2000,"D","P51C","_T","S",-1,"Ventilation en activité",232
"S1",2001,"C","P1","_T","_T",1,"Ventilation en activité",233
"S1",2001,"C","P1","_T","A",-1,"Ventilation en activité",233
"S1",2001,"C","P1","_T","B",-1,"Ventilation en activité",233
"S1",2001,"C","P1","_T","C",-1,"Ventilation en activité",233
"S1",2001,"C","P1","_T","D",-1,"Ventilation en activité",233
"S1",2001,"C","P1","_T","E",-1,"Ventilation en activité",233
"S1",2001,"C","P1","_T","F",-1,"Ventilation en activité",233
"S1",2001,"C","P1","_T","G",-1,"Ventilation en activité",233
"S1",2001,"C","P1","_T","H",-1,"Ventilation en activité",233
"S1",2001,"C","P1","_T","I",-1,"Ventilation en activité",233
"S1",2001,"C","P1","_T","J",-1,"Ventilation en activité",233
"S1",2001,"C","P1","_T","K",-1,"Ventilation en activité",233
"S1",2001,"C","P1","_T","L",-1,"Ventilation en activité",233
"S1",2001,"C","P1","_T","M",-1,"Ventilation en activité",233
"S1",2001,"C","P1","_T","N",-1,"Ventilation en activité",233
"S1",2001,"C","P1","_T","O",-1,"Ventilation en activité",233
"S1",2001,"C","P1","_T","P",-1,"Ventilation en activité",233
"S1",2001,"C","P1","_T","Q",-1,"Ventilation en activité",233
"S1",2001,"C","P1","_T","R",-1,"Ventilation en activité",233
"S1",2001,"C","P1","_T","S",-1,"Ventilation en activité",233
"S1",2001,"C","P1","_T","T",-1,"Ventilation en activité",233
"S1",1985,"D","D1","_T","_T",1,"Ventilation en activité",234
"S1",1985,"D","D1","_T","A",-1,"Ventilation en activité",234
"S1",1985,"D","D1","_T","B",-1,"Ventilation en activité",234
"S1",1985,"D","D1","_T","C",-1,"Ventilation en activité",234
"S1",1985,"D","D1","_T","D",-1,"Ventilation en activité",234
"S1",1985,"D","D1","_T","E",-1,"Ventilation en activité",234
"S1",1985,"D","D1","_T","F",-1,"Ventilation en activité",234
"S1",1985,"D","D1","_T","G",-1,"Ventilation en activité",234
"S1",1985,"D","D1","_T","H",-1,"Ventilation en activité",234
"S1",1985,"D","D1","_T","I",-1,"Ventilation en activité",234
"S1",1985,"D","D1","_T","J",-1,"Ventilation en activité",234
"S1",1985,"D","D1","_T","K",-1,"Ventilation en activité",234
"S1",1985,"D","D1","_T","L",-1,"Ventilation en activité",234
"S1",1985,"D","D1","_T","M",-1,"Ventilation en activité",234
"S1",1985,"D","D1","_T","N",-1,"Ventilation en activité",234
"S1",1985,"D","D1","_T","O",-1,"Ventilation en activité",234
"S1",1985,"D","D1","_T","P",-1,"Ventilation en activité",234
"S1",1985,"D","D1","_T","Q",-1,"Ventilation en activité",234
"S1",1985,"D","D1","_T","R",-1,"Ventilation en activité",234
"S1",1985,"D","D1","_T","S",-1,"Ventilation en activité",234
"S1",1985,"D","D1","_T","T",-1,"Ventilation en activité",234
"S1",2013,"D","P2","_T","_T",1,"Ventilation en activité",235
"S1",2013,"D","P2","_T","A",-1,"Ventilation en activité",235
"S1",2013,"D","P2","_T","B",-1,"Ventilation en activité",235
"S1",2013,"D","P2","_T","C",-1,"Ventilation en activité",235
"S1",2013,"D","P2","_T","D",-1,"Ventilation en activité",235
"S1",2013,"D","P2","_T","E",-1,"Ventilation en activité",235
"S1",2013,"D","P2","_T","F",-1,"Ventilation en activité",235
"S1",2013,"D","P2","_T","G",-1,"Ventilation en activité",235
"S1",2013,"D","P2","_T","H",-1,"Ventilation en activité",235
"S1",2013,"D","P2","_T","I",-1,"Ventilation en activité",235
"S1",2013,"D","P2","_T","J",-1,"Ventilation en activité",235
"S1",2013,"D","P2","_T","K",-1,"Ventilation en activité",235
"S1",2013,"D","P2","_T","L",-1,"Ventilation en activité",235
"S1",2013,"D","P2","_T","M",-1,"Ventilation en activité",235
"S1",2013,"D","P2","_T","N",-1,"Ventilation en activité",235
"S1",2013,"D","P2","_T","O",-1,"Ventilation en activité",235
"S1",2013,"D","P2","_T","P",-1,"Ventilation en activité",235
"S1",2013,"D","P2","_T","Q",-1,"Ventilation en activité",235
"S1",2013,"D","P2","_T","R",-1,"Ventilation en activité",235
"S1",2013,"D","P2","_T","S",-1,"Ventilation en activité",235
"S1",1995,"D","D11","_T","_T",1,"Ventilation en activité",236
"S1",1995,"D","D11","_T","A",-1,"Ventilation en activité",236
"S1",1995,"D","D11","_T","B",-1,"Ventilation en activité",236
"S1",1995,"D","D11","_T","C",-1,"Ventilation en activité",236
"S1",1995,"D","D11","_T","D",-1,"Ventilation en activité",236
"S1",1995,"D","D11","_T","E",-1,"Ventilation en activité",236
"S1",1995,"D","D11","_T","F",-1,"Ventilation en activité",236
"S1",1995,"D","D11","_T","G",-1,"Ventilation en activité",236
"S1",1995,"D","D11","_T","H",-1,"Ventilation en activité",236
"S1",1995,"D","D11","_T","I",-1,"Ventilation en activité",236
"S1",1995,"D","D11","_T","J",-1,"Ventilation en activité",236
"S1",1995,"D","D11","_T","K",-1,"Ventilation en activité",236
"S1",1995,"D","D11","_T","L",-1,"Ventilation en activité",236
"S1",1995,"D","D11","_T","M",-1,"Ventilation en activité",236
"S1",1995,"D","D11","_T","N",-1,"Ventilation en activité",236
"S1",1995,"D","D11","_T","O",-1,"Ventilation en activité",236
"S1",1995,"D","D11","_T","P",-1,"Ventilation en activité",236
"S1",1995,"D","D11","_T","Q",-1,"Ventilation en activité",236
"S1",1995,"D","D11","_T","R",-1,"Ventilation en activité",236
"S1",1995,"D","D11","_T","S",-1,"Ventilation en activité",236
"S1",1995,"D","D11","_T","T",-1,"Ventilation en activité",236
"S1",2022,"D","P2","_T","_T",1,"Ventilation en activité",237
"S1",2022,"D","P2","_T","A",-1,"Ventilation en activité",237
"S1",2022,"D","P2","_T","B",-1,"Ventilation en activité",237
"S1",2022,"D","P2","_T","C",-1,"Ventilation en activité",237
"S1",2022,"D","P2","_T","D",-1,"Ventilation en activité",237
"S1",2022,"D","P2","_T","E",-1,"Ventilation en activité",237
"S1",2022,"D","P2","_T","F",-1,"Ventilation en activité",237
"S1",2022,"D","P2","_T","G",-1,"Ventilation en activité",237
"S1",2022,"D","P2","_T","H",-1,"Ventilation en activité",237
"S1",2022,"D","P2","_T","I",-1,"Ventilation en activité",237
"S1",2022,"D","P2","_T","J",-1,"Ventilation en activité",237
"S1",2022,"D","P2","_T","K",-1,"Ventilation en activité",237
"S1",2022,"D","P2","_T","L",-1,"Ventilation en activité",237
"S1",2022,"D","P2","_T","M",-1,"Ventilation en activité",237
"S1",2022,"D","P2","_T","N",-1,"Ventilation en activité",237
"S1",2022,"D","P2","_T","O",-1,"Ventilation en activité",237
"S1",2022,"D","P2","_T","P",-1,"Ventilation en activité",237
"S1",2022,"D","P2","_T","Q",-1,"Ventilation en activité",237
"S1",2022,"D","P2","_T","R",-1,"Ventilation en activité",237
"S1",2022,"D","P2","_T","S",-1,"Ventilation en activité",237
"S1",2002,"C","P1","_T","_T",1,"Ventilation en activité",238
"S1",2002,"C","P1","_T","A",-1,"Ventilation en activité",238
"S1",2002,"C","P1","_T","B",-1,"Ventilation en activité",238
"S1",2002,"C","P1","_T","C",-1,"Ventilation en activité",238
"S1",2002,"C","P1","_T","D",-1,"Ventilation en activité",238
"S1",2002,"C","P1","_T","E",-1,"Ventilation en activité",238
"S1",2002,"C","P1","_T","F",-1,"Ventilation en activité",238
"S1",2002,"C","P1","_T","G",-1,"Ventilation en activité",238
"S1",2002,"C","P1","_T","H",-1,"Ventilation en activité",238
"S1",2002,"C","P1","_T","I",-1,"Ventilation en activité",238
"S1",2002,"C","P1","_T","J",-1,"Ventilation en activité",238
"S1",2002,"C","P1","_T","K",-1,"Ventilation en activité",238
"S1",2002,"C","P1","_T","L",-1,"Ventilation en activité",238
"S1",2002,"C","P1","_T","M",-1,"Ventilation en activité",238
"S1",2002,"C","P1","_T","N",-1,"Ventilation en activité",238
"S1",2002,"C","P1","_T","O",-1,"Ventilation en activité",238
"S1",2002,"C","P1","_T","P",-1,"Ventilation en activité",238
"S1",2002,"C","P1","_T","Q",-1,"Ventilation en activité",238
"S1",2002,"C","P1","_T","R",-1,"Ventilation en activité",238
"S1",2002,"C","P1","_T","S",-1,"Ventilation en activité",238
"S1",2002,"C","P1","_T","T",-1,"Ventilation en activité",238
"S1",2004,"D","P51C","_T","_T",1,"Ventilation en activité",239
"S1",2004,"D","P51C","_T","A",-1,"Ventilation en activité",239
"S1",2004,"D","P51C","_T","B",-1,"Ventilation en activité",239
"S1",2004,"D","P51C","_T","C",-1,"Ventilation en activité",239
"S1",2004,"D","P51C","_T","D",-1,"Ventilation en activité",239
"S1",2004,"D","P51C","_T","E",-1,"Ventilation en activité",239
"S1",2004,"D","P51C","_T","F",-1,"Ventilation en activité",239
"S1",2004,"D","P51C","_T","G",-1,"Ventilation en activité",239
"S1",2004,"D","P51C","_T","H",-1,"Ventilation en activité",239
"S1",2004,"D","P51C","_T","I",-1,"Ventilation en activité",239
"S1",2004,"D","P51C","_T","J",-1,"Ventilation en activité",239
"S1",2004,"D","P51C","_T","K",-1,"Ventilation en activité",239
"S1",2004,"D","P51C","_T","L",-1,"Ventilation en activité",239
"S1",2004,"D","P51C","_T","M",-1,"Ventilation en activité",239
"S1",2004,"D","P51C","_T","N",-1,"Ventilation en activité",239
"S1",2004,"D","P51C","_T","O",-1,"Ventilation en activité",239
"S1",2004,"D","P51C","_T","P",-1,"Ventilation en activité",239
"S1",2004,"D","P51C","_T","Q",-1,"Ventilation en activité",239
"S1",2004,"D","P51C","_T","R",-1,"Ventilation en activité",239
"S1",2004,"D","P51C","_T","S",-1,"Ventilation en activité",239
"S1",1990,"B","B1G","_T","_T",1,"Ventilation en activité",240
"S1",1990,"B","B1G","_T","A",-1,"Ventilation en activité",240
"S1",1990,"B","B1G","_T","B",-1,"Ventilation en activité",240
"S1",1990,"B","B1G","_T","C",-1,"Ventilation en activité",240
"S1",1990,"B","B1G","_T","D",-1,"Ventilation en activité",240
"S1",1990,"B","B1G","_T","E",-1,"Ventilation en activité",240
"S1",1990,"B","B1G","_T","F",-1,"Ventilation en activité",240
"S1",1990,"B","B1G","_T","G",-1,"Ventilation en activité",240
"S1",1990,"B","B1G","_T","H",-1,"Ventilation en activité",240
"S1",1990,"B","B1G","_T","I",-1,"Ventilation en activité",240
"S1",1990,"B","B1G","_T","J",-1,"Ventilation en activité",240
"S1",1990,"B","B1G","_T","K",-1,"Ventilation en activité",240
"S1",1990,"B","B1G","_T","L",-1,"Ventilation en activité",240
"S1",1990,"B","B1G","_T","M",-1,"Ventilation en activité",240
"S1",1990,"B","B1G","_T","N",-1,"Ventilation en activité",240
"S1",1990,"B","B1G","_T","O",-1,"Ventilation en activité",240
"S1",1990,"B","B1G","_T","P",-1,"Ventilation en activité",240
"S1",1990,"B","B1G","_T","Q",-1,"Ventilation en activité",240
"S1",1990,"B","B1G","_T","R",-1,"Ventilation en activité",240
"S1",1990,"B","B1G","_T","S",-1,"Ventilation en activité",240
"S1",1990,"B","B1G","_T","T",-1,"Ventilation en activité",240
"S1",1994,"B","B2A3N","_T","_T",1,"Ventilation en activité",241
"S1",1994,"B","B2A3N","_T","A",-1,"Ventilation en activité",241
"S1",1994,"B","B2A3N","_T","B",-1,"Ventilation en activité",241
"S1",1994,"B","B2A3N","_T","C",-1,"Ventilation en activité",241
"S1",1994,"B","B2A3N","_T","D",-1,"Ventilation en activité",241
"S1",1994,"B","B2A3N","_T","E",-1,"Ventilation en activité",241
"S1",1994,"B","B2A3N","_T","F",-1,"Ventilation en activité",241
"S1",1994,"B","B2A3N","_T","G",-1,"Ventilation en activité",241
"S1",1994,"B","B2A3N","_T","H",-1,"Ventilation en activité",241
"S1",1994,"B","B2A3N","_T","I",-1,"Ventilation en activité",241
"S1",1994,"B","B2A3N","_T","J",-1,"Ventilation en activité",241
"S1",1994,"B","B2A3N","_T","K",-1,"Ventilation en activité",241
"S1",1994,"B","B2A3N","_T","L",-1,"Ventilation en activité",241
"S1",1994,"B","B2A3N","_T","M",-1,"Ventilation en activité",241
"S1",1994,"B","B2A3N","_T","N",-1,"Ventilation en activité",241
"S1",1994,"B","B2A3N","_T","O",-1,"Ventilation en activité",241
"S1",1994,"B","B2A3N","_T","P",-1,"Ventilation en activité",241
"S1",1994,"B","B2A3N","_T","Q",-1,"Ventilation en activité",241
"S1",1994,"B","B2A3N","_T","R",-1,"Ventilation en activité",241
"S1",1994,"B","B2A3N","_T","S",-1,"Ventilation en activité",241
"S1",1994,"B","B2A3N","_T","T",-1,"Ventilation en activité",241
"S1",2017,"C","P1","_T","_T",1,"Ventilation en activité",242
"S1",2017,"C","P1","_T","A",-1,"Ventilation en activité",242
"S1",2017,"C","P1","_T","B",-1,"Ventilation en activité",242
"S1",2017,"C","P1","_T","C",-1,"Ventilation en activité",242
"S1",2017,"C","P1","_T","D",-1,"Ventilation en activité",242
"S1",2017,"C","P1","_T","E",-1,"Ventilation en activité",242
"S1",2017,"C","P1","_T","F",-1,"Ventilation en activité",242
"S1",2017,"C","P1","_T","G",-1,"Ventilation en activité",242
"S1",2017,"C","P1","_T","H",-1,"Ventilation en activité",242
"S1",2017,"C","P1","_T","I",-1,"Ventilation en activité",242
"S1",2017,"C","P1","_T","J",-1,"Ventilation en activité",242
"S1",2017,"C","P1","_T","K",-1,"Ventilation en activité",242
"S1",2017,"C","P1","_T","L",-1,"Ventilation en activité",242
"S1",2017,"C","P1","_T","M",-1,"Ventilation en activité",242
"S1",2017,"C","P1","_T","N",-1,"Ventilation en activité",242
"S1",2017,"C","P1","_T","O",-1,"Ventilation en activité",242
"S1",2017,"C","P1","_T","P",-1,"Ventilation en activité",242
"S1",2017,"C","P1","_T","Q",-1,"Ventilation en activité",242
"S1",2017,"C","P1","_T","R",-1,"Ventilation en activité",242
"S1",2017,"C","P1","_T","S",-1,"Ventilation en activité",242
"S1",2017,"C","P1","_T","T",-1,"Ventilation en activité",242
"S1",2001,"D","P51C","_T","_T",1,"Ventilation en activité",243
"S1",2001,"D","P51C","_T","A",-1,"Ventilation en activité",243
"S1",2001,"D","P51C","_T","B",-1,"Ventilation en activité",243
"S1",2001,"D","P51C","_T","C",-1,"Ventilation en activité",243
"S1",2001,"D","P51C","_T","D",-1,"Ventilation en activité",243
"S1",2001,"D","P51C","_T","E",-1,"Ventilation en activité",243
"S1",2001,"D","P51C","_T","F",-1,"Ventilation en activité",243
"S1",2001,"D","P51C","_T","G",-1,"Ventilation en activité",243
"S1",2001,"D","P51C","_T","H",-1,"Ventilation en activité",243
"S1",2001,"D","P51C","_T","I",-1,"Ventilation en activité",243
"S1",2001,"D","P51C","_T","J",-1,"Ventilation en activité",243
"S1",2001,"D","P51C","_T","K",-1,"Ventilation en activité",243
"S1",2001,"D","P51C","_T","L",-1,"Ventilation en activité",243
"S1",2001,"D","P51C","_T","M",-1,"Ventilation en activité",243
"S1",2001,"D","P51C","_T","N",-1,"Ventilation en activité",243
"S1",2001,"D","P51C","_T","O",-1,"Ventilation en activité",243
"S1",2001,"D","P51C","_T","P",-1,"Ventilation en activité",243
"S1",2001,"D","P51C","_T","Q",-1,"Ventilation en activité",243
"S1",2001,"D","P51C","_T","R",-1,"Ventilation en activité",243
"S1",2001,"D","P51C","_T","S",-1,"Ventilation en activité",243
"S1",1999,"D","P2","_T","_T",1,"Ventilation en activité",244
"S1",1999,"D","P2","_T","A",-1,"Ventilation en activité",244
"S1",1999,"D","P2","_T","B",-1,"Ventilation en activité",244
"S1",1999,"D","P2","_T","C",-1,"Ventilation en activité",244
"S1",1999,"D","P2","_T","D",-1,"Ventilation en activité",244
"S1",1999,"D","P2","_T","E",-1,"Ventilation en activité",244
"S1",1999,"D","P2","_T","F",-1,"Ventilation en activité",244
"S1",1999,"D","P2","_T","G",-1,"Ventilation en activité",244
"S1",1999,"D","P2","_T","H",-1,"Ventilation en activité",244
"S1",1999,"D","P2","_T","I",-1,"Ventilation en activité",244
"S1",1999,"D","P2","_T","J",-1,"Ventilation en activité",244
"S1",1999,"D","P2","_T","K",-1,"Ventilation en activité",244
"S1",1999,"D","P2","_T","L",-1,"Ventilation en activité",244
"S1",1999,"D","P2","_T","M",-1,"Ventilation en activité",244
"S1",1999,"D","P2","_T","N",-1,"Ventilation en activité",244
"S1",1999,"D","P2","_T","O",-1,"Ventilation en activité",244
"S1",1999,"D","P2","_T","P",-1,"Ventilation en activité",244
"S1",1999,"D","P2","_T","Q",-1,"Ventilation en activité",244
"S1",1999,"D","P2","_T","R",-1,"Ventilation en activité",244
"S1",1999,"D","P2","_T","S",-1,"Ventilation en activité",244
"S1",1990,"D","P2","_T","_T",1,"Ventilation en activité",245
"S1",1990,"D","P2","_T","A",-1,"Ventilation en activité",245
"S1",1990,"D","P2","_T","B",-1,"Ventilation en activité",245
"S1",1990,"D","P2","_T","C",-1,"Ventilation en activité",245
"S1",1990,"D","P2","_T","D",-1,"Ventilation en activité",245
"S1",1990,"D","P2","_T","E",-1,"Ventilation en activité",245
"S1",1990,"D","P2","_T","F",-1,"Ventilation en activité",245
"S1",1990,"D","P2","_T","G",-1,"Ventilation en activité",245
"S1",1990,"D","P2","_T","H",-1,"Ventilation en activité",245
"S1",1990,"D","P2","_T","I",-1,"Ventilation en activité",245
"S1",1990,"D","P2","_T","J",-1,"Ventilation en activité",245
"S1",1990,"D","P2","_T","K",-1,"Ventilation en activité",245
"S1",1990,"D","P2","_T","L",-1,"Ventilation en activité",245
"S1",1990,"D","P2","_T","M",-1,"Ventilation en activité",245
"S1",1990,"D","P2","_T","N",-1,"Ventilation en activité",245
"S1",1990,"D","P2","_T","O",-1,"Ventilation en activité",245
"S1",1990,"D","P2","_T","P",-1,"Ventilation en activité",245
"S1",1990,"D","P2","_T","Q",-1,"Ventilation en activité",245
"S1",1990,"D","P2","_T","R",-1,"Ventilation en activité",245
"S1",1990,"D","P2","_T","S",-1,"Ventilation en activité",245
"S1",1979,"D","D1","_T","_T",1,"Ventilation en activité",246
"S1",1979,"D","D1","_T","A",-1,"Ventilation en activité",246
"S1",1979,"D","D1","_T","B",-1,"Ventilation en activité",246
"S1",1979,"D","D1","_T","C",-1,"Ventilation en activité",246
"S1",1979,"D","D1","_T","D",-1,"Ventilation en activité",246
"S1",1979,"D","D1","_T","E",-1,"Ventilation en activité",246
"S1",1979,"D","D1","_T","F",-1,"Ventilation en activité",246
"S1",1979,"D","D1","_T","G",-1,"Ventilation en activité",246
"S1",1979,"D","D1","_T","H",-1,"Ventilation en activité",246
"S1",1979,"D","D1","_T","I",-1,"Ventilation en activité",246
"S1",1979,"D","D1","_T","J",-1,"Ventilation en activité",246
"S1",1979,"D","D1","_T","K",-1,"Ventilation en activité",246
"S1",1979,"D","D1","_T","L",-1,"Ventilation en activité",246
"S1",1979,"D","D1","_T","M",-1,"Ventilation en activité",246
"S1",1979,"D","D1","_T","N",-1,"Ventilation en activité",246
"S1",1979,"D","D1","_T","O",-1,"Ventilation en activité",246
"S1",1979,"D","D1","_T","P",-1,"Ventilation en activité",246
"S1",1979,"D","D1","_T","Q",-1,"Ventilation en activité",246
"S1",1979,"D","D1","_T","R",-1,"Ventilation en activité",246
"S1",1979,"D","D1","_T","S",-1,"Ventilation en activité",246
"S1",1979,"D","D1","_T","T",-1,"Ventilation en activité",246
"S1",2003,"D","P51C","_T","_T",1,"Ventilation en activité",247
"S1",2003,"D","P51C","_T","A",-1,"Ventilation en activité",247
"S1",2003,"D","P51C","_T","B",-1,"Ventilation en activité",247
"S1",2003,"D","P51C","_T","C",-1,"Ventilation en activité",247
"S1",2003,"D","P51C","_T","D",-1,"Ventilation en activité",247
"S1",2003,"D","P51C","_T","E",-1,"Ventilation en activité",247
"S1",2003,"D","P51C","_T","F",-1,"Ventilation en activité",247
"S1",2003,"D","P51C","_T","G",-1,"Ventilation en activité",247
"S1",2003,"D","P51C","_T","H",-1,"Ventilation en activité",247
"S1",2003,"D","P51C","_T","I",-1,"Ventilation en activité",247
"S1",2003,"D","P51C","_T","J",-1,"Ventilation en activité",247
"S1",2003,"D","P51C","_T","K",-1,"Ventilation en activité",247
"S1",2003,"D","P51C","_T","L",-1,"Ventilation en activité",247
"S1",2003,"D","P51C","_T","M",-1,"Ventilation en activité",247
"S1",2003,"D","P51C","_T","N",-1,"Ventilation en activité",247
"S1",2003,"D","P51C","_T","O",-1,"Ventilation en activité",247
"S1",2003,"D","P51C","_T","P",-1,"Ventilation en activité",247
"S1",2003,"D","P51C","_T","Q",-1,"Ventilation en activité",247
"S1",2003,"D","P51C","_T","R",-1,"Ventilation en activité",247
"S1",2003,"D","P51C","_T","S",-1,"Ventilation en activité",247
"S1",1978,"B","B2A3N","_T","_T",1,"Ventilation en activité",248
"S1",1978,"B","B2A3N","_T","A",-1,"Ventilation en activité",248
"S1",1978,"B","B2A3N","_T","B",-1,"Ventilation en activité",248
"S1",1978,"B","B2A3N","_T","C",-1,"Ventilation en activité",248
"S1",1978,"B","B2A3N","_T","D",-1,"Ventilation en activité",248
"S1",1978,"B","B2A3N","_T","E",-1,"Ventilation en activité",248
"S1",1978,"B","B2A3N","_T","F",-1,"Ventilation en activité",248
"S1",1978,"B","B2A3N","_T","G",-1,"Ventilation en activité",248
"S1",1978,"B","B2A3N","_T","H",-1,"Ventilation en activité",248
"S1",1978,"B","B2A3N","_T","I",-1,"Ventilation en activité",248
"S1",1978,"B","B2A3N","_T","J",-1,"Ventilation en activité",248
"S1",1978,"B","B2A3N","_T","K",-1,"Ventilation en activité",248
"S1",1978,"B","B2A3N","_T","L",-1,"Ventilation en activité",248
"S1",1978,"B","B2A3N","_T","M",-1,"Ventilation en activité",248
"S1",1978,"B","B2A3N","_T","N",-1,"Ventilation en activité",248
"S1",1978,"B","B2A3N","_T","O",-1,"Ventilation en activité",248
"S1",1978,"B","B2A3N","_T","P",-1,"Ventilation en activité",248
"S1",1978,"B","B2A3N","_T","Q",-1,"Ventilation en activité",248
"S1",1978,"B","B2A3N","_T","R",-1,"Ventilation en activité",248
"S1",1978,"B","B2A3N","_T","S",-1,"Ventilation en activité",248
"S1",1978,"B","B2A3N","_T","T",-1,"Ventilation en activité",248
"S1",2008,"D","D11","_T","_T",1,"Ventilation en activité",249
"S1",2008,"D","D11","_T","A",-1,"Ventilation en activité",249
"S1",2008,"D","D11","_T","B",-1,"Ventilation en activité",249
"S1",2008,"D","D11","_T","C",-1,"Ventilation en activité",249
"S1",2008,"D","D11","_T","D",-1,"Ventilation en activité",249
"S1",2008,"D","D11","_T","E",-1,"Ventilation en activité",249
"S1",2008,"D","D11","_T","F",-1,"Ventilation en activité",249
"S1",2008,"D","D11","_T","G",-1,"Ventilation en activité",249
"S1",2008,"D","D11","_T","H",-1,"Ventilation en activité",249
"S1",2008,"D","D11","_T","I",-1,"Ventilation en activité",249
"S1",2008,"D","D11","_T","J",-1,"Ventilation en activité",249
"S1",2008,"D","D11","_T","K",-1,"Ventilation en activité",249
"S1",2008,"D","D11","_T","L",-1,"Ventilation en activité",249
"S1",2008,"D","D11","_T","M",-1,"Ventilation en activité",249
"S1",2008,"D","D11","_T","N",-1,"Ventilation en activité",249
"S1",2008,"D","D11","_T","O",-1,"Ventilation en activité",249
"S1",2008,"D","D11","_T","P",-1,"Ventilation en activité",249
"S1",2008,"D","D11","_T","Q",-1,"Ventilation en activité",249
"S1",2008,"D","D11","_T","R",-1,"Ventilation en activité",249
"S1",2008,"D","D11","_T","S",-1,"Ventilation en activité",249
"S1",2008,"D","D11","_T","T",-1,"Ventilation en activité",249
"S1",2012,"C","P1","_T","_T",1,"Ventilation en activité",250
"S1",2012,"C","P1","_T","A",-1,"Ventilation en activité",250
"S1",2012,"C","P1","_T","B",-1,"Ventilation en activité",250
"S1",2012,"C","P1","_T","C",-1,"Ventilation en activité",250
"S1",2012,"C","P1","_T","D",-1,"Ventilation en activité",250
"S1",2012,"C","P1","_T","E",-1,"Ventilation en activité",250
"S1",2012,"C","P1","_T","F",-1,"Ventilation en activité",250
"S1",2012,"C","P1","_T","G",-1,"Ventilation en activité",250
"S1",2012,"C","P1","_T","H",-1,"Ventilation en activité",250
"S1",2012,"C","P1","_T","I",-1,"Ventilation en activité",250
"S1",2012,"C","P1","_T","J",-1,"Ventilation en activité",250
"S1",2012,"C","P1","_T","K",-1,"Ventilation en activité",250
"S1",2012,"C","P1","_T","L",-1,"Ventilation en activité",250
"S1",2012,"C","P1","_T","M",-1,"Ventilation en activité",250
"S1",2012,"C","P1","_T","N",-1,"Ventilation en activité",250
"S1",2012,"C","P1","_T","O",-1,"Ventilation en activité",250
"S1",2012,"C","P1","_T","P",-1,"Ventilation en activité",250
"S1",2012,"C","P1","_T","Q",-1,"Ventilation en activité",250
"S1",2012,"C","P1","_T","R",-1,"Ventilation en activité",250
"S1",2012,"C","P1","_T","S",-1,"Ventilation en activité",250
"S1",2012,"C","P1","_T","T",-1,"Ventilation en activité",250
"S1",2018,"D","P51C","_T","_T",1,"Ventilation en activité",251
"S1",2018,"D","P51C","_T","A",-1,"Ventilation en activité",251
"S1",2018,"D","P51C","_T","B",-1,"Ventilation en activité",251
"S1",2018,"D","P51C","_T","C",-1,"Ventilation en activité",251
"S1",2018,"D","P51C","_T","D",-1,"Ventilation en activité",251
"S1",2018,"D","P51C","_T","E",-1,"Ventilation en activité",251
"S1",2018,"D","P51C","_T","F",-1,"Ventilation en activité",251
"S1",2018,"D","P51C","_T","G",-1,"Ventilation en activité",251
"S1",2018,"D","P51C","_T","H",-1,"Ventilation en activité",251
"S1",2018,"D","P51C","_T","I",-1,"Ventilation en activité",251
"S1",2018,"D","P51C","_T","J",-1,"Ventilation en activité",251
"S1",2018,"D","P51C","_T","K",-1,"Ventilation en activité",251
"S1",2018,"D","P51C","_T","L",-1,"Ventilation en activité",251
"S1",2018,"D","P51C","_T","M",-1,"Ventilation en activité",251
"S1",2018,"D","P51C","_T","N",-1,"Ventilation en activité",251
"S1",2018,"D","P51C","_T","O",-1,"Ventilation en activité",251
"S1",2018,"D","P51C","_T","P",-1,"Ventilation en activité",251
"S1",2018,"D","P51C","_T","Q",-1,"Ventilation en activité",251
"S1",2018,"D","P51C","_T","R",-1,"Ventilation en activité",251
"S1",2018,"D","P51C","_T","S",-1,"Ventilation en activité",251
"S1",1986,"D","D1","_T","_T",1,"Ventilation en activité",252
"S1",1986,"D","D1","_T","A",-1,"Ventilation en activité",252
"S1",1986,"D","D1","_T","B",-1,"Ventilation en activité",252
"S1",1986,"D","D1","_T","C",-1,"Ventilation en activité",252
"S1",1986,"D","D1","_T","D",-1,"Ventilation en activité",252
"S1",1986,"D","D1","_T","E",-1,"Ventilation en activité",252
"S1",1986,"D","D1","_T","F",-1,"Ventilation en activité",252
"S1",1986,"D","D1","_T","G",-1,"Ventilation en activité",252
"S1",1986,"D","D1","_T","H",-1,"Ventilation en activité",252
"S1",1986,"D","D1","_T","I",-1,"Ventilation en activité",252
"S1",1986,"D","D1","_T","J",-1,"Ventilation en activité",252
"S1",1986,"D","D1","_T","K",-1,"Ventilation en activité",252
"S1",1986,"D","D1","_T","L",-1,"Ventilation en activité",252
"S1",1986,"D","D1","_T","M",-1,"Ventilation en activité",252
"S1",1986,"D","D1","_T","N",-1,"Ventilation en activité",252
"S1",1986,"D","D1","_T","O",-1,"Ventilation en activité",252
"S1",1986,"D","D1","_T","P",-1,"Ventilation en activité",252
"S1",1986,"D","D1","_T","Q",-1,"Ventilation en activité",252
"S1",1986,"D","D1","_T","R",-1,"Ventilation en activité",252
"S1",1986,"D","D1","_T","S",-1,"Ventilation en activité",252
"S1",1986,"D","D1","_T","T",-1,"Ventilation en activité",252
"S1",2018,"D","P2","_T","_T",1,"Ventilation en activité",253
"S1",2018,"D","P2","_T","A",-1,"Ventilation en activité",253
"S1",2018,"D","P2","_T","B",-1,"Ventilation en activité",253
"S1",2018,"D","P2","_T","C",-1,"Ventilation en activité",253
"S1",2018,"D","P2","_T","D",-1,"Ventilation en activité",253
"S1",2018,"D","P2","_T","E",-1,"Ventilation en activité",253
"S1",2018,"D","P2","_T","F",-1,"Ventilation en activité",253
"S1",2018,"D","P2","_T","G",-1,"Ventilation en activité",253
"S1",2018,"D","P2","_T","H",-1,"Ventilation en activité",253
"S1",2018,"D","P2","_T","I",-1,"Ventilation en activité",253
"S1",2018,"D","P2","_T","J",-1,"Ventilation en activité",253
"S1",2018,"D","P2","_T","K",-1,"Ventilation en activité",253
"S1",2018,"D","P2","_T","L",-1,"Ventilation en activité",253
"S1",2018,"D","P2","_T","M",-1,"Ventilation en activité",253
"S1",2018,"D","P2","_T","N",-1,"Ventilation en activité",253
"S1",2018,"D","P2","_T","O",-1,"Ventilation en activité",253
"S1",2018,"D","P2","_T","P",-1,"Ventilation en activité",253
"S1",2018,"D","P2","_T","Q",-1,"Ventilation en activité",253
"S1",2018,"D","P2","_T","R",-1,"Ventilation en activité",253
"S1",2018,"D","P2","_T","S",-1,"Ventilation en activité",253
"S1",1981,"D","P51C","_T","_T",1,"Ventilation en activité",254
"S1",1981,"D","P51C","_T","A",-1,"Ventilation en activité",254
"S1",1981,"D","P51C","_T","B",-1,"Ventilation en activité",254
"S1",1981,"D","P51C","_T","C",-1,"Ventilation en activité",254
"S1",1981,"D","P51C","_T","D",-1,"Ventilation en activité",254
"S1",1981,"D","P51C","_T","E",-1,"Ventilation en activité",254
"S1",1981,"D","P51C","_T","F",-1,"Ventilation en activité",254
"S1",1981,"D","P51C","_T","G",-1,"Ventilation en activité",254
"S1",1981,"D","P51C","_T","H",-1,"Ventilation en activité",254
"S1",1981,"D","P51C","_T","I",-1,"Ventilation en activité",254
"S1",1981,"D","P51C","_T","J",-1,"Ventilation en activité",254
"S1",1981,"D","P51C","_T","K",-1,"Ventilation en activité",254
"S1",1981,"D","P51C","_T","L",-1,"Ventilation en activité",254
"S1",1981,"D","P51C","_T","M",-1,"Ventilation en activité",254
"S1",1981,"D","P51C","_T","N",-1,"Ventilation en activité",254
"S1",1981,"D","P51C","_T","O",-1,"Ventilation en activité",254
"S1",1981,"D","P51C","_T","P",-1,"Ventilation en activité",254
"S1",1981,"D","P51C","_T","Q",-1,"Ventilation en activité",254
"S1",1981,"D","P51C","_T","R",-1,"Ventilation en activité",254
"S1",1981,"D","P51C","_T","S",-1,"Ventilation en activité",254
"S1",1982,"D","D11","_T","_T",1,"Ventilation en activité",255
"S1",1982,"D","D11","_T","A",-1,"Ventilation en activité",255
"S1",1982,"D","D11","_T","B",-1,"Ventilation en activité",255
"S1",1982,"D","D11","_T","C",-1,"Ventilation en activité",255
"S1",1982,"D","D11","_T","D",-1,"Ventilation en activité",255
"S1",1982,"D","D11","_T","E",-1,"Ventilation en activité",255
"S1",1982,"D","D11","_T","F",-1,"Ventilation en activité",255
"S1",1982,"D","D11","_T","G",-1,"Ventilation en activité",255
"S1",1982,"D","D11","_T","H",-1,"Ventilation en activité",255
"S1",1982,"D","D11","_T","I",-1,"Ventilation en activité",255
"S1",1982,"D","D11","_T","J",-1,"Ventilation en activité",255
"S1",1982,"D","D11","_T","K",-1,"Ventilation en activité",255
"S1",1982,"D","D11","_T","L",-1,"Ventilation en activité",255
"S1",1982,"D","D11","_T","M",-1,"Ventilation en activité",255
"S1",1982,"D","D11","_T","N",-1,"Ventilation en activité",255
"S1",1982,"D","D11","_T","O",-1,"Ventilation en activité",255
"S1",1982,"D","D11","_T","P",-1,"Ventilation en activité",255
"S1",1982,"D","D11","_T","Q",-1,"Ventilation en activité",255
"S1",1982,"D","D11","_T","R",-1,"Ventilation en activité",255
"S1",1982,"D","D11","_T","S",-1,"Ventilation en activité",255
"S1",1982,"D","D11","_T","T",-1,"Ventilation en activité",255
"S1",2019,"D","P2","_T","_T",1,"Ventilation en activité",256
"S1",2019,"D","P2","_T","A",-1,"Ventilation en activité",256
"S1",2019,"D","P2","_T","B",-1,"Ventilation en activité",256
"S1",2019,"D","P2","_T","C",-1,"Ventilation en activité",256
"S1",2019,"D","P2","_T","D",-1,"Ventilation en activité",256
"S1",2019,"D","P2","_T","E",-1,"Ventilation en activité",256
"S1",2019,"D","P2","_T","F",-1,"Ventilation en activité",256
"S1",2019,"D","P2","_T","G",-1,"Ventilation en activité",256
"S1",2019,"D","P2","_T","H",-1,"Ventilation en activité",256
"S1",2019,"D","P2","_T","I",-1,"Ventilation en activité",256
"S1",2019,"D","P2","_T","J",-1,"Ventilation en activité",256
"S1",2019,"D","P2","_T","K",-1,"Ventilation en activité",256
"S1",2019,"D","P2","_T","L",-1,"Ventilation en activité",256
"S1",2019,"D","P2","_T","M",-1,"Ventilation en activité",256
"S1",2019,"D","P2","_T","N",-1,"Ventilation en activité",256
"S1",2019,"D","P2","_T","O",-1,"Ventilation en activité",256
"S1",2019,"D","P2","_T","P",-1,"Ventilation en activité",256
"S1",2019,"D","P2","_T","Q",-1,"Ventilation en activité",256
"S1",2019,"D","P2","_T","R",-1,"Ventilation en activité",256
"S1",2019,"D","P2","_T","S",-1,"Ventilation en activité",256
"S1",1991,"D","D1","_T","_T",1,"Ventilation en activité",257
"S1",1991,"D","D1","_T","A",-1,"Ventilation en activité",257
"S1",1991,"D","D1","_T","B",-1,"Ventilation en activité",257
"S1",1991,"D","D1","_T","C",-1,"Ventilation en activité",257
"S1",1991,"D","D1","_T","D",-1,"Ventilation en activité",257
"S1",1991,"D","D1","_T","E",-1,"Ventilation en activité",257
"S1",1991,"D","D1","_T","F",-1,"Ventilation en activité",257
"S1",1991,"D","D1","_T","G",-1,"Ventilation en activité",257
"S1",1991,"D","D1","_T","H",-1,"Ventilation en activité",257
"S1",1991,"D","D1","_T","I",-1,"Ventilation en activité",257
"S1",1991,"D","D1","_T","J",-1,"Ventilation en activité",257
"S1",1991,"D","D1","_T","K",-1,"Ventilation en activité",257
"S1",1991,"D","D1","_T","L",-1,"Ventilation en activité",257
"S1",1991,"D","D1","_T","M",-1,"Ventilation en activité",257
"S1",1991,"D","D1","_T","N",-1,"Ventilation en activité",257
"S1",1991,"D","D1","_T","O",-1,"Ventilation en activité",257
"S1",1991,"D","D1","_T","P",-1,"Ventilation en activité",257
"S1",1991,"D","D1","_T","Q",-1,"Ventilation en activité",257
"S1",1991,"D","D1","_T","R",-1,"Ventilation en activité",257
"S1",1991,"D","D1","_T","S",-1,"Ventilation en activité",257
"S1",1991,"D","D1","_T","T",-1,"Ventilation en activité",257
"S1",1980,"D","D11","_T","_T",1,"Ventilation en activité",258
"S1",1980,"D","D11","_T","A",-1,"Ventilation en activité",258
"S1",1980,"D","D11","_T","B",-1,"Ventilation en activité",258
"S1",1980,"D","D11","_T","C",-1,"Ventilation en activité",258
"S1",1980,"D","D11","_T","D",-1,"Ventilation en activité",258
"S1",1980,"D","D11","_T","E",-1,"Ventilation en activité",258
"S1",1980,"D","D11","_T","F",-1,"Ventilation en activité",258
"S1",1980,"D","D11","_T","G",-1,"Ventilation en activité",258
"S1",1980,"D","D11","_T","H",-1,"Ventilation en activité",258
"S1",1980,"D","D11","_T","I",-1,"Ventilation en activité",258
"S1",1980,"D","D11","_T","J",-1,"Ventilation en activité",258
"S1",1980,"D","D11","_T","K",-1,"Ventilation en activité",258
"S1",1980,"D","D11","_T","L",-1,"Ventilation en activité",258
"S1",1980,"D","D11","_T","M",-1,"Ventilation en activité",258
"S1",1980,"D","D11","_T","N",-1,"Ventilation en activité",258
"S1",1980,"D","D11","_T","O",-1,"Ventilation en activité",258
"S1",1980,"D","D11","_T","P",-1,"Ventilation en activité",258
"S1",1980,"D","D11","_T","Q",-1,"Ventilation en activité",258
"S1",1980,"D","D11","_T","R",-1,"Ventilation en activité",258
"S1",1980,"D","D11","_T","S",-1,"Ventilation en activité",258
"S1",1980,"D","D11","_T","T",-1,"Ventilation en activité",258
"S1",2007,"D","D11","_T","_T",1,"Ventilation en activité",259
"S1",2007,"D","D11","_T","A",-1,"Ventilation en activité",259
"S1",2007,"D","D11","_T","B",-1,"Ventilation en activité",259
"S1",2007,"D","D11","_T","C",-1,"Ventilation en activité",259
"S1",2007,"D","D11","_T","D",-1,"Ventilation en activité",259
"S1",2007,"D","D11","_T","E",-1,"Ventilation en activité",259
"S1",2007,"D","D11","_T","F",-1,"Ventilation en activité",259
"S1",2007,"D","D11","_T","G",-1,"Ventilation en activité",259
"S1",2007,"D","D11","_T","H",-1,"Ventilation en activité",259
"S1",2007,"D","D11","_T","I",-1,"Ventilation en activité",259
"S1",2007,"D","D11","_T","J",-1,"Ventilation en activité",259
"S1",2007,"D","D11","_T","K",-1,"Ventilation en activité",259
"S1",2007,"D","D11","_T","L",-1,"Ventilation en activité",259
"S1",2007,"D","D11","_T","M",-1,"Ventilation en activité",259
"S1",2007,"D","D11","_T","N",-1,"Ventilation en activité",259
"S1",2007,"D","D11","_T","O",-1,"Ventilation en activité",259
"S1",2007,"D","D11","_T","P",-1,"Ventilation en activité",259
"S1",2007,"D","D11","_T","Q",-1,"Ventilation en activité",259
"S1",2007,"D","D11","_T","R",-1,"Ventilation en activité",259
"S1",2007,"D","D11","_T","S",-1,"Ventilation en activité",259
"S1",2007,"D","D11","_T","T",-1,"Ventilation en activité",259
"S1",1985,"D","P51C","_T","_T",1,"Ventilation en activité",260
"S1",1985,"D","P51C","_T","A",-1,"Ventilation en activité",260
"S1",1985,"D","P51C","_T","B",-1,"Ventilation en activité",260
"S1",1985,"D","P51C","_T","C",-1,"Ventilation en activité",260
"S1",1985,"D","P51C","_T","D",-1,"Ventilation en activité",260
"S1",1985,"D","P51C","_T","E",-1,"Ventilation en activité",260
"S1",1985,"D","P51C","_T","F",-1,"Ventilation en activité",260
"S1",1985,"D","P51C","_T","G",-1,"Ventilation en activité",260
"S1",1985,"D","P51C","_T","H",-1,"Ventilation en activité",260
"S1",1985,"D","P51C","_T","I",-1,"Ventilation en activité",260
"S1",1985,"D","P51C","_T","J",-1,"Ventilation en activité",260
"S1",1985,"D","P51C","_T","K",-1,"Ventilation en activité",260
"S1",1985,"D","P51C","_T","L",-1,"Ventilation en activité",260
"S1",1985,"D","P51C","_T","M",-1,"Ventilation en activité",260
"S1",1985,"D","P51C","_T","N",-1,"Ventilation en activité",260
"S1",1985,"D","P51C","_T","O",-1,"Ventilation en activité",260
"S1",1985,"D","P51C","_T","P",-1,"Ventilation en activité",260
"S1",1985,"D","P51C","_T","Q",-1,"Ventilation en activité",260
"S1",1985,"D","P51C","_T","R",-1,"Ventilation en activité",260
"S1",1985,"D","P51C","_T","S",-1,"Ventilation en activité",260
"S1",2019,"D","P52","_T","_T",1,"Ventilation en activité",261
"S1",2019,"D","P52","_T","A",-1,"Ventilation en activité",261
"S1",2019,"D","P52","_T","B",-1,"Ventilation en activité",261
"S1",2019,"D","P52","_T","C",-1,"Ventilation en activité",261
"S1",2019,"D","P52","_T","D",-1,"Ventilation en activité",261
"S1",2019,"D","P52","_T","E",-1,"Ventilation en activité",261
"S1",2019,"D","P52","_T","F",-1,"Ventilation en activité",261
"S1",2019,"D","P52","_T","G",-1,"Ventilation en activité",261
"S1",2019,"D","P52","_T","H",-1,"Ventilation en activité",261
"S1",2019,"D","P52","_T","I",-1,"Ventilation en activité",261
"S1",2019,"D","P52","_T","J",-1,"Ventilation en activité",261
"S1",2019,"D","P52","_T","K",-1,"Ventilation en activité",261
"S1",2019,"D","P52","_T","L",-1,"Ventilation en activité",261
"S1",2019,"D","P52","_T","M",-1,"Ventilation en activité",261
"S1",2019,"D","P52","_T","N",-1,"Ventilation en activité",261
"S1",2019,"D","P52","_T","O",-1,"Ventilation en activité",261
"S1",2019,"D","P52","_T","P",-1,"Ventilation en activité",261
"S1",2019,"D","P52","_T","Q",-1,"Ventilation en activité",261
"S1",2019,"D","P52","_T","R",-1,"Ventilation en activité",261
"S1",2019,"D","P52","_T","S",-1,"Ventilation en activité",261
"S1",2019,"D","P52","_T","T",-1,"Ventilation en activité",261
"S1",2019,"D","P52","_T","U",-1,"Ventilation en activité",261
"S1",1998,"D","P52","_T","_T",1,"Ventilation en activité",262
"S1",1998,"D","P52","_T","A",-1,"Ventilation en activité",262
"S1",1998,"D","P52","_T","B",-1,"Ventilation en activité",262
"S1",1998,"D","P52","_T","C",-1,"Ventilation en activité",262
"S1",1998,"D","P52","_T","D",-1,"Ventilation en activité",262
"S1",1998,"D","P52","_T","E",-1,"Ventilation en activité",262
"S1",1998,"D","P52","_T","F",-1,"Ventilation en activité",262
"S1",1998,"D","P52","_T","G",-1,"Ventilation en activité",262
"S1",1998,"D","P52","_T","H",-1,"Ventilation en activité",262
"S1",1998,"D","P52","_T","I",-1,"Ventilation en activité",262
"S1",1998,"D","P52","_T","J",-1,"Ventilation en activité",262
"S1",1998,"D","P52","_T","K",-1,"Ventilation en activité",262
"S1",1998,"D","P52","_T","L",-1,"Ventilation en activité",262
"S1",1998,"D","P52","_T","M",-1,"Ventilation en activité",262
"S1",1998,"D","P52","_T","N",-1,"Ventilation en activité",262
"S1",1998,"D","P52","_T","O",-1,"Ventilation en activité",262
"S1",1998,"D","P52","_T","P",-1,"Ventilation en activité",262
"S1",1998,"D","P52","_T","Q",-1,"Ventilation en activité",262
"S1",1998,"D","P52","_T","R",-1,"Ventilation en activité",262
"S1",1998,"D","P52","_T","S",-1,"Ventilation en activité",262
"S1",1998,"D","P52","_T","T",-1,"Ventilation en activité",262
"S1",1998,"D","P52","_T","U",-1,"Ventilation en activité",262
"S1",1981,"C","P1","_T","_T",1,"Ventilation en activité",263
"S1",1981,"C","P1","_T","A",-1,"Ventilation en activité",263
"S1",1981,"C","P1","_T","B",-1,"Ventilation en activité",263
"S1",1981,"C","P1","_T","C",-1,"Ventilation en activité",263
"S1",1981,"C","P1","_T","D",-1,"Ventilation en activité",263
"S1",1981,"C","P1","_T","E",-1,"Ventilation en activité",263
"S1",1981,"C","P1","_T","F",-1,"Ventilation en activité",263
"S1",1981,"C","P1","_T","G",-1,"Ventilation en activité",263
"S1",1981,"C","P1","_T","H",-1,"Ventilation en activité",263
"S1",1981,"C","P1","_T","I",-1,"Ventilation en activité",263
"S1",1981,"C","P1","_T","J",-1,"Ventilation en activité",263
"S1",1981,"C","P1","_T","K",-1,"Ventilation en activité",263
"S1",1981,"C","P1","_T","L",-1,"Ventilation en activité",263
"S1",1981,"C","P1","_T","M",-1,"Ventilation en activité",263
"S1",1981,"C","P1","_T","N",-1,"Ventilation en activité",263
"S1",1981,"C","P1","_T","O",-1,"Ventilation en activité",263
"S1",1981,"C","P1","_T","P",-1,"Ventilation en activité",263
"S1",1981,"C","P1","_T","Q",-1,"Ventilation en activité",263
"S1",1981,"C","P1","_T","R",-1,"Ventilation en activité",263
"S1",1981,"C","P1","_T","S",-1,"Ventilation en activité",263
"S1",1981,"C","P1","_T","T",-1,"Ventilation en activité",263
"S1",1983,"D","D11","_T","_T",1,"Ventilation en activité",264
"S1",1983,"D","D11","_T","A",-1,"Ventilation en activité",264
"S1",1983,"D","D11","_T","B",-1,"Ventilation en activité",264
"S1",1983,"D","D11","_T","C",-1,"Ventilation en activité",264
"S1",1983,"D","D11","_T","D",-1,"Ventilation en activité",264
"S1",1983,"D","D11","_T","E",-1,"Ventilation en activité",264
"S1",1983,"D","D11","_T","F",-1,"Ventilation en activité",264
"S1",1983,"D","D11","_T","G",-1,"Ventilation en activité",264
"S1",1983,"D","D11","_T","H",-1,"Ventilation en activité",264
"S1",1983,"D","D11","_T","I",-1,"Ventilation en activité",264
"S1",1983,"D","D11","_T","J",-1,"Ventilation en activité",264
"S1",1983,"D","D11","_T","K",-1,"Ventilation en activité",264
"S1",1983,"D","D11","_T","L",-1,"Ventilation en activité",264
"S1",1983,"D","D11","_T","M",-1,"Ventilation en activité",264
"S1",1983,"D","D11","_T","N",-1,"Ventilation en activité",264
"S1",1983,"D","D11","_T","O",-1,"Ventilation en activité",264
"S1",1983,"D","D11","_T","P",-1,"Ventilation en activité",264
"S1",1983,"D","D11","_T","Q",-1,"Ventilation en activité",264
"S1",1983,"D","D11","_T","R",-1,"Ventilation en activité",264
"S1",1983,"D","D11","_T","S",-1,"Ventilation en activité",264
"S1",1983,"D","D11","_T","T",-1,"Ventilation en activité",264
"S1",1979,"C","P1","_T","_T",1,"Ventilation en activité",265
"S1",1979,"C","P1","_T","A",-1,"Ventilation en activité",265
"S1",1979,"C","P1","_T","B",-1,"Ventilation en activité",265
"S1",1979,"C","P1","_T","C",-1,"Ventilation en activité",265
"S1",1979,"C","P1","_T","D",-1,"Ventilation en activité",265
"S1",1979,"C","P1","_T","E",-1,"Ventilation en activité",265
"S1",1979,"C","P1","_T","F",-1,"Ventilation en activité",265
"S1",1979,"C","P1","_T","G",-1,"Ventilation en activité",265
"S1",1979,"C","P1","_T","H",-1,"Ventilation en activité",265
"S1",1979,"C","P1","_T","I",-1,"Ventilation en activité",265
"S1",1979,"C","P1","_T","J",-1,"Ventilation en activité",265
"S1",1979,"C","P1","_T","K",-1,"Ventilation en activité",265
"S1",1979,"C","P1","_T","L",-1,"Ventilation en activité",265
"S1",1979,"C","P1","_T","M",-1,"Ventilation en activité",265
"S1",1979,"C","P1","_T","N",-1,"Ventilation en activité",265
"S1",1979,"C","P1","_T","O",-1,"Ventilation en activité",265
"S1",1979,"C","P1","_T","P",-1,"Ventilation en activité",265
"S1",1979,"C","P1","_T","Q",-1,"Ventilation en activité",265
"S1",1979,"C","P1","_T","R",-1,"Ventilation en activité",265
"S1",1979,"C","P1","_T","S",-1,"Ventilation en activité",265
"S1",1979,"C","P1","_T","T",-1,"Ventilation en activité",265
"S1",2017,"D","P52","_T","_T",1,"Ventilation en activité",266
"S1",2017,"D","P52","_T","A",-1,"Ventilation en activité",266
"S1",2017,"D","P52","_T","B",-1,"Ventilation en activité",266
"S1",2017,"D","P52","_T","C",-1,"Ventilation en activité",266
"S1",2017,"D","P52","_T","D",-1,"Ventilation en activité",266
"S1",2017,"D","P52","_T","E",-1,"Ventilation en activité",266
"S1",2017,"D","P52","_T","F",-1,"Ventilation en activité",266
"S1",2017,"D","P52","_T","G",-1,"Ventilation en activité",266
"S1",2017,"D","P52","_T","H",-1,"Ventilation en activité",266
"S1",2017,"D","P52","_T","I",-1,"Ventilation en activité",266
"S1",2017,"D","P52","_T","J",-1,"Ventilation en activité",266
"S1",2017,"D","P52","_T","K",-1,"Ventilation en activité",266
"S1",2017,"D","P52","_T","L",-1,"Ventilation en activité",266
"S1",2017,"D","P52","_T","M",-1,"Ventilation en activité",266
"S1",2017,"D","P52","_T","N",-1,"Ventilation en activité",266
"S1",2017,"D","P52","_T","O",-1,"Ventilation en activité",266
"S1",2017,"D","P52","_T","P",-1,"Ventilation en activité",266
"S1",2017,"D","P52","_T","Q",-1,"Ventilation en activité",266
"S1",2017,"D","P52","_T","R",-1,"Ventilation en activité",266
"S1",2017,"D","P52","_T","S",-1,"Ventilation en activité",266
"S1",2017,"D","P52","_T","T",-1,"Ventilation en activité",266
"S1",2017,"D","P52","_T","U",-1,"Ventilation en activité",266
"S1",1982,"B","B2A3N","_T","_T",1,"Ventilation en activité",267
"S1",1982,"B","B2A3N","_T","A",-1,"Ventilation en activité",267
"S1",1982,"B","B2A3N","_T","B",-1,"Ventilation en activité",267
"S1",1982,"B","B2A3N","_T","C",-1,"Ventilation en activité",267
"S1",1982,"B","B2A3N","_T","D",-1,"Ventilation en activité",267
"S1",1982,"B","B2A3N","_T","E",-1,"Ventilation en activité",267
"S1",1982,"B","B2A3N","_T","F",-1,"Ventilation en activité",267
"S1",1982,"B","B2A3N","_T","G",-1,"Ventilation en activité",267
"S1",1982,"B","B2A3N","_T","H",-1,"Ventilation en activité",267
"S1",1982,"B","B2A3N","_T","I",-1,"Ventilation en activité",267
"S1",1982,"B","B2A3N","_T","J",-1,"Ventilation en activité",267
"S1",1982,"B","B2A3N","_T","K",-1,"Ventilation en activité",267
"S1",1982,"B","B2A3N","_T","L",-1,"Ventilation en activité",267
"S1",1982,"B","B2A3N","_T","M",-1,"Ventilation en activité",267
"S1",1982,"B","B2A3N","_T","N",-1,"Ventilation en activité",267
"S1",1982,"B","B2A3N","_T","O",-1,"Ventilation en activité",267
"S1",1982,"B","B2A3N","_T","P",-1,"Ventilation en activité",267
"S1",1982,"B","B2A3N","_T","Q",-1,"Ventilation en activité",267
"S1",1982,"B","B2A3N","_T","R",-1,"Ventilation en activité",267
"S1",1982,"B","B2A3N","_T","S",-1,"Ventilation en activité",267
"S1",1982,"B","B2A3N","_T","T",-1,"Ventilation en activité",267
"S1",2013,"D","P52","_T","_T",1,"Ventilation en activité",268
"S1",2013,"D","P52","_T","A",-1,"Ventilation en activité",268
"S1",2013,"D","P52","_T","B",-1,"Ventilation en activité",268
"S1",2013,"D","P52","_T","C",-1,"Ventilation en activité",268
"S1",2013,"D","P52","_T","D",-1,"Ventilation en activité",268
"S1",2013,"D","P52","_T","E",-1,"Ventilation en activité",268
"S1",2013,"D","P52","_T","F",-1,"Ventilation en activité",268
"S1",2013,"D","P52","_T","G",-1,"Ventilation en activité",268
"S1",2013,"D","P52","_T","H",-1,"Ventilation en activité",268
"S1",2013,"D","P52","_T","I",-1,"Ventilation en activité",268
"S1",2013,"D","P52","_T","J",-1,"Ventilation en activité",268
"S1",2013,"D","P52","_T","K",-1,"Ventilation en activité",268
"S1",2013,"D","P52","_T","L",-1,"Ventilation en activité",268
"S1",2013,"D","P52","_T","M",-1,"Ventilation en activité",268
"S1",2013,"D","P52","_T","N",-1,"Ventilation en activité",268
"S1",2013,"D","P52","_T","O",-1,"Ventilation en activité",268
"S1",2013,"D","P52","_T","P",-1,"Ventilation en activité",268
"S1",2013,"D","P52","_T","Q",-1,"Ventilation en activité",268
"S1",2013,"D","P52","_T","R",-1,"Ventilation en activité",268
"S1",2013,"D","P52","_T","S",-1,"Ventilation en activité",268
"S1",2013,"D","P52","_T","T",-1,"Ventilation en activité",268
"S1",2013,"D","P52","_T","U",-1,"Ventilation en activité",268
"S1",1996,"D","D1","_T","_T",1,"Ventilation en activité",269
"S1",1996,"D","D1","_T","A",-1,"Ventilation en activité",269
"S1",1996,"D","D1","_T","B",-1,"Ventilation en activité",269
"S1",1996,"D","D1","_T","C",-1,"Ventilation en activité",269
"S1",1996,"D","D1","_T","D",-1,"Ventilation en activité",269
"S1",1996,"D","D1","_T","E",-1,"Ventilation en activité",269
"S1",1996,"D","D1","_T","F",-1,"Ventilation en activité",269
"S1",1996,"D","D1","_T","G",-1,"Ventilation en activité",269
"S1",1996,"D","D1","_T","H",-1,"Ventilation en activité",269
"S1",1996,"D","D1","_T","I",-1,"Ventilation en activité",269
"S1",1996,"D","D1","_T","J",-1,"Ventilation en activité",269
"S1",1996,"D","D1","_T","K",-1,"Ventilation en activité",269
"S1",1996,"D","D1","_T","L",-1,"Ventilation en activité",269
"S1",1996,"D","D1","_T","M",-1,"Ventilation en activité",269
"S1",1996,"D","D1","_T","N",-1,"Ventilation en activité",269
"S1",1996,"D","D1","_T","O",-1,"Ventilation en activité",269
"S1",1996,"D","D1","_T","P",-1,"Ventilation en activité",269
"S1",1996,"D","D1","_T","Q",-1,"Ventilation en activité",269
"S1",1996,"D","D1","_T","R",-1,"Ventilation en activité",269
"S1",1996,"D","D1","_T","S",-1,"Ventilation en activité",269
"S1",1996,"D","D1","_T","T",-1,"Ventilation en activité",269
"S1",1987,"D","P51C","_T","_T",1,"Ventilation en activité",270
"S1",1987,"D","P51C","_T","A",-1,"Ventilation en activité",270
"S1",1987,"D","P51C","_T","B",-1,"Ventilation en activité",270
"S1",1987,"D","P51C","_T","C",-1,"Ventilation en activité",270
"S1",1987,"D","P51C","_T","D",-1,"Ventilation en activité",270
"S1",1987,"D","P51C","_T","E",-1,"Ventilation en activité",270
"S1",1987,"D","P51C","_T","F",-1,"Ventilation en activité",270
"S1",1987,"D","P51C","_T","G",-1,"Ventilation en activité",270
"S1",1987,"D","P51C","_T","H",-1,"Ventilation en activité",270
"S1",1987,"D","P51C","_T","I",-1,"Ventilation en activité",270
"S1",1987,"D","P51C","_T","J",-1,"Ventilation en activité",270
"S1",1987,"D","P51C","_T","K",-1,"Ventilation en activité",270
"S1",1987,"D","P51C","_T","L",-1,"Ventilation en activité",270
"S1",1987,"D","P51C","_T","M",-1,"Ventilation en activité",270
"S1",1987,"D","P51C","_T","N",-1,"Ventilation en activité",270
"S1",1987,"D","P51C","_T","O",-1,"Ventilation en activité",270
"S1",1987,"D","P51C","_T","P",-1,"Ventilation en activité",270
"S1",1987,"D","P51C","_T","Q",-1,"Ventilation en activité",270
"S1",1987,"D","P51C","_T","R",-1,"Ventilation en activité",270
"S1",1987,"D","P51C","_T","S",-1,"Ventilation en activité",270
"S1",1983,"D","D1","_T","_T",1,"Ventilation en activité",271
"S1",1983,"D","D1","_T","A",-1,"Ventilation en activité",271
"S1",1983,"D","D1","_T","B",-1,"Ventilation en activité",271
"S1",1983,"D","D1","_T","C",-1,"Ventilation en activité",271
"S1",1983,"D","D1","_T","D",-1,"Ventilation en activité",271
"S1",1983,"D","D1","_T","E",-1,"Ventilation en activité",271
"S1",1983,"D","D1","_T","F",-1,"Ventilation en activité",271
"S1",1983,"D","D1","_T","G",-1,"Ventilation en activité",271
"S1",1983,"D","D1","_T","H",-1,"Ventilation en activité",271
"S1",1983,"D","D1","_T","I",-1,"Ventilation en activité",271
"S1",1983,"D","D1","_T","J",-1,"Ventilation en activité",271
"S1",1983,"D","D1","_T","K",-1,"Ventilation en activité",271
"S1",1983,"D","D1","_T","L",-1,"Ventilation en activité",271
"S1",1983,"D","D1","_T","M",-1,"Ventilation en activité",271
"S1",1983,"D","D1","_T","N",-1,"Ventilation en activité",271
"S1",1983,"D","D1","_T","O",-1,"Ventilation en activité",271
"S1",1983,"D","D1","_T","P",-1,"Ventilation en activité",271
"S1",1983,"D","D1","_T","Q",-1,"Ventilation en activité",271
"S1",1983,"D","D1","_T","R",-1,"Ventilation en activité",271
"S1",1983,"D","D1","_T","S",-1,"Ventilation en activité",271
"S1",1983,"D","D1","_T","T",-1,"Ventilation en activité",271
"S1",2017,"D","P51C","_T","_T",1,"Ventilation en activité",272
"S1",2017,"D","P51C","_T","A",-1,"Ventilation en activité",272
"S1",2017,"D","P51C","_T","B",-1,"Ventilation en activité",272
"S1",2017,"D","P51C","_T","C",-1,"Ventilation en activité",272
"S1",2017,"D","P51C","_T","D",-1,"Ventilation en activité",272
"S1",2017,"D","P51C","_T","E",-1,"Ventilation en activité",272
"S1",2017,"D","P51C","_T","F",-1,"Ventilation en activité",272
"S1",2017,"D","P51C","_T","G",-1,"Ventilation en activité",272
"S1",2017,"D","P51C","_T","H",-1,"Ventilation en activité",272
"S1",2017,"D","P51C","_T","I",-1,"Ventilation en activité",272
"S1",2017,"D","P51C","_T","J",-1,"Ventilation en activité",272
"S1",2017,"D","P51C","_T","K",-1,"Ventilation en activité",272
"S1",2017,"D","P51C","_T","L",-1,"Ventilation en activité",272
"S1",2017,"D","P51C","_T","M",-1,"Ventilation en activité",272
"S1",2017,"D","P51C","_T","N",-1,"Ventilation en activité",272
"S1",2017,"D","P51C","_T","O",-1,"Ventilation en activité",272
"S1",2017,"D","P51C","_T","P",-1,"Ventilation en activité",272
"S1",2017,"D","P51C","_T","Q",-1,"Ventilation en activité",272
"S1",2017,"D","P51C","_T","R",-1,"Ventilation en activité",272
"S1",2017,"D","P51C","_T","S",-1,"Ventilation en activité",272
"S1",2002,"D","P51C","_T","_T",1,"Ventilation en activité",273
"S1",2002,"D","P51C","_T","A",-1,"Ventilation en activité",273
"S1",2002,"D","P51C","_T","B",-1,"Ventilation en activité",273
"S1",2002,"D","P51C","_T","C",-1,"Ventilation en activité",273
"S1",2002,"D","P51C","_T","D",-1,"Ventilation en activité",273
"S1",2002,"D","P51C","_T","E",-1,"Ventilation en activité",273
"S1",2002,"D","P51C","_T","F",-1,"Ventilation en activité",273
"S1",2002,"D","P51C","_T","G",-1,"Ventilation en activité",273
"S1",2002,"D","P51C","_T","H",-1,"Ventilation en activité",273
"S1",2002,"D","P51C","_T","I",-1,"Ventilation en activité",273
"S1",2002,"D","P51C","_T","J",-1,"Ventilation en activité",273
"S1",2002,"D","P51C","_T","K",-1,"Ventilation en activité",273
"S1",2002,"D","P51C","_T","L",-1,"Ventilation en activité",273
"S1",2002,"D","P51C","_T","M",-1,"Ventilation en activité",273
"S1",2002,"D","P51C","_T","N",-1,"Ventilation en activité",273
"S1",2002,"D","P51C","_T","O",-1,"Ventilation en activité",273
"S1",2002,"D","P51C","_T","P",-1,"Ventilation en activité",273
"S1",2002,"D","P51C","_T","Q",-1,"Ventilation en activité",273
"S1",2002,"D","P51C","_T","R",-1,"Ventilation en activité",273
"S1",2002,"D","P51C","_T","S",-1,"Ventilation en activité",273
"S1",2008,"D","P2","_T","_T",1,"Ventilation en activité",274
"S1",2008,"D","P2","_T","A",-1,"Ventilation en activité",274
"S1",2008,"D","P2","_T","B",-1,"Ventilation en activité",274
"S1",2008,"D","P2","_T","C",-1,"Ventilation en activité",274
"S1",2008,"D","P2","_T","D",-1,"Ventilation en activité",274
"S1",2008,"D","P2","_T","E",-1,"Ventilation en activité",274
"S1",2008,"D","P2","_T","F",-1,"Ventilation en activité",274
"S1",2008,"D","P2","_T","G",-1,"Ventilation en activité",274
"S1",2008,"D","P2","_T","H",-1,"Ventilation en activité",274
"S1",2008,"D","P2","_T","I",-1,"Ventilation en activité",274
"S1",2008,"D","P2","_T","J",-1,"Ventilation en activité",274
"S1",2008,"D","P2","_T","K",-1,"Ventilation en activité",274
"S1",2008,"D","P2","_T","L",-1,"Ventilation en activité",274
"S1",2008,"D","P2","_T","M",-1,"Ventilation en activité",274
"S1",2008,"D","P2","_T","N",-1,"Ventilation en activité",274
"S1",2008,"D","P2","_T","O",-1,"Ventilation en activité",274
"S1",2008,"D","P2","_T","P",-1,"Ventilation en activité",274
"S1",2008,"D","P2","_T","Q",-1,"Ventilation en activité",274
"S1",2008,"D","P2","_T","R",-1,"Ventilation en activité",274
"S1",2008,"D","P2","_T","S",-1,"Ventilation en activité",274
"S1",2005,"C","P1","_T","_T",1,"Ventilation en activité",275
"S1",2005,"C","P1","_T","A",-1,"Ventilation en activité",275
"S1",2005,"C","P1","_T","B",-1,"Ventilation en activité",275
"S1",2005,"C","P1","_T","C",-1,"Ventilation en activité",275
"S1",2005,"C","P1","_T","D",-1,"Ventilation en activité",275
"S1",2005,"C","P1","_T","E",-1,"Ventilation en activité",275
"S1",2005,"C","P1","_T","F",-1,"Ventilation en activité",275
"S1",2005,"C","P1","_T","G",-1,"Ventilation en activité",275
"S1",2005,"C","P1","_T","H",-1,"Ventilation en activité",275
"S1",2005,"C","P1","_T","I",-1,"Ventilation en activité",275
"S1",2005,"C","P1","_T","J",-1,"Ventilation en activité",275
"S1",2005,"C","P1","_T","K",-1,"Ventilation en activité",275
"S1",2005,"C","P1","_T","L",-1,"Ventilation en activité",275
"S1",2005,"C","P1","_T","M",-1,"Ventilation en activité",275
"S1",2005,"C","P1","_T","N",-1,"Ventilation en activité",275
"S1",2005,"C","P1","_T","O",-1,"Ventilation en activité",275
"S1",2005,"C","P1","_T","P",-1,"Ventilation en activité",275
"S1",2005,"C","P1","_T","Q",-1,"Ventilation en activité",275
"S1",2005,"C","P1","_T","R",-1,"Ventilation en activité",275
"S1",2005,"C","P1","_T","S",-1,"Ventilation en activité",275
"S1",2005,"C","P1","_T","T",-1,"Ventilation en activité",275
"S1",2015,"D","P52","_T","_T",1,"Ventilation en activité",276
"S1",2015,"D","P52","_T","A",-1,"Ventilation en activité",276
"S1",2015,"D","P52","_T","B",-1,"Ventilation en activité",276
"S1",2015,"D","P52","_T","C",-1,"Ventilation en activité",276
"S1",2015,"D","P52","_T","D",-1,"Ventilation en activité",276
"S1",2015,"D","P52","_T","E",-1,"Ventilation en activité",276
"S1",2015,"D","P52","_T","F",-1,"Ventilation en activité",276
"S1",2015,"D","P52","_T","G",-1,"Ventilation en activité",276
"S1",2015,"D","P52","_T","H",-1,"Ventilation en activité",276
"S1",2015,"D","P52","_T","I",-1,"Ventilation en activité",276
"S1",2015,"D","P52","_T","J",-1,"Ventilation en activité",276
"S1",2015,"D","P52","_T","K",-1,"Ventilation en activité",276
"S1",2015,"D","P52","_T","L",-1,"Ventilation en activité",276
"S1",2015,"D","P52","_T","M",-1,"Ventilation en activité",276
"S1",2015,"D","P52","_T","N",-1,"Ventilation en activité",276
"S1",2015,"D","P52","_T","O",-1,"Ventilation en activité",276
"S1",2015,"D","P52","_T","P",-1,"Ventilation en activité",276
"S1",2015,"D","P52","_T","Q",-1,"Ventilation en activité",276
"S1",2015,"D","P52","_T","R",-1,"Ventilation en activité",276
"S1",2015,"D","P52","_T","S",-1,"Ventilation en activité",276
"S1",2015,"D","P52","_T","T",-1,"Ventilation en activité",276
"S1",2015,"D","P52","_T","U",-1,"Ventilation en activité",276
"S1",1985,"B","B2A3N","_T","_T",1,"Ventilation en activité",277
"S1",1985,"B","B2A3N","_T","A",-1,"Ventilation en activité",277
"S1",1985,"B","B2A3N","_T","B",-1,"Ventilation en activité",277
"S1",1985,"B","B2A3N","_T","C",-1,"Ventilation en activité",277
"S1",1985,"B","B2A3N","_T","D",-1,"Ventilation en activité",277
"S1",1985,"B","B2A3N","_T","E",-1,"Ventilation en activité",277
"S1",1985,"B","B2A3N","_T","F",-1,"Ventilation en activité",277
"S1",1985,"B","B2A3N","_T","G",-1,"Ventilation en activité",277
"S1",1985,"B","B2A3N","_T","H",-1,"Ventilation en activité",277
"S1",1985,"B","B2A3N","_T","I",-1,"Ventilation en activité",277
"S1",1985,"B","B2A3N","_T","J",-1,"Ventilation en activité",277
"S1",1985,"B","B2A3N","_T","K",-1,"Ventilation en activité",277
"S1",1985,"B","B2A3N","_T","L",-1,"Ventilation en activité",277
"S1",1985,"B","B2A3N","_T","M",-1,"Ventilation en activité",277
"S1",1985,"B","B2A3N","_T","N",-1,"Ventilation en activité",277
"S1",1985,"B","B2A3N","_T","O",-1,"Ventilation en activité",277
"S1",1985,"B","B2A3N","_T","P",-1,"Ventilation en activité",277
"S1",1985,"B","B2A3N","_T","Q",-1,"Ventilation en activité",277
"S1",1985,"B","B2A3N","_T","R",-1,"Ventilation en activité",277
"S1",1985,"B","B2A3N","_T","S",-1,"Ventilation en activité",277
"S1",1985,"B","B2A3N","_T","T",-1,"Ventilation en activité",277
"S1",2006,"C","P1","_T","_T",1,"Ventilation en activité",278
"S1",2006,"C","P1","_T","A",-1,"Ventilation en activité",278
"S1",2006,"C","P1","_T","B",-1,"Ventilation en activité",278
"S1",2006,"C","P1","_T","C",-1,"Ventilation en activité",278
"S1",2006,"C","P1","_T","D",-1,"Ventilation en activité",278
"S1",2006,"C","P1","_T","E",-1,"Ventilation en activité",278
"S1",2006,"C","P1","_T","F",-1,"Ventilation en activité",278
"S1",2006,"C","P1","_T","G",-1,"Ventilation en activité",278
"S1",2006,"C","P1","_T","H",-1,"Ventilation en activité",278
"S1",2006,"C","P1","_T","I",-1,"Ventilation en activité",278
"S1",2006,"C","P1","_T","J",-1,"Ventilation en activité",278
"S1",2006,"C","P1","_T","K",-1,"Ventilation en activité",278
"S1",2006,"C","P1","_T","L",-1,"Ventilation en activité",278
"S1",2006,"C","P1","_T","M",-1,"Ventilation en activité",278
"S1",2006,"C","P1","_T","N",-1,"Ventilation en activité",278
"S1",2006,"C","P1","_T","O",-1,"Ventilation en activité",278
"S1",2006,"C","P1","_T","P",-1,"Ventilation en activité",278
"S1",2006,"C","P1","_T","Q",-1,"Ventilation en activité",278
"S1",2006,"C","P1","_T","R",-1,"Ventilation en activité",278
"S1",2006,"C","P1","_T","S",-1,"Ventilation en activité",278
"S1",2006,"C","P1","_T","T",-1,"Ventilation en activité",278
"S1",1995,"B","B1G","_T","_T",1,"Ventilation en activité",279
"S1",1995,"B","B1G","_T","A",-1,"Ventilation en activité",279
"S1",1995,"B","B1G","_T","B",-1,"Ventilation en activité",279
"S1",1995,"B","B1G","_T","C",-1,"Ventilation en activité",279
"S1",1995,"B","B1G","_T","D",-1,"Ventilation en activité",279
"S1",1995,"B","B1G","_T","E",-1,"Ventilation en activité",279
"S1",1995,"B","B1G","_T","F",-1,"Ventilation en activité",279
"S1",1995,"B","B1G","_T","G",-1,"Ventilation en activité",279
"S1",1995,"B","B1G","_T","H",-1,"Ventilation en activité",279
"S1",1995,"B","B1G","_T","I",-1,"Ventilation en activité",279
"S1",1995,"B","B1G","_T","J",-1,"Ventilation en activité",279
"S1",1995,"B","B1G","_T","K",-1,"Ventilation en activité",279
"S1",1995,"B","B1G","_T","L",-1,"Ventilation en activité",279
"S1",1995,"B","B1G","_T","M",-1,"Ventilation en activité",279
"S1",1995,"B","B1G","_T","N",-1,"Ventilation en activité",279
"S1",1995,"B","B1G","_T","O",-1,"Ventilation en activité",279
"S1",1995,"B","B1G","_T","P",-1,"Ventilation en activité",279
"S1",1995,"B","B1G","_T","Q",-1,"Ventilation en activité",279
"S1",1995,"B","B1G","_T","R",-1,"Ventilation en activité",279
"S1",1995,"B","B1G","_T","S",-1,"Ventilation en activité",279
"S1",1995,"B","B1G","_T","T",-1,"Ventilation en activité",279
"S1",1992,"D","D11","_T","_T",1,"Ventilation en activité",280
"S1",1992,"D","D11","_T","A",-1,"Ventilation en activité",280
"S1",1992,"D","D11","_T","B",-1,"Ventilation en activité",280
"S1",1992,"D","D11","_T","C",-1,"Ventilation en activité",280
"S1",1992,"D","D11","_T","D",-1,"Ventilation en activité",280
"S1",1992,"D","D11","_T","E",-1,"Ventilation en activité",280
"S1",1992,"D","D11","_T","F",-1,"Ventilation en activité",280
"S1",1992,"D","D11","_T","G",-1,"Ventilation en activité",280
"S1",1992,"D","D11","_T","H",-1,"Ventilation en activité",280
"S1",1992,"D","D11","_T","I",-1,"Ventilation en activité",280
"S1",1992,"D","D11","_T","J",-1,"Ventilation en activité",280
"S1",1992,"D","D11","_T","K",-1,"Ventilation en activité",280
"S1",1992,"D","D11","_T","L",-1,"Ventilation en activité",280
"S1",1992,"D","D11","_T","M",-1,"Ventilation en activité",280
"S1",1992,"D","D11","_T","N",-1,"Ventilation en activité",280
"S1",1992,"D","D11","_T","O",-1,"Ventilation en activité",280
"S1",1992,"D","D11","_T","P",-1,"Ventilation en activité",280
"S1",1992,"D","D11","_T","Q",-1,"Ventilation en activité",280
"S1",1992,"D","D11","_T","R",-1,"Ventilation en activité",280
"S1",1992,"D","D11","_T","S",-1,"Ventilation en activité",280
"S1",1992,"D","D11","_T","T",-1,"Ventilation en activité",280
"S1",2016,"D","P51C","_T","_T",1,"Ventilation en activité",281
"S1",2016,"D","P51C","_T","A",-1,"Ventilation en activité",281
"S1",2016,"D","P51C","_T","B",-1,"Ventilation en activité",281
"S1",2016,"D","P51C","_T","C",-1,"Ventilation en activité",281
"S1",2016,"D","P51C","_T","D",-1,"Ventilation en activité",281
"S1",2016,"D","P51C","_T","E",-1,"Ventilation en activité",281
"S1",2016,"D","P51C","_T","F",-1,"Ventilation en activité",281
"S1",2016,"D","P51C","_T","G",-1,"Ventilation en activité",281
"S1",2016,"D","P51C","_T","H",-1,"Ventilation en activité",281
"S1",2016,"D","P51C","_T","I",-1,"Ventilation en activité",281
"S1",2016,"D","P51C","_T","J",-1,"Ventilation en activité",281
"S1",2016,"D","P51C","_T","K",-1,"Ventilation en activité",281
"S1",2016,"D","P51C","_T","L",-1,"Ventilation en activité",281
"S1",2016,"D","P51C","_T","M",-1,"Ventilation en activité",281
"S1",2016,"D","P51C","_T","N",-1,"Ventilation en activité",281
"S1",2016,"D","P51C","_T","O",-1,"Ventilation en activité",281
"S1",2016,"D","P51C","_T","P",-1,"Ventilation en activité",281
"S1",2016,"D","P51C","_T","Q",-1,"Ventilation en activité",281
"S1",2016,"D","P51C","_T","R",-1,"Ventilation en activité",281
"S1",2016,"D","P51C","_T","S",-1,"Ventilation en activité",281
"S1",1998,"C","P1","_T","_T",1,"Ventilation en activité",282
"S1",1998,"C","P1","_T","A",-1,"Ventilation en activité",282
"S1",1998,"C","P1","_T","B",-1,"Ventilation en activité",282
"S1",1998,"C","P1","_T","C",-1,"Ventilation en activité",282
"S1",1998,"C","P1","_T","D",-1,"Ventilation en activité",282
"S1",1998,"C","P1","_T","E",-1,"Ventilation en activité",282
"S1",1998,"C","P1","_T","F",-1,"Ventilation en activité",282
"S1",1998,"C","P1","_T","G",-1,"Ventilation en activité",282
"S1",1998,"C","P1","_T","H",-1,"Ventilation en activité",282
"S1",1998,"C","P1","_T","I",-1,"Ventilation en activité",282
"S1",1998,"C","P1","_T","J",-1,"Ventilation en activité",282
"S1",1998,"C","P1","_T","K",-1,"Ventilation en activité",282
"S1",1998,"C","P1","_T","L",-1,"Ventilation en activité",282
"S1",1998,"C","P1","_T","M",-1,"Ventilation en activité",282
"S1",1998,"C","P1","_T","N",-1,"Ventilation en activité",282
"S1",1998,"C","P1","_T","O",-1,"Ventilation en activité",282
"S1",1998,"C","P1","_T","P",-1,"Ventilation en activité",282
"S1",1998,"C","P1","_T","Q",-1,"Ventilation en activité",282
"S1",1998,"C","P1","_T","R",-1,"Ventilation en activité",282
"S1",1998,"C","P1","_T","S",-1,"Ventilation en activité",282
"S1",1998,"C","P1","_T","T",-1,"Ventilation en activité",282
"S1",2021,"B","B2A3N","_T","_T",1,"Ventilation en activité",283
"S1",2021,"B","B2A3N","_T","A",-1,"Ventilation en activité",283
"S1",2021,"B","B2A3N","_T","B",-1,"Ventilation en activité",283
"S1",2021,"B","B2A3N","_T","C",-1,"Ventilation en activité",283
"S1",2021,"B","B2A3N","_T","D",-1,"Ventilation en activité",283
"S1",2021,"B","B2A3N","_T","E",-1,"Ventilation en activité",283
"S1",2021,"B","B2A3N","_T","F",-1,"Ventilation en activité",283
"S1",2021,"B","B2A3N","_T","G",-1,"Ventilation en activité",283
"S1",2021,"B","B2A3N","_T","H",-1,"Ventilation en activité",283
"S1",2021,"B","B2A3N","_T","I",-1,"Ventilation en activité",283
"S1",2021,"B","B2A3N","_T","J",-1,"Ventilation en activité",283
"S1",2021,"B","B2A3N","_T","K",-1,"Ventilation en activité",283
"S1",2021,"B","B2A3N","_T","L",-1,"Ventilation en activité",283
"S1",2021,"B","B2A3N","_T","M",-1,"Ventilation en activité",283
"S1",2021,"B","B2A3N","_T","N",-1,"Ventilation en activité",283
"S1",2021,"B","B2A3N","_T","O",-1,"Ventilation en activité",283
"S1",2021,"B","B2A3N","_T","P",-1,"Ventilation en activité",283
"S1",2021,"B","B2A3N","_T","Q",-1,"Ventilation en activité",283
"S1",2021,"B","B2A3N","_T","R",-1,"Ventilation en activité",283
"S1",2021,"B","B2A3N","_T","S",-1,"Ventilation en activité",283
"S1",2021,"B","B2A3N","_T","T",-1,"Ventilation en activité",283
"S1",1988,"D","D11","_T","_T",1,"Ventilation en activité",284
"S1",1988,"D","D11","_T","A",-1,"Ventilation en activité",284
"S1",1988,"D","D11","_T","B",-1,"Ventilation en activité",284
"S1",1988,"D","D11","_T","C",-1,"Ventilation en activité",284
"S1",1988,"D","D11","_T","D",-1,"Ventilation en activité",284
"S1",1988,"D","D11","_T","E",-1,"Ventilation en activité",284
"S1",1988,"D","D11","_T","F",-1,"Ventilation en activité",284
"S1",1988,"D","D11","_T","G",-1,"Ventilation en activité",284
"S1",1988,"D","D11","_T","H",-1,"Ventilation en activité",284
"S1",1988,"D","D11","_T","I",-1,"Ventilation en activité",284
"S1",1988,"D","D11","_T","J",-1,"Ventilation en activité",284
"S1",1988,"D","D11","_T","K",-1,"Ventilation en activité",284
"S1",1988,"D","D11","_T","L",-1,"Ventilation en activité",284
"S1",1988,"D","D11","_T","M",-1,"Ventilation en activité",284
"S1",1988,"D","D11","_T","N",-1,"Ventilation en activité",284
"S1",1988,"D","D11","_T","O",-1,"Ventilation en activité",284
"S1",1988,"D","D11","_T","P",-1,"Ventilation en activité",284
"S1",1988,"D","D11","_T","Q",-1,"Ventilation en activité",284
"S1",1988,"D","D11","_T","R",-1,"Ventilation en activité",284
"S1",1988,"D","D11","_T","S",-1,"Ventilation en activité",284
"S1",1988,"D","D11","_T","T",-1,"Ventilation en activité",284
"S1",2010,"C","P1","_T","_T",1,"Ventilation en activité",285
"S1",2010,"C","P1","_T","A",-1,"Ventilation en activité",285
"S1",2010,"C","P1","_T","B",-1,"Ventilation en activité",285
"S1",2010,"C","P1","_T","C",-1,"Ventilation en activité",285
"S1",2010,"C","P1","_T","D",-1,"Ventilation en activité",285
"S1",2010,"C","P1","_T","E",-1,"Ventilation en activité",285
"S1",2010,"C","P1","_T","F",-1,"Ventilation en activité",285
"S1",2010,"C","P1","_T","G",-1,"Ventilation en activité",285
"S1",2010,"C","P1","_T","H",-1,"Ventilation en activité",285
"S1",2010,"C","P1","_T","I",-1,"Ventilation en activité",285
"S1",2010,"C","P1","_T","J",-1,"Ventilation en activité",285
"S1",2010,"C","P1","_T","K",-1,"Ventilation en activité",285
"S1",2010,"C","P1","_T","L",-1,"Ventilation en activité",285
"S1",2010,"C","P1","_T","M",-1,"Ventilation en activité",285
"S1",2010,"C","P1","_T","N",-1,"Ventilation en activité",285
"S1",2010,"C","P1","_T","O",-1,"Ventilation en activité",285
"S1",2010,"C","P1","_T","P",-1,"Ventilation en activité",285
"S1",2010,"C","P1","_T","Q",-1,"Ventilation en activité",285
"S1",2010,"C","P1","_T","R",-1,"Ventilation en activité",285
"S1",2010,"C","P1","_T","S",-1,"Ventilation en activité",285
"S1",2010,"C","P1","_T","T",-1,"Ventilation en activité",285
"S1",2001,"D","P52","_T","_T",1,"Ventilation en activité",286
"S1",2001,"D","P52","_T","A",-1,"Ventilation en activité",286
"S1",2001,"D","P52","_T","B",-1,"Ventilation en activité",286
"S1",2001,"D","P52","_T","C",-1,"Ventilation en activité",286
"S1",2001,"D","P52","_T","D",-1,"Ventilation en activité",286
"S1",2001,"D","P52","_T","E",-1,"Ventilation en activité",286
"S1",2001,"D","P52","_T","F",-1,"Ventilation en activité",286
"S1",2001,"D","P52","_T","G",-1,"Ventilation en activité",286
"S1",2001,"D","P52","_T","H",-1,"Ventilation en activité",286
"S1",2001,"D","P52","_T","I",-1,"Ventilation en activité",286
"S1",2001,"D","P52","_T","J",-1,"Ventilation en activité",286
"S1",2001,"D","P52","_T","K",-1,"Ventilation en activité",286
"S1",2001,"D","P52","_T","L",-1,"Ventilation en activité",286
"S1",2001,"D","P52","_T","M",-1,"Ventilation en activité",286
"S1",2001,"D","P52","_T","N",-1,"Ventilation en activité",286
"S1",2001,"D","P52","_T","O",-1,"Ventilation en activité",286
"S1",2001,"D","P52","_T","P",-1,"Ventilation en activité",286
"S1",2001,"D","P52","_T","Q",-1,"Ventilation en activité",286
"S1",2001,"D","P52","_T","R",-1,"Ventilation en activité",286
"S1",2001,"D","P52","_T","S",-1,"Ventilation en activité",286
"S1",2001,"D","P52","_T","T",-1,"Ventilation en activité",286
"S1",2001,"D","P52","_T","U",-1,"Ventilation en activité",286
"S1",2008,"B","B2A3N","_T","_T",1,"Ventilation en activité",287
"S1",2008,"B","B2A3N","_T","A",-1,"Ventilation en activité",287
"S1",2008,"B","B2A3N","_T","B",-1,"Ventilation en activité",287
"S1",2008,"B","B2A3N","_T","C",-1,"Ventilation en activité",287
"S1",2008,"B","B2A3N","_T","D",-1,"Ventilation en activité",287
"S1",2008,"B","B2A3N","_T","E",-1,"Ventilation en activité",287
"S1",2008,"B","B2A3N","_T","F",-1,"Ventilation en activité",287
"S1",2008,"B","B2A3N","_T","G",-1,"Ventilation en activité",287
"S1",2008,"B","B2A3N","_T","H",-1,"Ventilation en activité",287
"S1",2008,"B","B2A3N","_T","I",-1,"Ventilation en activité",287
"S1",2008,"B","B2A3N","_T","J",-1,"Ventilation en activité",287
"S1",2008,"B","B2A3N","_T","K",-1,"Ventilation en activité",287
"S1",2008,"B","B2A3N","_T","L",-1,"Ventilation en activité",287
"S1",2008,"B","B2A3N","_T","M",-1,"Ventilation en activité",287
"S1",2008,"B","B2A3N","_T","N",-1,"Ventilation en activité",287
"S1",2008,"B","B2A3N","_T","O",-1,"Ventilation en activité",287
"S1",2008,"B","B2A3N","_T","P",-1,"Ventilation en activité",287
"S1",2008,"B","B2A3N","_T","Q",-1,"Ventilation en activité",287
"S1",2008,"B","B2A3N","_T","R",-1,"Ventilation en activité",287
"S1",2008,"B","B2A3N","_T","S",-1,"Ventilation en activité",287
"S1",2008,"B","B2A3N","_T","T",-1,"Ventilation en activité",287
"S1",2003,"C","P1","_T","_T",1,"Ventilation en activité",288
"S1",2003,"C","P1","_T","A",-1,"Ventilation en activité",288
"S1",2003,"C","P1","_T","B",-1,"Ventilation en activité",288
"S1",2003,"C","P1","_T","C",-1,"Ventilation en activité",288
"S1",2003,"C","P1","_T","D",-1,"Ventilation en activité",288
"S1",2003,"C","P1","_T","E",-1,"Ventilation en activité",288
"S1",2003,"C","P1","_T","F",-1,"Ventilation en activité",288
"S1",2003,"C","P1","_T","G",-1,"Ventilation en activité",288
"S1",2003,"C","P1","_T","H",-1,"Ventilation en activité",288
"S1",2003,"C","P1","_T","I",-1,"Ventilation en activité",288
"S1",2003,"C","P1","_T","J",-1,"Ventilation en activité",288
"S1",2003,"C","P1","_T","K",-1,"Ventilation en activité",288
"S1",2003,"C","P1","_T","L",-1,"Ventilation en activité",288
"S1",2003,"C","P1","_T","M",-1,"Ventilation en activité",288
"S1",2003,"C","P1","_T","N",-1,"Ventilation en activité",288
"S1",2003,"C","P1","_T","O",-1,"Ventilation en activité",288
"S1",2003,"C","P1","_T","P",-1,"Ventilation en activité",288
"S1",2003,"C","P1","_T","Q",-1,"Ventilation en activité",288
"S1",2003,"C","P1","_T","R",-1,"Ventilation en activité",288
"S1",2003,"C","P1","_T","S",-1,"Ventilation en activité",288
"S1",2003,"C","P1","_T","T",-1,"Ventilation en activité",288
"S1",2001,"D","P2","_T","_T",1,"Ventilation en activité",289
"S1",2001,"D","P2","_T","A",-1,"Ventilation en activité",289
"S1",2001,"D","P2","_T","B",-1,"Ventilation en activité",289
"S1",2001,"D","P2","_T","C",-1,"Ventilation en activité",289
"S1",2001,"D","P2","_T","D",-1,"Ventilation en activité",289
"S1",2001,"D","P2","_T","E",-1,"Ventilation en activité",289
"S1",2001,"D","P2","_T","F",-1,"Ventilation en activité",289
"S1",2001,"D","P2","_T","G",-1,"Ventilation en activité",289
"S1",2001,"D","P2","_T","H",-1,"Ventilation en activité",289
"S1",2001,"D","P2","_T","I",-1,"Ventilation en activité",289
"S1",2001,"D","P2","_T","J",-1,"Ventilation en activité",289
"S1",2001,"D","P2","_T","K",-1,"Ventilation en activité",289
"S1",2001,"D","P2","_T","L",-1,"Ventilation en activité",289
"S1",2001,"D","P2","_T","M",-1,"Ventilation en activité",289
"S1",2001,"D","P2","_T","N",-1,"Ventilation en activité",289
"S1",2001,"D","P2","_T","O",-1,"Ventilation en activité",289
"S1",2001,"D","P2","_T","P",-1,"Ventilation en activité",289
"S1",2001,"D","P2","_T","Q",-1,"Ventilation en activité",289
"S1",2001,"D","P2","_T","R",-1,"Ventilation en activité",289
"S1",2001,"D","P2","_T","S",-1,"Ventilation en activité",289
"S1",2009,"C","P1","_T","_T",1,"Ventilation en activité",290
"S1",2009,"C","P1","_T","A",-1,"Ventilation en activité",290
"S1",2009,"C","P1","_T","B",-1,"Ventilation en activité",290
"S1",2009,"C","P1","_T","C",-1,"Ventilation en activité",290
"S1",2009,"C","P1","_T","D",-1,"Ventilation en activité",290
"S1",2009,"C","P1","_T","E",-1,"Ventilation en activité",290
"S1",2009,"C","P1","_T","F",-1,"Ventilation en activité",290
"S1",2009,"C","P1","_T","G",-1,"Ventilation en activité",290
"S1",2009,"C","P1","_T","H",-1,"Ventilation en activité",290
"S1",2009,"C","P1","_T","I",-1,"Ventilation en activité",290
"S1",2009,"C","P1","_T","J",-1,"Ventilation en activité",290
"S1",2009,"C","P1","_T","K",-1,"Ventilation en activité",290
"S1",2009,"C","P1","_T","L",-1,"Ventilation en activité",290
"S1",2009,"C","P1","_T","M",-1,"Ventilation en activité",290
"S1",2009,"C","P1","_T","N",-1,"Ventilation en activité",290
"S1",2009,"C","P1","_T","O",-1,"Ventilation en activité",290
"S1",2009,"C","P1","_T","P",-1,"Ventilation en activité",290
"S1",2009,"C","P1","_T","Q",-1,"Ventilation en activité",290
"S1",2009,"C","P1","_T","R",-1,"Ventilation en activité",290
"S1",2009,"C","P1","_T","S",-1,"Ventilation en activité",290
"S1",2009,"C","P1","_T","T",-1,"Ventilation en activité",290
"S1",1996,"C","P1","_T","_T",1,"Ventilation en activité",291
"S1",1996,"C","P1","_T","A",-1,"Ventilation en activité",291
"S1",1996,"C","P1","_T","B",-1,"Ventilation en activité",291
"S1",1996,"C","P1","_T","C",-1,"Ventilation en activité",291
"S1",1996,"C","P1","_T","D",-1,"Ventilation en activité",291
"S1",1996,"C","P1","_T","E",-1,"Ventilation en activité",291
"S1",1996,"C","P1","_T","F",-1,"Ventilation en activité",291
"S1",1996,"C","P1","_T","G",-1,"Ventilation en activité",291
"S1",1996,"C","P1","_T","H",-1,"Ventilation en activité",291
"S1",1996,"C","P1","_T","I",-1,"Ventilation en activité",291
"S1",1996,"C","P1","_T","J",-1,"Ventilation en activité",291
"S1",1996,"C","P1","_T","K",-1,"Ventilation en activité",291
"S1",1996,"C","P1","_T","L",-1,"Ventilation en activité",291
"S1",1996,"C","P1","_T","M",-1,"Ventilation en activité",291
"S1",1996,"C","P1","_T","N",-1,"Ventilation en activité",291
"S1",1996,"C","P1","_T","O",-1,"Ventilation en activité",291
"S1",1996,"C","P1","_T","P",-1,"Ventilation en activité",291
"S1",1996,"C","P1","_T","Q",-1,"Ventilation en activité",291
"S1",1996,"C","P1","_T","R",-1,"Ventilation en activité",291
"S1",1996,"C","P1","_T","S",-1,"Ventilation en activité",291
"S1",1996,"C","P1","_T","T",-1,"Ventilation en activité",291
"S1",2015,"D","P2","_T","_T",1,"Ventilation en activité",292
"S1",2015,"D","P2","_T","A",-1,"Ventilation en activité",292
"S1",2015,"D","P2","_T","B",-1,"Ventilation en activité",292
"S1",2015,"D","P2","_T","C",-1,"Ventilation en activité",292
"S1",2015,"D","P2","_T","D",-1,"Ventilation en activité",292
"S1",2015,"D","P2","_T","E",-1,"Ventilation en activité",292
"S1",2015,"D","P2","_T","F",-1,"Ventilation en activité",292
"S1",2015,"D","P2","_T","G",-1,"Ventilation en activité",292
"S1",2015,"D","P2","_T","H",-1,"Ventilation en activité",292
"S1",2015,"D","P2","_T","I",-1,"Ventilation en activité",292
"S1",2015,"D","P2","_T","J",-1,"Ventilation en activité",292
"S1",2015,"D","P2","_T","K",-1,"Ventilation en activité",292
"S1",2015,"D","P2","_T","L",-1,"Ventilation en activité",292
"S1",2015,"D","P2","_T","M",-1,"Ventilation en activité",292
"S1",2015,"D","P2","_T","N",-1,"Ventilation en activité",292
"S1",2015,"D","P2","_T","O",-1,"Ventilation en activité",292
"S1",2015,"D","P2","_T","P",-1,"Ventilation en activité",292
"S1",2015,"D","P2","_T","Q",-1,"Ventilation en activité",292
"S1",2015,"D","P2","_T","R",-1,"Ventilation en activité",292
"S1",2015,"D","P2","_T","S",-1,"Ventilation en activité",292
"S1",1983,"B","B2A3N","_T","_T",1,"Ventilation en activité",293
"S1",1983,"B","B2A3N","_T","A",-1,"Ventilation en activité",293
"S1",1983,"B","B2A3N","_T","B",-1,"Ventilation en activité",293
"S1",1983,"B","B2A3N","_T","C",-1,"Ventilation en activité",293
"S1",1983,"B","B2A3N","_T","D",-1,"Ventilation en activité",293
"S1",1983,"B","B2A3N","_T","E",-1,"Ventilation en activité",293
"S1",1983,"B","B2A3N","_T","F",-1,"Ventilation en activité",293
"S1",1983,"B","B2A3N","_T","G",-1,"Ventilation en activité",293
"S1",1983,"B","B2A3N","_T","H",-1,"Ventilation en activité",293
"S1",1983,"B","B2A3N","_T","I",-1,"Ventilation en activité",293
"S1",1983,"B","B2A3N","_T","J",-1,"Ventilation en activité",293
"S1",1983,"B","B2A3N","_T","K",-1,"Ventilation en activité",293
"S1",1983,"B","B2A3N","_T","L",-1,"Ventilation en activité",293
"S1",1983,"B","B2A3N","_T","M",-1,"Ventilation en activité",293
"S1",1983,"B","B2A3N","_T","N",-1,"Ventilation en activité",293
"S1",1983,"B","B2A3N","_T","O",-1,"Ventilation en activité",293
"S1",1983,"B","B2A3N","_T","P",-1,"Ventilation en activité",293
"S1",1983,"B","B2A3N","_T","Q",-1,"Ventilation en activité",293
"S1",1983,"B","B2A3N","_T","R",-1,"Ventilation en activité",293
"S1",1983,"B","B2A3N","_T","S",-1,"Ventilation en activité",293
"S1",1983,"B","B2A3N","_T","T",-1,"Ventilation en activité",293
"S1",2005,"B","B2A3N","_T","_T",1,"Ventilation en activité",294
"S1",2005,"B","B2A3N","_T","A",-1,"Ventilation en activité",294
"S1",2005,"B","B2A3N","_T","B",-1,"Ventilation en activité",294
"S1",2005,"B","B2A3N","_T","C",-1,"Ventilation en activité",294
"S1",2005,"B","B2A3N","_T","D",-1,"Ventilation en activité",294
"S1",2005,"B","B2A3N","_T","E",-1,"Ventilation en activité",294
"S1",2005,"B","B2A3N","_T","F",-1,"Ventilation en activité",294
"S1",2005,"B","B2A3N","_T","G",-1,"Ventilation en activité",294
"S1",2005,"B","B2A3N","_T","H",-1,"Ventilation en activité",294
"S1",2005,"B","B2A3N","_T","I",-1,"Ventilation en activité",294
"S1",2005,"B","B2A3N","_T","J",-1,"Ventilation en activité",294
"S1",2005,"B","B2A3N","_T","K",-1,"Ventilation en activité",294
"S1",2005,"B","B2A3N","_T","L",-1,"Ventilation en activité",294
"S1",2005,"B","B2A3N","_T","M",-1,"Ventilation en activité",294
"S1",2005,"B","B2A3N","_T","N",-1,"Ventilation en activité",294
"S1",2005,"B","B2A3N","_T","O",-1,"Ventilation en activité",294
"S1",2005,"B","B2A3N","_T","P",-1,"Ventilation en activité",294
"S1",2005,"B","B2A3N","_T","Q",-1,"Ventilation en activité",294
"S1",2005,"B","B2A3N","_T","R",-1,"Ventilation en activité",294
"S1",2005,"B","B2A3N","_T","S",-1,"Ventilation en activité",294
"S1",2005,"B","B2A3N","_T","T",-1,"Ventilation en activité",294
"S1",1987,"C","P1","_T","_T",1,"Ventilation en activité",295
"S1",1987,"C","P1","_T","A",-1,"Ventilation en activité",295
"S1",1987,"C","P1","_T","B",-1,"Ventilation en activité",295
"S1",1987,"C","P1","_T","C",-1,"Ventilation en activité",295
"S1",1987,"C","P1","_T","D",-1,"Ventilation en activité",295
"S1",1987,"C","P1","_T","E",-1,"Ventilation en activité",295
"S1",1987,"C","P1","_T","F",-1,"Ventilation en activité",295
"S1",1987,"C","P1","_T","G",-1,"Ventilation en activité",295
"S1",1987,"C","P1","_T","H",-1,"Ventilation en activité",295
"S1",1987,"C","P1","_T","I",-1,"Ventilation en activité",295
"S1",1987,"C","P1","_T","J",-1,"Ventilation en activité",295
"S1",1987,"C","P1","_T","K",-1,"Ventilation en activité",295
"S1",1987,"C","P1","_T","L",-1,"Ventilation en activité",295
"S1",1987,"C","P1","_T","M",-1,"Ventilation en activité",295
"S1",1987,"C","P1","_T","N",-1,"Ventilation en activité",295
"S1",1987,"C","P1","_T","O",-1,"Ventilation en activité",295
"S1",1987,"C","P1","_T","P",-1,"Ventilation en activité",295
"S1",1987,"C","P1","_T","Q",-1,"Ventilation en activité",295
"S1",1987,"C","P1","_T","R",-1,"Ventilation en activité",295
"S1",1987,"C","P1","_T","S",-1,"Ventilation en activité",295
"S1",1987,"C","P1","_T","T",-1,"Ventilation en activité",295
"S1",2019,"D","P51C","_T","_T",1,"Ventilation en activité",296
"S1",2019,"D","P51C","_T","A",-1,"Ventilation en activité",296
"S1",2019,"D","P51C","_T","B",-1,"Ventilation en activité",296
"S1",2019,"D","P51C","_T","C",-1,"Ventilation en activité",296
"S1",2019,"D","P51C","_T","D",-1,"Ventilation en activité",296
"S1",2019,"D","P51C","_T","E",-1,"Ventilation en activité",296
"S1",2019,"D","P51C","_T","F",-1,"Ventilation en activité",296
"S1",2019,"D","P51C","_T","G",-1,"Ventilation en activité",296
"S1",2019,"D","P51C","_T","H",-1,"Ventilation en activité",296
"S1",2019,"D","P51C","_T","I",-1,"Ventilation en activité",296
"S1",2019,"D","P51C","_T","J",-1,"Ventilation en activité",296
"S1",2019,"D","P51C","_T","K",-1,"Ventilation en activité",296
"S1",2019,"D","P51C","_T","L",-1,"Ventilation en activité",296
"S1",2019,"D","P51C","_T","M",-1,"Ventilation en activité",296
"S1",2019,"D","P51C","_T","N",-1,"Ventilation en activité",296
"S1",2019,"D","P51C","_T","O",-1,"Ventilation en activité",296
"S1",2019,"D","P51C","_T","P",-1,"Ventilation en activité",296
"S1",2019,"D","P51C","_T","Q",-1,"Ventilation en activité",296
"S1",2019,"D","P51C","_T","R",-1,"Ventilation en activité",296
"S1",2019,"D","P51C","_T","S",-1,"Ventilation en activité",296
"S1",2024,"B","B1G","_T","_T",1,"Ventilation en activité",297
"S1",2024,"B","B1G","_T","A",-1,"Ventilation en activité",297
"S1",2024,"B","B1G","_T","B",-1,"Ventilation en activité",297
"S1",2024,"B","B1G","_T","C",-1,"Ventilation en activité",297
"S1",2024,"B","B1G","_T","D",-1,"Ventilation en activité",297
"S1",2024,"B","B1G","_T","E",-1,"Ventilation en activité",297
"S1",2024,"B","B1G","_T","F",-1,"Ventilation en activité",297
"S1",2024,"B","B1G","_T","G",-1,"Ventilation en activité",297
"S1",2024,"B","B1G","_T","H",-1,"Ventilation en activité",297
"S1",2024,"B","B1G","_T","I",-1,"Ventilation en activité",297
"S1",2024,"B","B1G","_T","J",-1,"Ventilation en activité",297
"S1",2024,"B","B1G","_T","K",-1,"Ventilation en activité",297
"S1",2024,"B","B1G","_T","L",-1,"Ventilation en activité",297
"S1",2024,"B","B1G","_T","M",-1,"Ventilation en activité",297
"S1",2024,"B","B1G","_T","N",-1,"Ventilation en activité",297
"S1",2024,"B","B1G","_T","O",-1,"Ventilation en activité",297
"S1",2024,"B","B1G","_T","P",-1,"Ventilation en activité",297
"S1",2024,"B","B1G","_T","Q",-1,"Ventilation en activité",297
"S1",2024,"B","B1G","_T","R",-1,"Ventilation en activité",297
"S1",2024,"B","B1G","_T","S",-1,"Ventilation en activité",297
"S1",2024,"B","B1G","_T","T",-1,"Ventilation en activité",297
"S1",1992,"D","D1","_T","_T",1,"Ventilation en activité",298
"S1",1992,"D","D1","_T","A",-1,"Ventilation en activité",298
"S1",1992,"D","D1","_T","B",-1,"Ventilation en activité",298
"S1",1992,"D","D1","_T","C",-1,"Ventilation en activité",298
"S1",1992,"D","D1","_T","D",-1,"Ventilation en activité",298
"S1",1992,"D","D1","_T","E",-1,"Ventilation en activité",298
"S1",1992,"D","D1","_T","F",-1,"Ventilation en activité",298
"S1",1992,"D","D1","_T","G",-1,"Ventilation en activité",298
"S1",1992,"D","D1","_T","H",-1,"Ventilation en activité",298
"S1",1992,"D","D1","_T","I",-1,"Ventilation en activité",298
"S1",1992,"D","D1","_T","J",-1,"Ventilation en activité",298
"S1",1992,"D","D1","_T","K",-1,"Ventilation en activité",298
"S1",1992,"D","D1","_T","L",-1,"Ventilation en activité",298
"S1",1992,"D","D1","_T","M",-1,"Ventilation en activité",298
"S1",1992,"D","D1","_T","N",-1,"Ventilation en activité",298
"S1",1992,"D","D1","_T","O",-1,"Ventilation en activité",298
"S1",1992,"D","D1","_T","P",-1,"Ventilation en activité",298
"S1",1992,"D","D1","_T","Q",-1,"Ventilation en activité",298
"S1",1992,"D","D1","_T","R",-1,"Ventilation en activité",298
"S1",1992,"D","D1","_T","S",-1,"Ventilation en activité",298
"S1",1992,"D","D1","_T","T",-1,"Ventilation en activité",298
"S1",1988,"D","P2","_T","_T",1,"Ventilation en activité",299
"S1",1988,"D","P2","_T","A",-1,"Ventilation en activité",299
"S1",1988,"D","P2","_T","B",-1,"Ventilation en activité",299
"S1",1988,"D","P2","_T","C",-1,"Ventilation en activité",299
"S1",1988,"D","P2","_T","D",-1,"Ventilation en activité",299
"S1",1988,"D","P2","_T","E",-1,"Ventilation en activité",299
"S1",1988,"D","P2","_T","F",-1,"Ventilation en activité",299
"S1",1988,"D","P2","_T","G",-1,"Ventilation en activité",299
"S1",1988,"D","P2","_T","H",-1,"Ventilation en activité",299
"S1",1988,"D","P2","_T","I",-1,"Ventilation en activité",299
"S1",1988,"D","P2","_T","J",-1,"Ventilation en activité",299
"S1",1988,"D","P2","_T","K",-1,"Ventilation en activité",299
"S1",1988,"D","P2","_T","L",-1,"Ventilation en activité",299
"S1",1988,"D","P2","_T","M",-1,"Ventilation en activité",299
"S1",1988,"D","P2","_T","N",-1,"Ventilation en activité",299
"S1",1988,"D","P2","_T","O",-1,"Ventilation en activité",299
"S1",1988,"D","P2","_T","P",-1,"Ventilation en activité",299
"S1",1988,"D","P2","_T","Q",-1,"Ventilation en activité",299
"S1",1988,"D","P2","_T","R",-1,"Ventilation en activité",299
"S1",1988,"D","P2","_T","S",-1,"Ventilation en activité",299
"S1",1990,"B","B2A3N","_T","_T",1,"Ventilation en activité",300
"S1",1990,"B","B2A3N","_T","A",-1,"Ventilation en activité",300
"S1",1990,"B","B2A3N","_T","B",-1,"Ventilation en activité",300
"S1",1990,"B","B2A3N","_T","C",-1,"Ventilation en activité",300
"S1",1990,"B","B2A3N","_T","D",-1,"Ventilation en activité",300
"S1",1990,"B","B2A3N","_T","E",-1,"Ventilation en activité",300
"S1",1990,"B","B2A3N","_T","F",-1,"Ventilation en activité",300
"S1",1990,"B","B2A3N","_T","G",-1,"Ventilation en activité",300
"S1",1990,"B","B2A3N","_T","H",-1,"Ventilation en activité",300
"S1",1990,"B","B2A3N","_T","I",-1,"Ventilation en activité",300
"S1",1990,"B","B2A3N","_T","J",-1,"Ventilation en activité",300
"S1",1990,"B","B2A3N","_T","K",-1,"Ventilation en activité",300
"S1",1990,"B","B2A3N","_T","L",-1,"Ventilation en activité",300
"S1",1990,"B","B2A3N","_T","M",-1,"Ventilation en activité",300
"S1",1990,"B","B2A3N","_T","N",-1,"Ventilation en activité",300
"S1",1990,"B","B2A3N","_T","O",-1,"Ventilation en activité",300
"S1",1990,"B","B2A3N","_T","P",-1,"Ventilation en activité",300
"S1",1990,"B","B2A3N","_T","Q",-1,"Ventilation en activité",300
"S1",1990,"B","B2A3N","_T","R",-1,"Ventilation en activité",300
"S1",1990,"B","B2A3N","_T","S",-1,"Ventilation en activité",300
"S1",1990,"B","B2A3N","_T","T",-1,"Ventilation en activité",300
"S1",1986,"D","P2","_T","_T",1,"Ventilation en activité",301
"S1",1986,"D","P2","_T","A",-1,"Ventilation en activité",301
"S1",1986,"D","P2","_T","B",-1,"Ventilation en activité",301
"S1",1986,"D","P2","_T","C",-1,"Ventilation en activité",301
"S1",1986,"D","P2","_T","D",-1,"Ventilation en activité",301
"S1",1986,"D","P2","_T","E",-1,"Ventilation en activité",301
"S1",1986,"D","P2","_T","F",-1,"Ventilation en activité",301
"S1",1986,"D","P2","_T","G",-1,"Ventilation en activité",301
"S1",1986,"D","P2","_T","H",-1,"Ventilation en activité",301
"S1",1986,"D","P2","_T","I",-1,"Ventilation en activité",301
"S1",1986,"D","P2","_T","J",-1,"Ventilation en activité",301
"S1",1986,"D","P2","_T","K",-1,"Ventilation en activité",301
"S1",1986,"D","P2","_T","L",-1,"Ventilation en activité",301
"S1",1986,"D","P2","_T","M",-1,"Ventilation en activité",301
"S1",1986,"D","P2","_T","N",-1,"Ventilation en activité",301
"S1",1986,"D","P2","_T","O",-1,"Ventilation en activité",301
"S1",1986,"D","P2","_T","P",-1,"Ventilation en activité",301
"S1",1986,"D","P2","_T","Q",-1,"Ventilation en activité",301
"S1",1986,"D","P2","_T","R",-1,"Ventilation en activité",301
"S1",1986,"D","P2","_T","S",-1,"Ventilation en activité",301
"S1",1993,"C","P1","_T","_T",1,"Ventilation en activité",302
"S1",1993,"C","P1","_T","A",-1,"Ventilation en activité",302
"S1",1993,"C","P1","_T","B",-1,"Ventilation en activité",302
"S1",1993,"C","P1","_T","C",-1,"Ventilation en activité",302
"S1",1993,"C","P1","_T","D",-1,"Ventilation en activité",302
"S1",1993,"C","P1","_T","E",-1,"Ventilation en activité",302
"S1",1993,"C","P1","_T","F",-1,"Ventilation en activité",302
"S1",1993,"C","P1","_T","G",-1,"Ventilation en activité",302
"S1",1993,"C","P1","_T","H",-1,"Ventilation en activité",302
"S1",1993,"C","P1","_T","I",-1,"Ventilation en activité",302
"S1",1993,"C","P1","_T","J",-1,"Ventilation en activité",302
"S1",1993,"C","P1","_T","K",-1,"Ventilation en activité",302
"S1",1993,"C","P1","_T","L",-1,"Ventilation en activité",302
"S1",1993,"C","P1","_T","M",-1,"Ventilation en activité",302
"S1",1993,"C","P1","_T","N",-1,"Ventilation en activité",302
"S1",1993,"C","P1","_T","O",-1,"Ventilation en activité",302
"S1",1993,"C","P1","_T","P",-1,"Ventilation en activité",302
"S1",1993,"C","P1","_T","Q",-1,"Ventilation en activité",302
"S1",1993,"C","P1","_T","R",-1,"Ventilation en activité",302
"S1",1993,"C","P1","_T","S",-1,"Ventilation en activité",302
"S1",1993,"C","P1","_T","T",-1,"Ventilation en activité",302
"S1",1989,"D","P2","_T","_T",1,"Ventilation en activité",303
"S1",1989,"D","P2","_T","A",-1,"Ventilation en activité",303
"S1",1989,"D","P2","_T","B",-1,"Ventilation en activité",303
"S1",1989,"D","P2","_T","C",-1,"Ventilation en activité",303
"S1",1989,"D","P2","_T","D",-1,"Ventilation en activité",303
"S1",1989,"D","P2","_T","E",-1,"Ventilation en activité",303
"S1",1989,"D","P2","_T","F",-1,"Ventilation en activité",303
"S1",1989,"D","P2","_T","G",-1,"Ventilation en activité",303
"S1",1989,"D","P2","_T","H",-1,"Ventilation en activité",303
"S1",1989,"D","P2","_T","I",-1,"Ventilation en activité",303
"S1",1989,"D","P2","_T","J",-1,"Ventilation en activité",303
"S1",1989,"D","P2","_T","K",-1,"Ventilation en activité",303
"S1",1989,"D","P2","_T","L",-1,"Ventilation en activité",303
"S1",1989,"D","P2","_T","M",-1,"Ventilation en activité",303
"S1",1989,"D","P2","_T","N",-1,"Ventilation en activité",303
"S1",1989,"D","P2","_T","O",-1,"Ventilation en activité",303
"S1",1989,"D","P2","_T","P",-1,"Ventilation en activité",303
"S1",1989,"D","P2","_T","Q",-1,"Ventilation en activité",303
"S1",1989,"D","P2","_T","R",-1,"Ventilation en activité",303
"S1",1989,"D","P2","_T","S",-1,"Ventilation en activité",303
"S1",1978,"D","D1","_T","_T",1,"Ventilation en activité",304
"S1",1978,"D","D1","_T","A",-1,"Ventilation en activité",304
"S1",1978,"D","D1","_T","B",-1,"Ventilation en activité",304
"S1",1978,"D","D1","_T","C",-1,"Ventilation en activité",304
"S1",1978,"D","D1","_T","D",-1,"Ventilation en activité",304
"S1",1978,"D","D1","_T","E",-1,"Ventilation en activité",304
"S1",1978,"D","D1","_T","F",-1,"Ventilation en activité",304
"S1",1978,"D","D1","_T","G",-1,"Ventilation en activité",304
"S1",1978,"D","D1","_T","H",-1,"Ventilation en activité",304
"S1",1978,"D","D1","_T","I",-1,"Ventilation en activité",304
"S1",1978,"D","D1","_T","J",-1,"Ventilation en activité",304
"S1",1978,"D","D1","_T","K",-1,"Ventilation en activité",304
"S1",1978,"D","D1","_T","L",-1,"Ventilation en activité",304
"S1",1978,"D","D1","_T","M",-1,"Ventilation en activité",304
"S1",1978,"D","D1","_T","N",-1,"Ventilation en activité",304
"S1",1978,"D","D1","_T","O",-1,"Ventilation en activité",304
"S1",1978,"D","D1","_T","P",-1,"Ventilation en activité",304
"S1",1978,"D","D1","_T","Q",-1,"Ventilation en activité",304
"S1",1978,"D","D1","_T","R",-1,"Ventilation en activité",304
"S1",1978,"D","D1","_T","S",-1,"Ventilation en activité",304
"S1",1978,"D","D1","_T","T",-1,"Ventilation en activité",304
"S1",2021,"D","P2","_T","_T",1,"Ventilation en activité",305
"S1",2021,"D","P2","_T","A",-1,"Ventilation en activité",305
"S1",2021,"D","P2","_T","B",-1,"Ventilation en activité",305
"S1",2021,"D","P2","_T","C",-1,"Ventilation en activité",305
"S1",2021,"D","P2","_T","D",-1,"Ventilation en activité",305
"S1",2021,"D","P2","_T","E",-1,"Ventilation en activité",305
"S1",2021,"D","P2","_T","F",-1,"Ventilation en activité",305
"S1",2021,"D","P2","_T","G",-1,"Ventilation en activité",305
"S1",2021,"D","P2","_T","H",-1,"Ventilation en activité",305
"S1",2021,"D","P2","_T","I",-1,"Ventilation en activité",305
"S1",2021,"D","P2","_T","J",-1,"Ventilation en activité",305
"S1",2021,"D","P2","_T","K",-1,"Ventilation en activité",305
"S1",2021,"D","P2","_T","L",-1,"Ventilation en activité",305
"S1",2021,"D","P2","_T","M",-1,"Ventilation en activité",305
"S1",2021,"D","P2","_T","N",-1,"Ventilation en activité",305
"S1",2021,"D","P2","_T","O",-1,"Ventilation en activité",305
"S1",2021,"D","P2","_T","P",-1,"Ventilation en activité",305
"S1",2021,"D","P2","_T","Q",-1,"Ventilation en activité",305
"S1",2021,"D","P2","_T","R",-1,"Ventilation en activité",305
"S1",2021,"D","P2","_T","S",-1,"Ventilation en activité",305
"S1",1989,"B","B2A3N","_T","_T",1,"Ventilation en activité",306
"S1",1989,"B","B2A3N","_T","A",-1,"Ventilation en activité",306
"S1",1989,"B","B2A3N","_T","B",-1,"Ventilation en activité",306
"S1",1989,"B","B2A3N","_T","C",-1,"Ventilation en activité",306
"S1",1989,"B","B2A3N","_T","D",-1,"Ventilation en activité",306
"S1",1989,"B","B2A3N","_T","E",-1,"Ventilation en activité",306
"S1",1989,"B","B2A3N","_T","F",-1,"Ventilation en activité",306
"S1",1989,"B","B2A3N","_T","G",-1,"Ventilation en activité",306
"S1",1989,"B","B2A3N","_T","H",-1,"Ventilation en activité",306
"S1",1989,"B","B2A3N","_T","I",-1,"Ventilation en activité",306
"S1",1989,"B","B2A3N","_T","J",-1,"Ventilation en activité",306
"S1",1989,"B","B2A3N","_T","K",-1,"Ventilation en activité",306
"S1",1989,"B","B2A3N","_T","L",-1,"Ventilation en activité",306
"S1",1989,"B","B2A3N","_T","M",-1,"Ventilation en activité",306
"S1",1989,"B","B2A3N","_T","N",-1,"Ventilation en activité",306
"S1",1989,"B","B2A3N","_T","O",-1,"Ventilation en activité",306
"S1",1989,"B","B2A3N","_T","P",-1,"Ventilation en activité",306
"S1",1989,"B","B2A3N","_T","Q",-1,"Ventilation en activité",306
"S1",1989,"B","B2A3N","_T","R",-1,"Ventilation en activité",306
"S1",1989,"B","B2A3N","_T","S",-1,"Ventilation en activité",306
"S1",1989,"B","B2A3N","_T","T",-1,"Ventilation en activité",306
"S1",1982,"D","D1","_T","_T",1,"Ventilation en activité",307
"S1",1982,"D","D1","_T","A",-1,"Ventilation en activité",307
"S1",1982,"D","D1","_T","B",-1,"Ventilation en activité",307
"S1",1982,"D","D1","_T","C",-1,"Ventilation en activité",307
"S1",1982,"D","D1","_T","D",-1,"Ventilation en activité",307
"S1",1982,"D","D1","_T","E",-1,"Ventilation en activité",307
"S1",1982,"D","D1","_T","F",-1,"Ventilation en activité",307
"S1",1982,"D","D1","_T","G",-1,"Ventilation en activité",307
"S1",1982,"D","D1","_T","H",-1,"Ventilation en activité",307
"S1",1982,"D","D1","_T","I",-1,"Ventilation en activité",307
"S1",1982,"D","D1","_T","J",-1,"Ventilation en activité",307
"S1",1982,"D","D1","_T","K",-1,"Ventilation en activité",307
"S1",1982,"D","D1","_T","L",-1,"Ventilation en activité",307
"S1",1982,"D","D1","_T","M",-1,"Ventilation en activité",307
"S1",1982,"D","D1","_T","N",-1,"Ventilation en activité",307
"S1",1982,"D","D1","_T","O",-1,"Ventilation en activité",307
"S1",1982,"D","D1","_T","P",-1,"Ventilation en activité",307
"S1",1982,"D","D1","_T","Q",-1,"Ventilation en activité",307
"S1",1982,"D","D1","_T","R",-1,"Ventilation en activité",307
"S1",1982,"D","D1","_T","S",-1,"Ventilation en activité",307
"S1",1982,"D","D1","_T","T",-1,"Ventilation en activité",307
"S1",1980,"B","B2A3N","_T","_T",1,"Ventilation en activité",308
"S1",1980,"B","B2A3N","_T","A",-1,"Ventilation en activité",308
"S1",1980,"B","B2A3N","_T","B",-1,"Ventilation en activité",308
"S1",1980,"B","B2A3N","_T","C",-1,"Ventilation en activité",308
"S1",1980,"B","B2A3N","_T","D",-1,"Ventilation en activité",308
"S1",1980,"B","B2A3N","_T","E",-1,"Ventilation en activité",308
"S1",1980,"B","B2A3N","_T","F",-1,"Ventilation en activité",308
"S1",1980,"B","B2A3N","_T","G",-1,"Ventilation en activité",308
"S1",1980,"B","B2A3N","_T","H",-1,"Ventilation en activité",308
"S1",1980,"B","B2A3N","_T","I",-1,"Ventilation en activité",308
"S1",1980,"B","B2A3N","_T","J",-1,"Ventilation en activité",308
"S1",1980,"B","B2A3N","_T","K",-1,"Ventilation en activité",308
"S1",1980,"B","B2A3N","_T","L",-1,"Ventilation en activité",308
"S1",1980,"B","B2A3N","_T","M",-1,"Ventilation en activité",308
"S1",1980,"B","B2A3N","_T","N",-1,"Ventilation en activité",308
"S1",1980,"B","B2A3N","_T","O",-1,"Ventilation en activité",308
"S1",1980,"B","B2A3N","_T","P",-1,"Ventilation en activité",308
"S1",1980,"B","B2A3N","_T","Q",-1,"Ventilation en activité",308
"S1",1980,"B","B2A3N","_T","R",-1,"Ventilation en activité",308
"S1",1980,"B","B2A3N","_T","S",-1,"Ventilation en activité",308
"S1",1980,"B","B2A3N","_T","T",-1,"Ventilation en activité",308
"S1",2007,"D","P52","_T","_T",1,"Ventilation en activité",309
"S1",2007,"D","P52","_T","A",-1,"Ventilation en activité",309
"S1",2007,"D","P52","_T","B",-1,"Ventilation en activité",309
"S1",2007,"D","P52","_T","C",-1,"Ventilation en activité",309
"S1",2007,"D","P52","_T","D",-1,"Ventilation en activité",309
"S1",2007,"D","P52","_T","E",-1,"Ventilation en activité",309
"S1",2007,"D","P52","_T","F",-1,"Ventilation en activité",309
"S1",2007,"D","P52","_T","G",-1,"Ventilation en activité",309
"S1",2007,"D","P52","_T","H",-1,"Ventilation en activité",309
"S1",2007,"D","P52","_T","I",-1,"Ventilation en activité",309
"S1",2007,"D","P52","_T","J",-1,"Ventilation en activité",309
"S1",2007,"D","P52","_T","K",-1,"Ventilation en activité",309
"S1",2007,"D","P52","_T","L",-1,"Ventilation en activité",309
"S1",2007,"D","P52","_T","M",-1,"Ventilation en activité",309
"S1",2007,"D","P52","_T","N",-1,"Ventilation en activité",309
"S1",2007,"D","P52","_T","O",-1,"Ventilation en activité",309
"S1",2007,"D","P52","_T","P",-1,"Ventilation en activité",309
"S1",2007,"D","P52","_T","Q",-1,"Ventilation en activité",309
"S1",2007,"D","P52","_T","R",-1,"Ventilation en activité",309
"S1",2007,"D","P52","_T","S",-1,"Ventilation en activité",309
"S1",2007,"D","P52","_T","T",-1,"Ventilation en activité",309
"S1",2007,"D","P52","_T","U",-1,"Ventilation en activité",309
"S1",1991,"B","B2A3N","_T","_T",1,"Ventilation en activité",310
"S1",1991,"B","B2A3N","_T","A",-1,"Ventilation en activité",310
"S1",1991,"B","B2A3N","_T","B",-1,"Ventilation en activité",310
"S1",1991,"B","B2A3N","_T","C",-1,"Ventilation en activité",310
"S1",1991,"B","B2A3N","_T","D",-1,"Ventilation en activité",310
"S1",1991,"B","B2A3N","_T","E",-1,"Ventilation en activité",310
"S1",1991,"B","B2A3N","_T","F",-1,"Ventilation en activité",310
"S1",1991,"B","B2A3N","_T","G",-1,"Ventilation en activité",310
"S1",1991,"B","B2A3N","_T","H",-1,"Ventilation en activité",310
"S1",1991,"B","B2A3N","_T","I",-1,"Ventilation en activité",310
"S1",1991,"B","B2A3N","_T","J",-1,"Ventilation en activité",310
"S1",1991,"B","B2A3N","_T","K",-1,"Ventilation en activité",310
"S1",1991,"B","B2A3N","_T","L",-1,"Ventilation en activité",310
"S1",1991,"B","B2A3N","_T","M",-1,"Ventilation en activité",310
"S1",1991,"B","B2A3N","_T","N",-1,"Ventilation en activité",310
"S1",1991,"B","B2A3N","_T","O",-1,"Ventilation en activité",310
"S1",1991,"B","B2A3N","_T","P",-1,"Ventilation en activité",310
"S1",1991,"B","B2A3N","_T","Q",-1,"Ventilation en activité",310
"S1",1991,"B","B2A3N","_T","R",-1,"Ventilation en activité",310
"S1",1991,"B","B2A3N","_T","S",-1,"Ventilation en activité",310
"S1",1991,"B","B2A3N","_T","T",-1,"Ventilation en activité",310
"S1",1992,"B","B2A3N","_T","_T",1,"Ventilation en activité",311
"S1",1992,"B","B2A3N","_T","A",-1,"Ventilation en activité",311
"S1",1992,"B","B2A3N","_T","B",-1,"Ventilation en activité",311
"S1",1992,"B","B2A3N","_T","C",-1,"Ventilation en activité",311
"S1",1992,"B","B2A3N","_T","D",-1,"Ventilation en activité",311
"S1",1992,"B","B2A3N","_T","E",-1,"Ventilation en activité",311
"S1",1992,"B","B2A3N","_T","F",-1,"Ventilation en activité",311
"S1",1992,"B","B2A3N","_T","G",-1,"Ventilation en activité",311
"S1",1992,"B","B2A3N","_T","H",-1,"Ventilation en activité",311
"S1",1992,"B","B2A3N","_T","I",-1,"Ventilation en activité",311
"S1",1992,"B","B2A3N","_T","J",-1,"Ventilation en activité",311
"S1",1992,"B","B2A3N","_T","K",-1,"Ventilation en activité",311
"S1",1992,"B","B2A3N","_T","L",-1,"Ventilation en activité",311
"S1",1992,"B","B2A3N","_T","M",-1,"Ventilation en activité",311
"S1",1992,"B","B2A3N","_T","N",-1,"Ventilation en activité",311
"S1",1992,"B","B2A3N","_T","O",-1,"Ventilation en activité",311
"S1",1992,"B","B2A3N","_T","P",-1,"Ventilation en activité",311
"S1",1992,"B","B2A3N","_T","Q",-1,"Ventilation en activité",311
"S1",1992,"B","B2A3N","_T","R",-1,"Ventilation en activité",311
"S1",1992,"B","B2A3N","_T","S",-1,"Ventilation en activité",311
"S1",1992,"B","B2A3N","_T","T",-1,"Ventilation en activité",311
"S1",1990,"C","P1","_T","_T",1,"Ventilation en activité",312
"S1",1990,"C","P1","_T","A",-1,"Ventilation en activité",312
"S1",1990,"C","P1","_T","B",-1,"Ventilation en activité",312
"S1",1990,"C","P1","_T","C",-1,"Ventilation en activité",312
"S1",1990,"C","P1","_T","D",-1,"Ventilation en activité",312
"S1",1990,"C","P1","_T","E",-1,"Ventilation en activité",312
"S1",1990,"C","P1","_T","F",-1,"Ventilation en activité",312
"S1",1990,"C","P1","_T","G",-1,"Ventilation en activité",312
"S1",1990,"C","P1","_T","H",-1,"Ventilation en activité",312
"S1",1990,"C","P1","_T","I",-1,"Ventilation en activité",312
"S1",1990,"C","P1","_T","J",-1,"Ventilation en activité",312
"S1",1990,"C","P1","_T","K",-1,"Ventilation en activité",312
"S1",1990,"C","P1","_T","L",-1,"Ventilation en activité",312
"S1",1990,"C","P1","_T","M",-1,"Ventilation en activité",312
"S1",1990,"C","P1","_T","N",-1,"Ventilation en activité",312
"S1",1990,"C","P1","_T","O",-1,"Ventilation en activité",312
"S1",1990,"C","P1","_T","P",-1,"Ventilation en activité",312
"S1",1990,"C","P1","_T","Q",-1,"Ventilation en activité",312
"S1",1990,"C","P1","_T","R",-1,"Ventilation en activité",312
"S1",1990,"C","P1","_T","S",-1,"Ventilation en activité",312
"S1",1990,"C","P1","_T","T",-1,"Ventilation en activité",312
"S1",1982,"D","P2","_T","_T",1,"Ventilation en activité",313
"S1",1982,"D","P2","_T","A",-1,"Ventilation en activité",313
"S1",1982,"D","P2","_T","B",-1,"Ventilation en activité",313
"S1",1982,"D","P2","_T","C",-1,"Ventilation en activité",313
"S1",1982,"D","P2","_T","D",-1,"Ventilation en activité",313
"S1",1982,"D","P2","_T","E",-1,"Ventilation en activité",313
"S1",1982,"D","P2","_T","F",-1,"Ventilation en activité",313
"S1",1982,"D","P2","_T","G",-1,"Ventilation en activité",313
"S1",1982,"D","P2","_T","H",-1,"Ventilation en activité",313
"S1",1982,"D","P2","_T","I",-1,"Ventilation en activité",313
"S1",1982,"D","P2","_T","J",-1,"Ventilation en activité",313
"S1",1982,"D","P2","_T","K",-1,"Ventilation en activité",313
"S1",1982,"D","P2","_T","L",-1,"Ventilation en activité",313
"S1",1982,"D","P2","_T","M",-1,"Ventilation en activité",313
"S1",1982,"D","P2","_T","N",-1,"Ventilation en activité",313
"S1",1982,"D","P2","_T","O",-1,"Ventilation en activité",313
"S1",1982,"D","P2","_T","P",-1,"Ventilation en activité",313
"S1",1982,"D","P2","_T","Q",-1,"Ventilation en activité",313
"S1",1982,"D","P2","_T","R",-1,"Ventilation en activité",313
"S1",1982,"D","P2","_T","S",-1,"Ventilation en activité",313
"S1",1987,"D","P2","_T","_T",1,"Ventilation en activité",314
"S1",1987,"D","P2","_T","A",-1,"Ventilation en activité",314
"S1",1987,"D","P2","_T","B",-1,"Ventilation en activité",314
"S1",1987,"D","P2","_T","C",-1,"Ventilation en activité",314
"S1",1987,"D","P2","_T","D",-1,"Ventilation en activité",314
"S1",1987,"D","P2","_T","E",-1,"Ventilation en activité",314
"S1",1987,"D","P2","_T","F",-1,"Ventilation en activité",314
"S1",1987,"D","P2","_T","G",-1,"Ventilation en activité",314
"S1",1987,"D","P2","_T","H",-1,"Ventilation en activité",314
"S1",1987,"D","P2","_T","I",-1,"Ventilation en activité",314
"S1",1987,"D","P2","_T","J",-1,"Ventilation en activité",314
"S1",1987,"D","P2","_T","K",-1,"Ventilation en activité",314
"S1",1987,"D","P2","_T","L",-1,"Ventilation en activité",314
"S1",1987,"D","P2","_T","M",-1,"Ventilation en activité",314
"S1",1987,"D","P2","_T","N",-1,"Ventilation en activité",314
"S1",1987,"D","P2","_T","O",-1,"Ventilation en activité",314
"S1",1987,"D","P2","_T","P",-1,"Ventilation en activité",314
"S1",1987,"D","P2","_T","Q",-1,"Ventilation en activité",314
"S1",1987,"D","P2","_T","R",-1,"Ventilation en activité",314
"S1",1987,"D","P2","_T","S",-1,"Ventilation en activité",314
"S1",2023,"D","P51C","_T","_T",1,"Ventilation en activité",315
"S1",2023,"D","P51C","_T","A",-1,"Ventilation en activité",315
"S1",2023,"D","P51C","_T","B",-1,"Ventilation en activité",315
"S1",2023,"D","P51C","_T","C",-1,"Ventilation en activité",315
"S1",2023,"D","P51C","_T","D",-1,"Ventilation en activité",315
"S1",2023,"D","P51C","_T","E",-1,"Ventilation en activité",315
"S1",2023,"D","P51C","_T","F",-1,"Ventilation en activité",315
"S1",2023,"D","P51C","_T","G",-1,"Ventilation en activité",315
"S1",2023,"D","P51C","_T","H",-1,"Ventilation en activité",315
"S1",2023,"D","P51C","_T","I",-1,"Ventilation en activité",315
"S1",2023,"D","P51C","_T","J",-1,"Ventilation en activité",315
"S1",2023,"D","P51C","_T","K",-1,"Ventilation en activité",315
"S1",2023,"D","P51C","_T","L",-1,"Ventilation en activité",315
"S1",2023,"D","P51C","_T","M",-1,"Ventilation en activité",315
"S1",2023,"D","P51C","_T","N",-1,"Ventilation en activité",315
"S1",2023,"D","P51C","_T","O",-1,"Ventilation en activité",315
"S1",2023,"D","P51C","_T","P",-1,"Ventilation en activité",315
"S1",2023,"D","P51C","_T","Q",-1,"Ventilation en activité",315
"S1",2023,"D","P51C","_T","R",-1,"Ventilation en activité",315
"S1",2023,"D","P51C","_T","S",-1,"Ventilation en activité",315
"S1",2013,"C","P1","_T","_T",1,"Ventilation en activité",316
"S1",2013,"C","P1","_T","A",-1,"Ventilation en activité",316
"S1",2013,"C","P1","_T","B",-1,"Ventilation en activité",316
"S1",2013,"C","P1","_T","C",-1,"Ventilation en activité",316
"S1",2013,"C","P1","_T","D",-1,"Ventilation en activité",316
"S1",2013,"C","P1","_T","E",-1,"Ventilation en activité",316
"S1",2013,"C","P1","_T","F",-1,"Ventilation en activité",316
"S1",2013,"C","P1","_T","G",-1,"Ventilation en activité",316
"S1",2013,"C","P1","_T","H",-1,"Ventilation en activité",316
"S1",2013,"C","P1","_T","I",-1,"Ventilation en activité",316
"S1",2013,"C","P1","_T","J",-1,"Ventilation en activité",316
"S1",2013,"C","P1","_T","K",-1,"Ventilation en activité",316
"S1",2013,"C","P1","_T","L",-1,"Ventilation en activité",316
"S1",2013,"C","P1","_T","M",-1,"Ventilation en activité",316
"S1",2013,"C","P1","_T","N",-1,"Ventilation en activité",316
"S1",2013,"C","P1","_T","O",-1,"Ventilation en activité",316
"S1",2013,"C","P1","_T","P",-1,"Ventilation en activité",316
"S1",2013,"C","P1","_T","Q",-1,"Ventilation en activité",316
"S1",2013,"C","P1","_T","R",-1,"Ventilation en activité",316
"S1",2013,"C","P1","_T","S",-1,"Ventilation en activité",316
"S1",2013,"C","P1","_T","T",-1,"Ventilation en activité",316
"S1",2024,"D","P51C","_T","_T",1,"Ventilation en activité",317
"S1",2024,"D","P51C","_T","A",-1,"Ventilation en activité",317
"S1",2024,"D","P51C","_T","B",-1,"Ventilation en activité",317
"S1",2024,"D","P51C","_T","C",-1,"Ventilation en activité",317
"S1",2024,"D","P51C","_T","D",-1,"Ventilation en activité",317
"S1",2024,"D","P51C","_T","E",-1,"Ventilation en activité",317
"S1",2024,"D","P51C","_T","F",-1,"Ventilation en activité",317
"S1",2024,"D","P51C","_T","G",-1,"Ventilation en activité",317
"S1",2024,"D","P51C","_T","H",-1,"Ventilation en activité",317
"S1",2024,"D","P51C","_T","I",-1,"Ventilation en activité",317
"S1",2024,"D","P51C","_T","J",-1,"Ventilation en activité",317
"S1",2024,"D","P51C","_T","K",-1,"Ventilation en activité",317
"S1",2024,"D","P51C","_T","L",-1,"Ventilation en activité",317
"S1",2024,"D","P51C","_T","M",-1,"Ventilation en activité",317
"S1",2024,"D","P51C","_T","N",-1,"Ventilation en activité",317
"S1",2024,"D","P51C","_T","O",-1,"Ventilation en activité",317
"S1",2024,"D","P51C","_T","P",-1,"Ventilation en activité",317
"S1",2024,"D","P51C","_T","Q",-1,"Ventilation en activité",317
"S1",2024,"D","P51C","_T","R",-1,"Ventilation en activité",317
"S1",2024,"D","P51C","_T","S",-1,"Ventilation en activité",317
"S1",2016,"D","P52","_T","_T",1,"Ventilation en activité",318
"S1",2016,"D","P52","_T","A",-1,"Ventilation en activité",318
"S1",2016,"D","P52","_T","B",-1,"Ventilation en activité",318
"S1",2016,"D","P52","_T","C",-1,"Ventilation en activité",318
"S1",2016,"D","P52","_T","D",-1,"Ventilation en activité",318
"S1",2016,"D","P52","_T","E",-1,"Ventilation en activité",318
"S1",2016,"D","P52","_T","F",-1,"Ventilation en activité",318
"S1",2016,"D","P52","_T","G",-1,"Ventilation en activité",318
"S1",2016,"D","P52","_T","H",-1,"Ventilation en activité",318
"S1",2016,"D","P52","_T","I",-1,"Ventilation en activité",318
"S1",2016,"D","P52","_T","J",-1,"Ventilation en activité",318
"S1",2016,"D","P52","_T","K",-1,"Ventilation en activité",318
"S1",2016,"D","P52","_T","L",-1,"Ventilation en activité",318
"S1",2016,"D","P52","_T","M",-1,"Ventilation en activité",318
"S1",2016,"D","P52","_T","N",-1,"Ventilation en activité",318
"S1",2016,"D","P52","_T","O",-1,"Ventilation en activité",318
"S1",2016,"D","P52","_T","P",-1,"Ventilation en activité",318
"S1",2016,"D","P52","_T","Q",-1,"Ventilation en activité",318
"S1",2016,"D","P52","_T","R",-1,"Ventilation en activité",318
"S1",2016,"D","P52","_T","S",-1,"Ventilation en activité",318
"S1",2016,"D","P52","_T","T",-1,"Ventilation en activité",318
"S1",2016,"D","P52","_T","U",-1,"Ventilation en activité",318
"S1",1980,"C","P1","_T","_T",1,"Ventilation en activité",319
"S1",1980,"C","P1","_T","A",-1,"Ventilation en activité",319
"S1",1980,"C","P1","_T","B",-1,"Ventilation en activité",319
"S1",1980,"C","P1","_T","C",-1,"Ventilation en activité",319
"S1",1980,"C","P1","_T","D",-1,"Ventilation en activité",319
"S1",1980,"C","P1","_T","E",-1,"Ventilation en activité",319
"S1",1980,"C","P1","_T","F",-1,"Ventilation en activité",319
"S1",1980,"C","P1","_T","G",-1,"Ventilation en activité",319
"S1",1980,"C","P1","_T","H",-1,"Ventilation en activité",319
"S1",1980,"C","P1","_T","I",-1,"Ventilation en activité",319
"S1",1980,"C","P1","_T","J",-1,"Ventilation en activité",319
"S1",1980,"C","P1","_T","K",-1,"Ventilation en activité",319
"S1",1980,"C","P1","_T","L",-1,"Ventilation en activité",319
"S1",1980,"C","P1","_T","M",-1,"Ventilation en activité",319
"S1",1980,"C","P1","_T","N",-1,"Ventilation en activité",319
"S1",1980,"C","P1","_T","O",-1,"Ventilation en activité",319
"S1",1980,"C","P1","_T","P",-1,"Ventilation en activité",319
"S1",1980,"C","P1","_T","Q",-1,"Ventilation en activité",319
"S1",1980,"C","P1","_T","R",-1,"Ventilation en activité",319
"S1",1980,"C","P1","_T","S",-1,"Ventilation en activité",319
"S1",1980,"C","P1","_T","T",-1,"Ventilation en activité",319
"S1",2022,"D","P52","_T","_T",1,"Ventilation en activité",320
"S1",2022,"D","P52","_T","A",-1,"Ventilation en activité",320
"S1",2022,"D","P52","_T","B",-1,"Ventilation en activité",320
"S1",2022,"D","P52","_T","C",-1,"Ventilation en activité",320
"S1",2022,"D","P52","_T","D",-1,"Ventilation en activité",320
"S1",2022,"D","P52","_T","E",-1,"Ventilation en activité",320
"S1",2022,"D","P52","_T","F",-1,"Ventilation en activité",320
"S1",2022,"D","P52","_T","G",-1,"Ventilation en activité",320
"S1",2022,"D","P52","_T","H",-1,"Ventilation en activité",320
"S1",2022,"D","P52","_T","I",-1,"Ventilation en activité",320
"S1",2022,"D","P52","_T","J",-1,"Ventilation en activité",320
"S1",2022,"D","P52","_T","K",-1,"Ventilation en activité",320
"S1",2022,"D","P52","_T","L",-1,"Ventilation en activité",320
"S1",2022,"D","P52","_T","M",-1,"Ventilation en activité",320
"S1",2022,"D","P52","_T","N",-1,"Ventilation en activité",320
"S1",2022,"D","P52","_T","O",-1,"Ventilation en activité",320
"S1",2022,"D","P52","_T","P",-1,"Ventilation en activité",320
"S1",2022,"D","P52","_T","Q",-1,"Ventilation en activité",320
"S1",2022,"D","P52","_T","R",-1,"Ventilation en activité",320
"S1",2022,"D","P52","_T","S",-1,"Ventilation en activité",320
"S1",2022,"D","P52","_T","T",-1,"Ventilation en activité",320
"S1",2022,"D","P52","_T","U",-1,"Ventilation en activité",320
"S1",1991,"C","P1","_T","_T",1,"Ventilation en activité",321
"S1",1991,"C","P1","_T","A",-1,"Ventilation en activité",321
"S1",1991,"C","P1","_T","B",-1,"Ventilation en activité",321
"S1",1991,"C","P1","_T","C",-1,"Ventilation en activité",321
"S1",1991,"C","P1","_T","D",-1,"Ventilation en activité",321
"S1",1991,"C","P1","_T","E",-1,"Ventilation en activité",321
"S1",1991,"C","P1","_T","F",-1,"Ventilation en activité",321
"S1",1991,"C","P1","_T","G",-1,"Ventilation en activité",321
"S1",1991,"C","P1","_T","H",-1,"Ventilation en activité",321
"S1",1991,"C","P1","_T","I",-1,"Ventilation en activité",321
"S1",1991,"C","P1","_T","J",-1,"Ventilation en activité",321
"S1",1991,"C","P1","_T","K",-1,"Ventilation en activité",321
"S1",1991,"C","P1","_T","L",-1,"Ventilation en activité",321
"S1",1991,"C","P1","_T","M",-1,"Ventilation en activité",321
"S1",1991,"C","P1","_T","N",-1,"Ventilation en activité",321
"S1",1991,"C","P1","_T","O",-1,"Ventilation en activité",321
"S1",1991,"C","P1","_T","P",-1,"Ventilation en activité",321
"S1",1991,"C","P1","_T","Q",-1,"Ventilation en activité",321
"S1",1991,"C","P1","_T","R",-1,"Ventilation en activité",321
"S1",1991,"C","P1","_T","S",-1,"Ventilation en activité",321
"S1",1991,"C","P1","_T","T",-1,"Ventilation en activité",321
"S1",2019,"C","P1","_T","_T",1,"Ventilation en activité",322
"S1",2019,"C","P1","_T","A",-1,"Ventilation en activité",322
"S1",2019,"C","P1","_T","B",-1,"Ventilation en activité",322
"S1",2019,"C","P1","_T","C",-1,"Ventilation en activité",322
"S1",2019,"C","P1","_T","D",-1,"Ventilation en activité",322
"S1",2019,"C","P1","_T","E",-1,"Ventilation en activité",322
"S1",2019,"C","P1","_T","F",-1,"Ventilation en activité",322
"S1",2019,"C","P1","_T","G",-1,"Ventilation en activité",322
"S1",2019,"C","P1","_T","H",-1,"Ventilation en activité",322
"S1",2019,"C","P1","_T","I",-1,"Ventilation en activité",322
"S1",2019,"C","P1","_T","J",-1,"Ventilation en activité",322
"S1",2019,"C","P1","_T","K",-1,"Ventilation en activité",322
"S1",2019,"C","P1","_T","L",-1,"Ventilation en activité",322
"S1",2019,"C","P1","_T","M",-1,"Ventilation en activité",322
"S1",2019,"C","P1","_T","N",-1,"Ventilation en activité",322
"S1",2019,"C","P1","_T","O",-1,"Ventilation en activité",322
"S1",2019,"C","P1","_T","P",-1,"Ventilation en activité",322
"S1",2019,"C","P1","_T","Q",-1,"Ventilation en activité",322
"S1",2019,"C","P1","_T","R",-1,"Ventilation en activité",322
"S1",2019,"C","P1","_T","S",-1,"Ventilation en activité",322
"S1",2019,"C","P1","_T","T",-1,"Ventilation en activité",322
"S1",1985,"C","P1","_T","_T",1,"Ventilation en activité",323
"S1",1985,"C","P1","_T","A",-1,"Ventilation en activité",323
"S1",1985,"C","P1","_T","B",-1,"Ventilation en activité",323
"S1",1985,"C","P1","_T","C",-1,"Ventilation en activité",323
"S1",1985,"C","P1","_T","D",-1,"Ventilation en activité",323
"S1",1985,"C","P1","_T","E",-1,"Ventilation en activité",323
"S1",1985,"C","P1","_T","F",-1,"Ventilation en activité",323
"S1",1985,"C","P1","_T","G",-1,"Ventilation en activité",323
"S1",1985,"C","P1","_T","H",-1,"Ventilation en activité",323
"S1",1985,"C","P1","_T","I",-1,"Ventilation en activité",323
"S1",1985,"C","P1","_T","J",-1,"Ventilation en activité",323
"S1",1985,"C","P1","_T","K",-1,"Ventilation en activité",323
"S1",1985,"C","P1","_T","L",-1,"Ventilation en activité",323
"S1",1985,"C","P1","_T","M",-1,"Ventilation en activité",323
"S1",1985,"C","P1","_T","N",-1,"Ventilation en activité",323
"S1",1985,"C","P1","_T","O",-1,"Ventilation en activité",323
"S1",1985,"C","P1","_T","P",-1,"Ventilation en activité",323
"S1",1985,"C","P1","_T","Q",-1,"Ventilation en activité",323
"S1",1985,"C","P1","_T","R",-1,"Ventilation en activité",323
"S1",1985,"C","P1","_T","S",-1,"Ventilation en activité",323
"S1",1985,"C","P1","_T","T",-1,"Ventilation en activité",323
"S1",1999,"C","P1","_T","_T",1,"Ventilation en activité",324
"S1",1999,"C","P1","_T","A",-1,"Ventilation en activité",324
"S1",1999,"C","P1","_T","B",-1,"Ventilation en activité",324
"S1",1999,"C","P1","_T","C",-1,"Ventilation en activité",324
"S1",1999,"C","P1","_T","D",-1,"Ventilation en activité",324
"S1",1999,"C","P1","_T","E",-1,"Ventilation en activité",324
"S1",1999,"C","P1","_T","F",-1,"Ventilation en activité",324
"S1",1999,"C","P1","_T","G",-1,"Ventilation en activité",324
"S1",1999,"C","P1","_T","H",-1,"Ventilation en activité",324
"S1",1999,"C","P1","_T","I",-1,"Ventilation en activité",324
"S1",1999,"C","P1","_T","J",-1,"Ventilation en activité",324
"S1",1999,"C","P1","_T","K",-1,"Ventilation en activité",324
"S1",1999,"C","P1","_T","L",-1,"Ventilation en activité",324
"S1",1999,"C","P1","_T","M",-1,"Ventilation en activité",324
"S1",1999,"C","P1","_T","N",-1,"Ventilation en activité",324
"S1",1999,"C","P1","_T","O",-1,"Ventilation en activité",324
"S1",1999,"C","P1","_T","P",-1,"Ventilation en activité",324
"S1",1999,"C","P1","_T","Q",-1,"Ventilation en activité",324
"S1",1999,"C","P1","_T","R",-1,"Ventilation en activité",324
"S1",1999,"C","P1","_T","S",-1,"Ventilation en activité",324
"S1",1999,"C","P1","_T","T",-1,"Ventilation en activité",324
"S1",1984,"C","P1","_T","_T",1,"Ventilation en activité",325
"S1",1984,"C","P1","_T","A",-1,"Ventilation en activité",325
"S1",1984,"C","P1","_T","B",-1,"Ventilation en activité",325
"S1",1984,"C","P1","_T","C",-1,"Ventilation en activité",325
"S1",1984,"C","P1","_T","D",-1,"Ventilation en activité",325
"S1",1984,"C","P1","_T","E",-1,"Ventilation en activité",325
"S1",1984,"C","P1","_T","F",-1,"Ventilation en activité",325
"S1",1984,"C","P1","_T","G",-1,"Ventilation en activité",325
"S1",1984,"C","P1","_T","H",-1,"Ventilation en activité",325
"S1",1984,"C","P1","_T","I",-1,"Ventilation en activité",325
"S1",1984,"C","P1","_T","J",-1,"Ventilation en activité",325
"S1",1984,"C","P1","_T","K",-1,"Ventilation en activité",325
"S1",1984,"C","P1","_T","L",-1,"Ventilation en activité",325
"S1",1984,"C","P1","_T","M",-1,"Ventilation en activité",325
"S1",1984,"C","P1","_T","N",-1,"Ventilation en activité",325
"S1",1984,"C","P1","_T","O",-1,"Ventilation en activité",325
"S1",1984,"C","P1","_T","P",-1,"Ventilation en activité",325
"S1",1984,"C","P1","_T","Q",-1,"Ventilation en activité",325
"S1",1984,"C","P1","_T","R",-1,"Ventilation en activité",325
"S1",1984,"C","P1","_T","S",-1,"Ventilation en activité",325
"S1",1984,"C","P1","_T","T",-1,"Ventilation en activité",325
"S1",2004,"D","P52","_T","_T",1,"Ventilation en activité",326
"S1",2004,"D","P52","_T","A",-1,"Ventilation en activité",326
"S1",2004,"D","P52","_T","B",-1,"Ventilation en activité",326
"S1",2004,"D","P52","_T","C",-1,"Ventilation en activité",326
"S1",2004,"D","P52","_T","D",-1,"Ventilation en activité",326
"S1",2004,"D","P52","_T","E",-1,"Ventilation en activité",326
"S1",2004,"D","P52","_T","F",-1,"Ventilation en activité",326
"S1",2004,"D","P52","_T","G",-1,"Ventilation en activité",326
"S1",2004,"D","P52","_T","H",-1,"Ventilation en activité",326
"S1",2004,"D","P52","_T","I",-1,"Ventilation en activité",326
"S1",2004,"D","P52","_T","J",-1,"Ventilation en activité",326
"S1",2004,"D","P52","_T","K",-1,"Ventilation en activité",326
"S1",2004,"D","P52","_T","L",-1,"Ventilation en activité",326
"S1",2004,"D","P52","_T","M",-1,"Ventilation en activité",326
"S1",2004,"D","P52","_T","N",-1,"Ventilation en activité",326
"S1",2004,"D","P52","_T","O",-1,"Ventilation en activité",326
"S1",2004,"D","P52","_T","P",-1,"Ventilation en activité",326
"S1",2004,"D","P52","_T","Q",-1,"Ventilation en activité",326
"S1",2004,"D","P52","_T","R",-1,"Ventilation en activité",326
"S1",2004,"D","P52","_T","S",-1,"Ventilation en activité",326
"S1",2004,"D","P52","_T","T",-1,"Ventilation en activité",326
"S1",2004,"D","P52","_T","U",-1,"Ventilation en activité",326
"S1",1989,"C","P1","_T","_T",1,"Ventilation en activité",327
"S1",1989,"C","P1","_T","A",-1,"Ventilation en activité",327
"S1",1989,"C","P1","_T","B",-1,"Ventilation en activité",327
"S1",1989,"C","P1","_T","C",-1,"Ventilation en activité",327
"S1",1989,"C","P1","_T","D",-1,"Ventilation en activité",327
"S1",1989,"C","P1","_T","E",-1,"Ventilation en activité",327
"S1",1989,"C","P1","_T","F",-1,"Ventilation en activité",327
"S1",1989,"C","P1","_T","G",-1,"Ventilation en activité",327
"S1",1989,"C","P1","_T","H",-1,"Ventilation en activité",327
"S1",1989,"C","P1","_T","I",-1,"Ventilation en activité",327
"S1",1989,"C","P1","_T","J",-1,"Ventilation en activité",327
"S1",1989,"C","P1","_T","K",-1,"Ventilation en activité",327
"S1",1989,"C","P1","_T","L",-1,"Ventilation en activité",327
"S1",1989,"C","P1","_T","M",-1,"Ventilation en activité",327
"S1",1989,"C","P1","_T","N",-1,"Ventilation en activité",327
"S1",1989,"C","P1","_T","O",-1,"Ventilation en activité",327
"S1",1989,"C","P1","_T","P",-1,"Ventilation en activité",327
"S1",1989,"C","P1","_T","Q",-1,"Ventilation en activité",327
"S1",1989,"C","P1","_T","R",-1,"Ventilation en activité",327
"S1",1989,"C","P1","_T","S",-1,"Ventilation en activité",327
"S1",1989,"C","P1","_T","T",-1,"Ventilation en activité",327
"S1",1979,"B","B2A3N","_T","_T",1,"Ventilation en activité",328
"S1",1979,"B","B2A3N","_T","A",-1,"Ventilation en activité",328
"S1",1979,"B","B2A3N","_T","B",-1,"Ventilation en activité",328
"S1",1979,"B","B2A3N","_T","C",-1,"Ventilation en activité",328
"S1",1979,"B","B2A3N","_T","D",-1,"Ventilation en activité",328
"S1",1979,"B","B2A3N","_T","E",-1,"Ventilation en activité",328
"S1",1979,"B","B2A3N","_T","F",-1,"Ventilation en activité",328
"S1",1979,"B","B2A3N","_T","G",-1,"Ventilation en activité",328
"S1",1979,"B","B2A3N","_T","H",-1,"Ventilation en activité",328
"S1",1979,"B","B2A3N","_T","I",-1,"Ventilation en activité",328
"S1",1979,"B","B2A3N","_T","J",-1,"Ventilation en activité",328
"S1",1979,"B","B2A3N","_T","K",-1,"Ventilation en activité",328
"S1",1979,"B","B2A3N","_T","L",-1,"Ventilation en activité",328
"S1",1979,"B","B2A3N","_T","M",-1,"Ventilation en activité",328
"S1",1979,"B","B2A3N","_T","N",-1,"Ventilation en activité",328
"S1",1979,"B","B2A3N","_T","O",-1,"Ventilation en activité",328
"S1",1979,"B","B2A3N","_T","P",-1,"Ventilation en activité",328
"S1",1979,"B","B2A3N","_T","Q",-1,"Ventilation en activité",328
"S1",1979,"B","B2A3N","_T","R",-1,"Ventilation en activité",328
"S1",1979,"B","B2A3N","_T","S",-1,"Ventilation en activité",328
"S1",1979,"B","B2A3N","_T","T",-1,"Ventilation en activité",328
"S1",1995,"D","P52","_T","_T",1,"Ventilation en activité",329
"S1",1995,"D","P52","_T","A",-1,"Ventilation en activité",329
"S1",1995,"D","P52","_T","B",-1,"Ventilation en activité",329
"S1",1995,"D","P52","_T","C",-1,"Ventilation en activité",329
"S1",1995,"D","P52","_T","D",-1,"Ventilation en activité",329
"S1",1995,"D","P52","_T","E",-1,"Ventilation en activité",329
"S1",1995,"D","P52","_T","F",-1,"Ventilation en activité",329
"S1",1995,"D","P52","_T","G",-1,"Ventilation en activité",329
"S1",1995,"D","P52","_T","H",-1,"Ventilation en activité",329
"S1",1995,"D","P52","_T","I",-1,"Ventilation en activité",329
"S1",1995,"D","P52","_T","J",-1,"Ventilation en activité",329
"S1",1995,"D","P52","_T","K",-1,"Ventilation en activité",329
"S1",1995,"D","P52","_T","L",-1,"Ventilation en activité",329
"S1",1995,"D","P52","_T","M",-1,"Ventilation en activité",329
"S1",1995,"D","P52","_T","N",-1,"Ventilation en activité",329
"S1",1995,"D","P52","_T","O",-1,"Ventilation en activité",329
"S1",1995,"D","P52","_T","P",-1,"Ventilation en activité",329
"S1",1995,"D","P52","_T","Q",-1,"Ventilation en activité",329
"S1",1995,"D","P52","_T","R",-1,"Ventilation en activité",329
"S1",1995,"D","P52","_T","S",-1,"Ventilation en activité",329
"S1",1995,"D","P52","_T","T",-1,"Ventilation en activité",329
"S1",1995,"D","P52","_T","U",-1,"Ventilation en activité",329
"S1",2008,"D","P52","_T","_T",1,"Ventilation en activité",330
"S1",2008,"D","P52","_T","A",-1,"Ventilation en activité",330
"S1",2008,"D","P52","_T","B",-1,"Ventilation en activité",330
"S1",2008,"D","P52","_T","C",-1,"Ventilation en activité",330
"S1",2008,"D","P52","_T","D",-1,"Ventilation en activité",330
"S1",2008,"D","P52","_T","E",-1,"Ventilation en activité",330
"S1",2008,"D","P52","_T","F",-1,"Ventilation en activité",330
"S1",2008,"D","P52","_T","G",-1,"Ventilation en activité",330
"S1",2008,"D","P52","_T","H",-1,"Ventilation en activité",330
"S1",2008,"D","P52","_T","I",-1,"Ventilation en activité",330
"S1",2008,"D","P52","_T","J",-1,"Ventilation en activité",330
"S1",2008,"D","P52","_T","K",-1,"Ventilation en activité",330
"S1",2008,"D","P52","_T","L",-1,"Ventilation en activité",330
"S1",2008,"D","P52","_T","M",-1,"Ventilation en activité",330
"S1",2008,"D","P52","_T","N",-1,"Ventilation en activité",330
"S1",2008,"D","P52","_T","O",-1,"Ventilation en activité",330
"S1",2008,"D","P52","_T","P",-1,"Ventilation en activité",330
"S1",2008,"D","P52","_T","Q",-1,"Ventilation en activité",330
"S1",2008,"D","P52","_T","R",-1,"Ventilation en activité",330
"S1",2008,"D","P52","_T","S",-1,"Ventilation en activité",330
"S1",2008,"D","P52","_T","T",-1,"Ventilation en activité",330
"S1",2008,"D","P52","_T","U",-1,"Ventilation en activité",330
"S1",1978,"C","P1","_T","_T",1,"Ventilation en activité",331
"S1",1978,"C","P1","_T","A",-1,"Ventilation en activité",331
"S1",1978,"C","P1","_T","B",-1,"Ventilation en activité",331
"S1",1978,"C","P1","_T","C",-1,"Ventilation en activité",331
"S1",1978,"C","P1","_T","D",-1,"Ventilation en activité",331
"S1",1978,"C","P1","_T","E",-1,"Ventilation en activité",331
"S1",1978,"C","P1","_T","F",-1,"Ventilation en activité",331
"S1",1978,"C","P1","_T","G",-1,"Ventilation en activité",331
"S1",1978,"C","P1","_T","H",-1,"Ventilation en activité",331
"S1",1978,"C","P1","_T","I",-1,"Ventilation en activité",331
"S1",1978,"C","P1","_T","J",-1,"Ventilation en activité",331
"S1",1978,"C","P1","_T","K",-1,"Ventilation en activité",331
"S1",1978,"C","P1","_T","L",-1,"Ventilation en activité",331
"S1",1978,"C","P1","_T","M",-1,"Ventilation en activité",331
"S1",1978,"C","P1","_T","N",-1,"Ventilation en activité",331
"S1",1978,"C","P1","_T","O",-1,"Ventilation en activité",331
"S1",1978,"C","P1","_T","P",-1,"Ventilation en activité",331
"S1",1978,"C","P1","_T","Q",-1,"Ventilation en activité",331
"S1",1978,"C","P1","_T","R",-1,"Ventilation en activité",331
"S1",1978,"C","P1","_T","S",-1,"Ventilation en activité",331
"S1",1978,"C","P1","_T","T",-1,"Ventilation en activité",331
"S1",2018,"D","P52","_T","_T",1,"Ventilation en activité",332
"S1",2018,"D","P52","_T","A",-1,"Ventilation en activité",332
"S1",2018,"D","P52","_T","B",-1,"Ventilation en activité",332
"S1",2018,"D","P52","_T","C",-1,"Ventilation en activité",332
"S1",2018,"D","P52","_T","D",-1,"Ventilation en activité",332
"S1",2018,"D","P52","_T","E",-1,"Ventilation en activité",332
"S1",2018,"D","P52","_T","F",-1,"Ventilation en activité",332
"S1",2018,"D","P52","_T","G",-1,"Ventilation en activité",332
"S1",2018,"D","P52","_T","H",-1,"Ventilation en activité",332
"S1",2018,"D","P52","_T","I",-1,"Ventilation en activité",332
"S1",2018,"D","P52","_T","J",-1,"Ventilation en activité",332
"S1",2018,"D","P52","_T","K",-1,"Ventilation en activité",332
"S1",2018,"D","P52","_T","L",-1,"Ventilation en activité",332
"S1",2018,"D","P52","_T","M",-1,"Ventilation en activité",332
"S1",2018,"D","P52","_T","N",-1,"Ventilation en activité",332
"S1",2018,"D","P52","_T","O",-1,"Ventilation en activité",332
"S1",2018,"D","P52","_T","P",-1,"Ventilation en activité",332
"S1",2018,"D","P52","_T","Q",-1,"Ventilation en activité",332
"S1",2018,"D","P52","_T","R",-1,"Ventilation en activité",332
"S1",2018,"D","P52","_T","S",-1,"Ventilation en activité",332
"S1",2018,"D","P52","_T","T",-1,"Ventilation en activité",332
"S1",2018,"D","P52","_T","U",-1,"Ventilation en activité",332
"S1",1983,"C","P1","_T","_T",1,"Ventilation en activité",333
"S1",1983,"C","P1","_T","A",-1,"Ventilation en activité",333
"S1",1983,"C","P1","_T","B",-1,"Ventilation en activité",333
"S1",1983,"C","P1","_T","C",-1,"Ventilation en activité",333
"S1",1983,"C","P1","_T","D",-1,"Ventilation en activité",333
"S1",1983,"C","P1","_T","E",-1,"Ventilation en activité",333
"S1",1983,"C","P1","_T","F",-1,"Ventilation en activité",333
"S1",1983,"C","P1","_T","G",-1,"Ventilation en activité",333
"S1",1983,"C","P1","_T","H",-1,"Ventilation en activité",333
"S1",1983,"C","P1","_T","I",-1,"Ventilation en activité",333
"S1",1983,"C","P1","_T","J",-1,"Ventilation en activité",333
"S1",1983,"C","P1","_T","K",-1,"Ventilation en activité",333
"S1",1983,"C","P1","_T","L",-1,"Ventilation en activité",333
"S1",1983,"C","P1","_T","M",-1,"Ventilation en activité",333
"S1",1983,"C","P1","_T","N",-1,"Ventilation en activité",333
"S1",1983,"C","P1","_T","O",-1,"Ventilation en activité",333
"S1",1983,"C","P1","_T","P",-1,"Ventilation en activité",333
"S1",1983,"C","P1","_T","Q",-1,"Ventilation en activité",333
"S1",1983,"C","P1","_T","R",-1,"Ventilation en activité",333
"S1",1983,"C","P1","_T","S",-1,"Ventilation en activité",333
"S1",1983,"C","P1","_T","T",-1,"Ventilation en activité",333
"S1",1988,"B","B2A3N","_T","_T",1,"Ventilation en activité",334
"S1",1988,"B","B2A3N","_T","A",-1,"Ventilation en activité",334
"S1",1988,"B","B2A3N","_T","B",-1,"Ventilation en activité",334
"S1",1988,"B","B2A3N","_T","C",-1,"Ventilation en activité",334
"S1",1988,"B","B2A3N","_T","D",-1,"Ventilation en activité",334
"S1",1988,"B","B2A3N","_T","E",-1,"Ventilation en activité",334
"S1",1988,"B","B2A3N","_T","F",-1,"Ventilation en activité",334
"S1",1988,"B","B2A3N","_T","G",-1,"Ventilation en activité",334
"S1",1988,"B","B2A3N","_T","H",-1,"Ventilation en activité",334
"S1",1988,"B","B2A3N","_T","I",-1,"Ventilation en activité",334
"S1",1988,"B","B2A3N","_T","J",-1,"Ventilation en activité",334
"S1",1988,"B","B2A3N","_T","K",-1,"Ventilation en activité",334
"S1",1988,"B","B2A3N","_T","L",-1,"Ventilation en activité",334
"S1",1988,"B","B2A3N","_T","M",-1,"Ventilation en activité",334
"S1",1988,"B","B2A3N","_T","N",-1,"Ventilation en activité",334
"S1",1988,"B","B2A3N","_T","O",-1,"Ventilation en activité",334
"S1",1988,"B","B2A3N","_T","P",-1,"Ventilation en activité",334
"S1",1988,"B","B2A3N","_T","Q",-1,"Ventilation en activité",334
"S1",1988,"B","B2A3N","_T","R",-1,"Ventilation en activité",334
"S1",1988,"B","B2A3N","_T","S",-1,"Ventilation en activité",334
"S1",1988,"B","B2A3N","_T","T",-1,"Ventilation en activité",334
"S1",1984,"D","P2","_T","_T",1,"Ventilation en activité",335
"S1",1984,"D","P2","_T","A",-1,"Ventilation en activité",335
"S1",1984,"D","P2","_T","B",-1,"Ventilation en activité",335
"S1",1984,"D","P2","_T","C",-1,"Ventilation en activité",335
"S1",1984,"D","P2","_T","D",-1,"Ventilation en activité",335
"S1",1984,"D","P2","_T","E",-1,"Ventilation en activité",335
"S1",1984,"D","P2","_T","F",-1,"Ventilation en activité",335
"S1",1984,"D","P2","_T","G",-1,"Ventilation en activité",335
"S1",1984,"D","P2","_T","H",-1,"Ventilation en activité",335
"S1",1984,"D","P2","_T","I",-1,"Ventilation en activité",335
"S1",1984,"D","P2","_T","J",-1,"Ventilation en activité",335
"S1",1984,"D","P2","_T","K",-1,"Ventilation en activité",335
"S1",1984,"D","P2","_T","L",-1,"Ventilation en activité",335
"S1",1984,"D","P2","_T","M",-1,"Ventilation en activité",335
"S1",1984,"D","P2","_T","N",-1,"Ventilation en activité",335
"S1",1984,"D","P2","_T","O",-1,"Ventilation en activité",335
"S1",1984,"D","P2","_T","P",-1,"Ventilation en activité",335
"S1",1984,"D","P2","_T","Q",-1,"Ventilation en activité",335
"S1",1984,"D","P2","_T","R",-1,"Ventilation en activité",335
"S1",1984,"D","P2","_T","S",-1,"Ventilation en activité",335
"S1",1985,"D","P2","_T","_T",1,"Ventilation en activité",336
"S1",1985,"D","P2","_T","A",-1,"Ventilation en activité",336
"S1",1985,"D","P2","_T","B",-1,"Ventilation en activité",336
"S1",1985,"D","P2","_T","C",-1,"Ventilation en activité",336
"S1",1985,"D","P2","_T","D",-1,"Ventilation en activité",336
"S1",1985,"D","P2","_T","E",-1,"Ventilation en activité",336
"S1",1985,"D","P2","_T","F",-1,"Ventilation en activité",336
"S1",1985,"D","P2","_T","G",-1,"Ventilation en activité",336
"S1",1985,"D","P2","_T","H",-1,"Ventilation en activité",336
"S1",1985,"D","P2","_T","I",-1,"Ventilation en activité",336
"S1",1985,"D","P2","_T","J",-1,"Ventilation en activité",336
"S1",1985,"D","P2","_T","K",-1,"Ventilation en activité",336
"S1",1985,"D","P2","_T","L",-1,"Ventilation en activité",336
"S1",1985,"D","P2","_T","M",-1,"Ventilation en activité",336
"S1",1985,"D","P2","_T","N",-1,"Ventilation en activité",336
"S1",1985,"D","P2","_T","O",-1,"Ventilation en activité",336
"S1",1985,"D","P2","_T","P",-1,"Ventilation en activité",336
"S1",1985,"D","P2","_T","Q",-1,"Ventilation en activité",336
"S1",1985,"D","P2","_T","R",-1,"Ventilation en activité",336
"S1",1985,"D","P2","_T","S",-1,"Ventilation en activité",336
"S1",2024,"B","B2A3N","_T","_T",1,"Ventilation en activité",337
"S1",2024,"B","B2A3N","_T","A",-1,"Ventilation en activité",337
"S1",2024,"B","B2A3N","_T","B",-1,"Ventilation en activité",337
"S1",2024,"B","B2A3N","_T","C",-1,"Ventilation en activité",337
"S1",2024,"B","B2A3N","_T","D",-1,"Ventilation en activité",337
"S1",2024,"B","B2A3N","_T","E",-1,"Ventilation en activité",337
"S1",2024,"B","B2A3N","_T","F",-1,"Ventilation en activité",337
"S1",2024,"B","B2A3N","_T","G",-1,"Ventilation en activité",337
"S1",2024,"B","B2A3N","_T","H",-1,"Ventilation en activité",337
"S1",2024,"B","B2A3N","_T","I",-1,"Ventilation en activité",337
"S1",2024,"B","B2A3N","_T","J",-1,"Ventilation en activité",337
"S1",2024,"B","B2A3N","_T","K",-1,"Ventilation en activité",337
"S1",2024,"B","B2A3N","_T","L",-1,"Ventilation en activité",337
"S1",2024,"B","B2A3N","_T","M",-1,"Ventilation en activité",337
"S1",2024,"B","B2A3N","_T","N",-1,"Ventilation en activité",337
"S1",2024,"B","B2A3N","_T","O",-1,"Ventilation en activité",337
"S1",2024,"B","B2A3N","_T","P",-1,"Ventilation en activité",337
"S1",2024,"B","B2A3N","_T","Q",-1,"Ventilation en activité",337
"S1",2024,"B","B2A3N","_T","R",-1,"Ventilation en activité",337
"S1",2024,"B","B2A3N","_T","S",-1,"Ventilation en activité",337
"S1",2024,"B","B2A3N","_T","T",-1,"Ventilation en activité",337
"S1",2023,"D","D11","_T","_T",1,"Ventilation en activité",338
"S1",2023,"D","D11","_T","A",-1,"Ventilation en activité",338
"S1",2023,"D","D11","_T","B",-1,"Ventilation en activité",338
"S1",2023,"D","D11","_T","C",-1,"Ventilation en activité",338
"S1",2023,"D","D11","_T","D",-1,"Ventilation en activité",338
"S1",2023,"D","D11","_T","E",-1,"Ventilation en activité",338
"S1",2023,"D","D11","_T","F",-1,"Ventilation en activité",338
"S1",2023,"D","D11","_T","G",-1,"Ventilation en activité",338
"S1",2023,"D","D11","_T","H",-1,"Ventilation en activité",338
"S1",2023,"D","D11","_T","I",-1,"Ventilation en activité",338
"S1",2023,"D","D11","_T","J",-1,"Ventilation en activité",338
"S1",2023,"D","D11","_T","K",-1,"Ventilation en activité",338
"S1",2023,"D","D11","_T","L",-1,"Ventilation en activité",338
"S1",2023,"D","D11","_T","M",-1,"Ventilation en activité",338
"S1",2023,"D","D11","_T","N",-1,"Ventilation en activité",338
"S1",2023,"D","D11","_T","O",-1,"Ventilation en activité",338
"S1",2023,"D","D11","_T","P",-1,"Ventilation en activité",338
"S1",2023,"D","D11","_T","Q",-1,"Ventilation en activité",338
"S1",2023,"D","D11","_T","R",-1,"Ventilation en activité",338
"S1",2023,"D","D11","_T","S",-1,"Ventilation en activité",338
"S1",2023,"D","D11","_T","T",-1,"Ventilation en activité",338
"S1",2000,"D","P52","_T","_T",1,"Ventilation en activité",339
"S1",2000,"D","P52","_T","A",-1,"Ventilation en activité",339
"S1",2000,"D","P52","_T","B",-1,"Ventilation en activité",339
"S1",2000,"D","P52","_T","C",-1,"Ventilation en activité",339
"S1",2000,"D","P52","_T","D",-1,"Ventilation en activité",339
"S1",2000,"D","P52","_T","E",-1,"Ventilation en activité",339
"S1",2000,"D","P52","_T","F",-1,"Ventilation en activité",339
"S1",2000,"D","P52","_T","G",-1,"Ventilation en activité",339
"S1",2000,"D","P52","_T","H",-1,"Ventilation en activité",339
"S1",2000,"D","P52","_T","I",-1,"Ventilation en activité",339
"S1",2000,"D","P52","_T","J",-1,"Ventilation en activité",339
"S1",2000,"D","P52","_T","K",-1,"Ventilation en activité",339
"S1",2000,"D","P52","_T","L",-1,"Ventilation en activité",339
"S1",2000,"D","P52","_T","M",-1,"Ventilation en activité",339
"S1",2000,"D","P52","_T","N",-1,"Ventilation en activité",339
"S1",2000,"D","P52","_T","O",-1,"Ventilation en activité",339
"S1",2000,"D","P52","_T","P",-1,"Ventilation en activité",339
"S1",2000,"D","P52","_T","Q",-1,"Ventilation en activité",339
"S1",2000,"D","P52","_T","R",-1,"Ventilation en activité",339
"S1",2000,"D","P52","_T","S",-1,"Ventilation en activité",339
"S1",2000,"D","P52","_T","T",-1,"Ventilation en activité",339
"S1",2000,"D","P52","_T","U",-1,"Ventilation en activité",339
"S1",2012,"D","P52","_T","_T",1,"Ventilation en activité",340
"S1",2012,"D","P52","_T","A",-1,"Ventilation en activité",340
"S1",2012,"D","P52","_T","B",-1,"Ventilation en activité",340
"S1",2012,"D","P52","_T","C",-1,"Ventilation en activité",340
"S1",2012,"D","P52","_T","D",-1,"Ventilation en activité",340
"S1",2012,"D","P52","_T","E",-1,"Ventilation en activité",340
"S1",2012,"D","P52","_T","F",-1,"Ventilation en activité",340
"S1",2012,"D","P52","_T","G",-1,"Ventilation en activité",340
"S1",2012,"D","P52","_T","H",-1,"Ventilation en activité",340
"S1",2012,"D","P52","_T","I",-1,"Ventilation en activité",340
"S1",2012,"D","P52","_T","J",-1,"Ventilation en activité",340
"S1",2012,"D","P52","_T","K",-1,"Ventilation en activité",340
"S1",2012,"D","P52","_T","L",-1,"Ventilation en activité",340
"S1",2012,"D","P52","_T","M",-1,"Ventilation en activité",340
"S1",2012,"D","P52","_T","N",-1,"Ventilation en activité",340
"S1",2012,"D","P52","_T","O",-1,"Ventilation en activité",340
"S1",2012,"D","P52","_T","P",-1,"Ventilation en activité",340
"S1",2012,"D","P52","_T","Q",-1,"Ventilation en activité",340
"S1",2012,"D","P52","_T","R",-1,"Ventilation en activité",340
"S1",2012,"D","P52","_T","S",-1,"Ventilation en activité",340
"S1",2012,"D","P52","_T","T",-1,"Ventilation en activité",340
"S1",2012,"D","P52","_T","U",-1,"Ventilation en activité",340
"S1",2010,"D","P52","_T","_T",1,"Ventilation en activité",341
"S1",2010,"D","P52","_T","A",-1,"Ventilation en activité",341
"S1",2010,"D","P52","_T","B",-1,"Ventilation en activité",341
"S1",2010,"D","P52","_T","C",-1,"Ventilation en activité",341
"S1",2010,"D","P52","_T","D",-1,"Ventilation en activité",341
"S1",2010,"D","P52","_T","E",-1,"Ventilation en activité",341
"S1",2010,"D","P52","_T","F",-1,"Ventilation en activité",341
"S1",2010,"D","P52","_T","G",-1,"Ventilation en activité",341
"S1",2010,"D","P52","_T","H",-1,"Ventilation en activité",341
"S1",2010,"D","P52","_T","I",-1,"Ventilation en activité",341
"S1",2010,"D","P52","_T","J",-1,"Ventilation en activité",341
"S1",2010,"D","P52","_T","K",-1,"Ventilation en activité",341
"S1",2010,"D","P52","_T","L",-1,"Ventilation en activité",341
"S1",2010,"D","P52","_T","M",-1,"Ventilation en activité",341
"S1",2010,"D","P52","_T","N",-1,"Ventilation en activité",341
"S1",2010,"D","P52","_T","O",-1,"Ventilation en activité",341
"S1",2010,"D","P52","_T","P",-1,"Ventilation en activité",341
"S1",2010,"D","P52","_T","Q",-1,"Ventilation en activité",341
"S1",2010,"D","P52","_T","R",-1,"Ventilation en activité",341
"S1",2010,"D","P52","_T","S",-1,"Ventilation en activité",341
"S1",2010,"D","P52","_T","T",-1,"Ventilation en activité",341
"S1",2010,"D","P52","_T","U",-1,"Ventilation en activité",341
"S1",2003,"D","P52","_T","_T",1,"Ventilation en activité",342
"S1",2003,"D","P52","_T","A",-1,"Ventilation en activité",342
"S1",2003,"D","P52","_T","B",-1,"Ventilation en activité",342
"S1",2003,"D","P52","_T","C",-1,"Ventilation en activité",342
"S1",2003,"D","P52","_T","D",-1,"Ventilation en activité",342
"S1",2003,"D","P52","_T","E",-1,"Ventilation en activité",342
"S1",2003,"D","P52","_T","F",-1,"Ventilation en activité",342
"S1",2003,"D","P52","_T","G",-1,"Ventilation en activité",342
"S1",2003,"D","P52","_T","H",-1,"Ventilation en activité",342
"S1",2003,"D","P52","_T","I",-1,"Ventilation en activité",342
"S1",2003,"D","P52","_T","J",-1,"Ventilation en activité",342
"S1",2003,"D","P52","_T","K",-1,"Ventilation en activité",342
"S1",2003,"D","P52","_T","L",-1,"Ventilation en activité",342
"S1",2003,"D","P52","_T","M",-1,"Ventilation en activité",342
"S1",2003,"D","P52","_T","N",-1,"Ventilation en activité",342
"S1",2003,"D","P52","_T","O",-1,"Ventilation en activité",342
"S1",2003,"D","P52","_T","P",-1,"Ventilation en activité",342
"S1",2003,"D","P52","_T","Q",-1,"Ventilation en activité",342
"S1",2003,"D","P52","_T","R",-1,"Ventilation en activité",342
"S1",2003,"D","P52","_T","S",-1,"Ventilation en activité",342
"S1",2003,"D","P52","_T","T",-1,"Ventilation en activité",342
"S1",2003,"D","P52","_T","U",-1,"Ventilation en activité",342
"S1",1982,"C","P1","_T","_T",1,"Ventilation en activité",343
"S1",1982,"C","P1","_T","A",-1,"Ventilation en activité",343
"S1",1982,"C","P1","_T","B",-1,"Ventilation en activité",343
"S1",1982,"C","P1","_T","C",-1,"Ventilation en activité",343
"S1",1982,"C","P1","_T","D",-1,"Ventilation en activité",343
"S1",1982,"C","P1","_T","E",-1,"Ventilation en activité",343
"S1",1982,"C","P1","_T","F",-1,"Ventilation en activité",343
"S1",1982,"C","P1","_T","G",-1,"Ventilation en activité",343
"S1",1982,"C","P1","_T","H",-1,"Ventilation en activité",343
"S1",1982,"C","P1","_T","I",-1,"Ventilation en activité",343
"S1",1982,"C","P1","_T","J",-1,"Ventilation en activité",343
"S1",1982,"C","P1","_T","K",-1,"Ventilation en activité",343
"S1",1982,"C","P1","_T","L",-1,"Ventilation en activité",343
"S1",1982,"C","P1","_T","M",-1,"Ventilation en activité",343
"S1",1982,"C","P1","_T","N",-1,"Ventilation en activité",343
"S1",1982,"C","P1","_T","O",-1,"Ventilation en activité",343
"S1",1982,"C","P1","_T","P",-1,"Ventilation en activité",343
"S1",1982,"C","P1","_T","Q",-1,"Ventilation en activité",343
"S1",1982,"C","P1","_T","R",-1,"Ventilation en activité",343
"S1",1982,"C","P1","_T","S",-1,"Ventilation en activité",343
"S1",1982,"C","P1","_T","T",-1,"Ventilation en activité",343
"S1",2009,"D","P52","_T","_T",1,"Ventilation en activité",344
"S1",2009,"D","P52","_T","A",-1,"Ventilation en activité",344
"S1",2009,"D","P52","_T","B",-1,"Ventilation en activité",344
"S1",2009,"D","P52","_T","C",-1,"Ventilation en activité",344
"S1",2009,"D","P52","_T","D",-1,"Ventilation en activité",344
"S1",2009,"D","P52","_T","E",-1,"Ventilation en activité",344
"S1",2009,"D","P52","_T","F",-1,"Ventilation en activité",344
"S1",2009,"D","P52","_T","G",-1,"Ventilation en activité",344
"S1",2009,"D","P52","_T","H",-1,"Ventilation en activité",344
"S1",2009,"D","P52","_T","I",-1,"Ventilation en activité",344
"S1",2009,"D","P52","_T","J",-1,"Ventilation en activité",344
"S1",2009,"D","P52","_T","K",-1,"Ventilation en activité",344
"S1",2009,"D","P52","_T","L",-1,"Ventilation en activité",344
"S1",2009,"D","P52","_T","M",-1,"Ventilation en activité",344
"S1",2009,"D","P52","_T","N",-1,"Ventilation en activité",344
"S1",2009,"D","P52","_T","O",-1,"Ventilation en activité",344
"S1",2009,"D","P52","_T","P",-1,"Ventilation en activité",344
"S1",2009,"D","P52","_T","Q",-1,"Ventilation en activité",344
"S1",2009,"D","P52","_T","R",-1,"Ventilation en activité",344
"S1",2009,"D","P52","_T","S",-1,"Ventilation en activité",344
"S1",2009,"D","P52","_T","T",-1,"Ventilation en activité",344
"S1",2009,"D","P52","_T","U",-1,"Ventilation en activité",344
"S1",2023,"D","P2","_T","_T",1,"Ventilation en activité",345
"S1",2023,"D","P2","_T","A",-1,"Ventilation en activité",345
"S1",2023,"D","P2","_T","B",-1,"Ventilation en activité",345
"S1",2023,"D","P2","_T","C",-1,"Ventilation en activité",345
"S1",2023,"D","P2","_T","D",-1,"Ventilation en activité",345
"S1",2023,"D","P2","_T","E",-1,"Ventilation en activité",345
"S1",2023,"D","P2","_T","F",-1,"Ventilation en activité",345
"S1",2023,"D","P2","_T","G",-1,"Ventilation en activité",345
"S1",2023,"D","P2","_T","H",-1,"Ventilation en activité",345
"S1",2023,"D","P2","_T","I",-1,"Ventilation en activité",345
"S1",2023,"D","P2","_T","J",-1,"Ventilation en activité",345
"S1",2023,"D","P2","_T","K",-1,"Ventilation en activité",345
"S1",2023,"D","P2","_T","L",-1,"Ventilation en activité",345
"S1",2023,"D","P2","_T","M",-1,"Ventilation en activité",345
"S1",2023,"D","P2","_T","N",-1,"Ventilation en activité",345
"S1",2023,"D","P2","_T","O",-1,"Ventilation en activité",345
"S1",2023,"D","P2","_T","P",-1,"Ventilation en activité",345
"S1",2023,"D","P2","_T","Q",-1,"Ventilation en activité",345
"S1",2023,"D","P2","_T","R",-1,"Ventilation en activité",345
"S1",2023,"D","P2","_T","S",-1,"Ventilation en activité",345
"S1",2005,"D","P52","_T","_T",1,"Ventilation en activité",346
"S1",2005,"D","P52","_T","A",-1,"Ventilation en activité",346
"S1",2005,"D","P52","_T","B",-1,"Ventilation en activité",346
"S1",2005,"D","P52","_T","C",-1,"Ventilation en activité",346
"S1",2005,"D","P52","_T","D",-1,"Ventilation en activité",346
"S1",2005,"D","P52","_T","E",-1,"Ventilation en activité",346
"S1",2005,"D","P52","_T","F",-1,"Ventilation en activité",346
"S1",2005,"D","P52","_T","G",-1,"Ventilation en activité",346
"S1",2005,"D","P52","_T","H",-1,"Ventilation en activité",346
"S1",2005,"D","P52","_T","I",-1,"Ventilation en activité",346
"S1",2005,"D","P52","_T","J",-1,"Ventilation en activité",346
"S1",2005,"D","P52","_T","K",-1,"Ventilation en activité",346
"S1",2005,"D","P52","_T","L",-1,"Ventilation en activité",346
"S1",2005,"D","P52","_T","M",-1,"Ventilation en activité",346
"S1",2005,"D","P52","_T","N",-1,"Ventilation en activité",346
"S1",2005,"D","P52","_T","O",-1,"Ventilation en activité",346
"S1",2005,"D","P52","_T","P",-1,"Ventilation en activité",346
"S1",2005,"D","P52","_T","Q",-1,"Ventilation en activité",346
"S1",2005,"D","P52","_T","R",-1,"Ventilation en activité",346
"S1",2005,"D","P52","_T","S",-1,"Ventilation en activité",346
"S1",2005,"D","P52","_T","T",-1,"Ventilation en activité",346
"S1",2005,"D","P52","_T","U",-1,"Ventilation en activité",346
"S1",1997,"D","P52","_T","_T",1,"Ventilation en activité",347
"S1",1997,"D","P52","_T","A",-1,"Ventilation en activité",347
"S1",1997,"D","P52","_T","B",-1,"Ventilation en activité",347
"S1",1997,"D","P52","_T","C",-1,"Ventilation en activité",347
"S1",1997,"D","P52","_T","D",-1,"Ventilation en activité",347
"S1",1997,"D","P52","_T","E",-1,"Ventilation en activité",347
"S1",1997,"D","P52","_T","F",-1,"Ventilation en activité",347
"S1",1997,"D","P52","_T","G",-1,"Ventilation en activité",347
"S1",1997,"D","P52","_T","H",-1,"Ventilation en activité",347
"S1",1997,"D","P52","_T","I",-1,"Ventilation en activité",347
"S1",1997,"D","P52","_T","J",-1,"Ventilation en activité",347
"S1",1997,"D","P52","_T","K",-1,"Ventilation en activité",347
"S1",1997,"D","P52","_T","L",-1,"Ventilation en activité",347
"S1",1997,"D","P52","_T","M",-1,"Ventilation en activité",347
"S1",1997,"D","P52","_T","N",-1,"Ventilation en activité",347
"S1",1997,"D","P52","_T","O",-1,"Ventilation en activité",347
"S1",1997,"D","P52","_T","P",-1,"Ventilation en activité",347
"S1",1997,"D","P52","_T","Q",-1,"Ventilation en activité",347
"S1",1997,"D","P52","_T","R",-1,"Ventilation en activité",347
"S1",1997,"D","P52","_T","S",-1,"Ventilation en activité",347
"S1",1997,"D","P52","_T","T",-1,"Ventilation en activité",347
"S1",1997,"D","P52","_T","U",-1,"Ventilation en activité",347
"S1",2023,"D","D1","_T","_T",1,"Ventilation en activité",348
"S1",2023,"D","D1","_T","A",-1,"Ventilation en activité",348
"S1",2023,"D","D1","_T","B",-1,"Ventilation en activité",348
"S1",2023,"D","D1","_T","C",-1,"Ventilation en activité",348
"S1",2023,"D","D1","_T","D",-1,"Ventilation en activité",348
"S1",2023,"D","D1","_T","E",-1,"Ventilation en activité",348
"S1",2023,"D","D1","_T","F",-1,"Ventilation en activité",348
"S1",2023,"D","D1","_T","G",-1,"Ventilation en activité",348
"S1",2023,"D","D1","_T","H",-1,"Ventilation en activité",348
"S1",2023,"D","D1","_T","I",-1,"Ventilation en activité",348
"S1",2023,"D","D1","_T","J",-1,"Ventilation en activité",348
"S1",2023,"D","D1","_T","K",-1,"Ventilation en activité",348
"S1",2023,"D","D1","_T","L",-1,"Ventilation en activité",348
"S1",2023,"D","D1","_T","M",-1,"Ventilation en activité",348
"S1",2023,"D","D1","_T","N",-1,"Ventilation en activité",348
"S1",2023,"D","D1","_T","O",-1,"Ventilation en activité",348
"S1",2023,"D","D1","_T","P",-1,"Ventilation en activité",348
"S1",2023,"D","D1","_T","Q",-1,"Ventilation en activité",348
"S1",2023,"D","D1","_T","R",-1,"Ventilation en activité",348
"S1",2023,"D","D1","_T","S",-1,"Ventilation en activité",348
"S1",2023,"D","D1","_T","T",-1,"Ventilation en activité",348
"S1",2023,"B","B2A3N","_T","_T",1,"Ventilation en activité",349
"S1",2023,"B","B2A3N","_T","A",-1,"Ventilation en activité",349
"S1",2023,"B","B2A3N","_T","B",-1,"Ventilation en activité",349
"S1",2023,"B","B2A3N","_T","C",-1,"Ventilation en activité",349
"S1",2023,"B","B2A3N","_T","D",-1,"Ventilation en activité",349
"S1",2023,"B","B2A3N","_T","E",-1,"Ventilation en activité",349
"S1",2023,"B","B2A3N","_T","F",-1,"Ventilation en activité",349
"S1",2023,"B","B2A3N","_T","G",-1,"Ventilation en activité",349
"S1",2023,"B","B2A3N","_T","H",-1,"Ventilation en activité",349
"S1",2023,"B","B2A3N","_T","I",-1,"Ventilation en activité",349
"S1",2023,"B","B2A3N","_T","J",-1,"Ventilation en activité",349
"S1",2023,"B","B2A3N","_T","K",-1,"Ventilation en activité",349
"S1",2023,"B","B2A3N","_T","L",-1,"Ventilation en activité",349
"S1",2023,"B","B2A3N","_T","M",-1,"Ventilation en activité",349
"S1",2023,"B","B2A3N","_T","N",-1,"Ventilation en activité",349
"S1",2023,"B","B2A3N","_T","O",-1,"Ventilation en activité",349
"S1",2023,"B","B2A3N","_T","P",-1,"Ventilation en activité",349
"S1",2023,"B","B2A3N","_T","Q",-1,"Ventilation en activité",349
"S1",2023,"B","B2A3N","_T","R",-1,"Ventilation en activité",349
"S1",2023,"B","B2A3N","_T","S",-1,"Ventilation en activité",349
"S1",2023,"B","B2A3N","_T","T",-1,"Ventilation en activité",349
"S1",2023,"B","B1G","_T","_T",1,"Ventilation en activité",350
"S1",2023,"B","B1G","_T","A",-1,"Ventilation en activité",350
"S1",2023,"B","B1G","_T","B",-1,"Ventilation en activité",350
"S1",2023,"B","B1G","_T","C",-1,"Ventilation en activité",350
"S1",2023,"B","B1G","_T","D",-1,"Ventilation en activité",350
"S1",2023,"B","B1G","_T","E",-1,"Ventilation en activité",350
"S1",2023,"B","B1G","_T","F",-1,"Ventilation en activité",350
"S1",2023,"B","B1G","_T","G",-1,"Ventilation en activité",350
"S1",2023,"B","B1G","_T","H",-1,"Ventilation en activité",350
"S1",2023,"B","B1G","_T","I",-1,"Ventilation en activité",350
"S1",2023,"B","B1G","_T","J",-1,"Ventilation en activité",350
"S1",2023,"B","B1G","_T","K",-1,"Ventilation en activité",350
"S1",2023,"B","B1G","_T","L",-1,"Ventilation en activité",350
"S1",2023,"B","B1G","_T","M",-1,"Ventilation en activité",350
"S1",2023,"B","B1G","_T","N",-1,"Ventilation en activité",350
"S1",2023,"B","B1G","_T","O",-1,"Ventilation en activité",350
"S1",2023,"B","B1G","_T","P",-1,"Ventilation en activité",350
"S1",2023,"B","B1G","_T","Q",-1,"Ventilation en activité",350
"S1",2023,"B","B1G","_T","R",-1,"Ventilation en activité",350
"S1",2023,"B","B1G","_T","S",-1,"Ventilation en activité",350
"S1",2023,"B","B1G","_T","T",-1,"Ventilation en activité",350
"S1",1996,"D","P52","_T","_T",1,"Ventilation en activité",351
"S1",1996,"D","P52","_T","A",-1,"Ventilation en activité",351
"S1",1996,"D","P52","_T","B",-1,"Ventilation en activité",351
"S1",1996,"D","P52","_T","C",-1,"Ventilation en activité",351
"S1",1996,"D","P52","_T","D",-1,"Ventilation en activité",351
"S1",1996,"D","P52","_T","E",-1,"Ventilation en activité",351
"S1",1996,"D","P52","_T","F",-1,"Ventilation en activité",351
"S1",1996,"D","P52","_T","G",-1,"Ventilation en activité",351
"S1",1996,"D","P52","_T","H",-1,"Ventilation en activité",351
"S1",1996,"D","P52","_T","I",-1,"Ventilation en activité",351
"S1",1996,"D","P52","_T","J",-1,"Ventilation en activité",351
"S1",1996,"D","P52","_T","K",-1,"Ventilation en activité",351
"S1",1996,"D","P52","_T","L",-1,"Ventilation en activité",351
"S1",1996,"D","P52","_T","M",-1,"Ventilation en activité",351
"S1",1996,"D","P52","_T","N",-1,"Ventilation en activité",351
"S1",1996,"D","P52","_T","O",-1,"Ventilation en activité",351
"S1",1996,"D","P52","_T","P",-1,"Ventilation en activité",351
"S1",1996,"D","P52","_T","Q",-1,"Ventilation en activité",351
"S1",1996,"D","P52","_T","R",-1,"Ventilation en activité",351
"S1",1996,"D","P52","_T","S",-1,"Ventilation en activité",351
"S1",1996,"D","P52","_T","T",-1,"Ventilation en activité",351
"S1",1996,"D","P52","_T","U",-1,"Ventilation en activité",351
"S1",1993,"D","P52","_T","_T",1,"Ventilation en activité",352
"S1",1993,"D","P52","_T","A",-1,"Ventilation en activité",352
"S1",1993,"D","P52","_T","B",-1,"Ventilation en activité",352
"S1",1993,"D","P52","_T","C",-1,"Ventilation en activité",352
"S1",1993,"D","P52","_T","D",-1,"Ventilation en activité",352
"S1",1993,"D","P52","_T","E",-1,"Ventilation en activité",352
"S1",1993,"D","P52","_T","F",-1,"Ventilation en activité",352
"S1",1993,"D","P52","_T","G",-1,"Ventilation en activité",352
"S1",1993,"D","P52","_T","H",-1,"Ventilation en activité",352
"S1",1993,"D","P52","_T","I",-1,"Ventilation en activité",352
"S1",1993,"D","P52","_T","J",-1,"Ventilation en activité",352
"S1",1993,"D","P52","_T","K",-1,"Ventilation en activité",352
"S1",1993,"D","P52","_T","L",-1,"Ventilation en activité",352
"S1",1993,"D","P52","_T","M",-1,"Ventilation en activité",352
"S1",1993,"D","P52","_T","N",-1,"Ventilation en activité",352
"S1",1993,"D","P52","_T","O",-1,"Ventilation en activité",352
"S1",1993,"D","P52","_T","P",-1,"Ventilation en activité",352
"S1",1993,"D","P52","_T","Q",-1,"Ventilation en activité",352
"S1",1993,"D","P52","_T","R",-1,"Ventilation en activité",352
"S1",1993,"D","P52","_T","S",-1,"Ventilation en activité",352
"S1",1993,"D","P52","_T","T",-1,"Ventilation en activité",352
"S1",1993,"D","P52","_T","U",-1,"Ventilation en activité",352
"S1",2024,"D","D1","_T","_T",1,"Ventilation en activité",353
"S1",2024,"D","D1","_T","A",-1,"Ventilation en activité",353
"S1",2024,"D","D1","_T","B",-1,"Ventilation en activité",353
"S1",2024,"D","D1","_T","C",-1,"Ventilation en activité",353
"S1",2024,"D","D1","_T","D",-1,"Ventilation en activité",353
"S1",2024,"D","D1","_T","E",-1,"Ventilation en activité",353
"S1",2024,"D","D1","_T","F",-1,"Ventilation en activité",353
"S1",2024,"D","D1","_T","G",-1,"Ventilation en activité",353
"S1",2024,"D","D1","_T","H",-1,"Ventilation en activité",353
"S1",2024,"D","D1","_T","I",-1,"Ventilation en activité",353
"S1",2024,"D","D1","_T","J",-1,"Ventilation en activité",353
"S1",2024,"D","D1","_T","K",-1,"Ventilation en activité",353
"S1",2024,"D","D1","_T","L",-1,"Ventilation en activité",353
"S1",2024,"D","D1","_T","M",-1,"Ventilation en activité",353
"S1",2024,"D","D1","_T","N",-1,"Ventilation en activité",353
"S1",2024,"D","D1","_T","O",-1,"Ventilation en activité",353
"S1",2024,"D","D1","_T","P",-1,"Ventilation en activité",353
"S1",2024,"D","D1","_T","Q",-1,"Ventilation en activité",353
"S1",2024,"D","D1","_T","R",-1,"Ventilation en activité",353
"S1",2024,"D","D1","_T","S",-1,"Ventilation en activité",353
"S1",2024,"D","D1","_T","T",-1,"Ventilation en activité",353
"S1",1994,"D","P52","_T","_T",1,"Ventilation en activité",354
"S1",1994,"D","P52","_T","A",-1,"Ventilation en activité",354
"S1",1994,"D","P52","_T","B",-1,"Ventilation en activité",354
"S1",1994,"D","P52","_T","C",-1,"Ventilation en activité",354
"S1",1994,"D","P52","_T","D",-1,"Ventilation en activité",354
"S1",1994,"D","P52","_T","E",-1,"Ventilation en activité",354
"S1",1994,"D","P52","_T","F",-1,"Ventilation en activité",354
"S1",1994,"D","P52","_T","G",-1,"Ventilation en activité",354
"S1",1994,"D","P52","_T","H",-1,"Ventilation en activité",354
"S1",1994,"D","P52","_T","I",-1,"Ventilation en activité",354
"S1",1994,"D","P52","_T","J",-1,"Ventilation en activité",354
"S1",1994,"D","P52","_T","K",-1,"Ventilation en activité",354
"S1",1994,"D","P52","_T","L",-1,"Ventilation en activité",354
"S1",1994,"D","P52","_T","M",-1,"Ventilation en activité",354
"S1",1994,"D","P52","_T","N",-1,"Ventilation en activité",354
"S1",1994,"D","P52","_T","O",-1,"Ventilation en activité",354
"S1",1994,"D","P52","_T","P",-1,"Ventilation en activité",354
"S1",1994,"D","P52","_T","Q",-1,"Ventilation en activité",354
"S1",1994,"D","P52","_T","R",-1,"Ventilation en activité",354
"S1",1994,"D","P52","_T","S",-1,"Ventilation en activité",354
"S1",1994,"D","P52","_T","T",-1,"Ventilation en activité",354
"S1",1994,"D","P52","_T","U",-1,"Ventilation en activité",354
"S1",2002,"D","P52","_T","_T",1,"Ventilation en activité",355
"S1",2002,"D","P52","_T","A",-1,"Ventilation en activité",355
"S1",2002,"D","P52","_T","B",-1,"Ventilation en activité",355
"S1",2002,"D","P52","_T","C",-1,"Ventilation en activité",355
"S1",2002,"D","P52","_T","D",-1,"Ventilation en activité",355
"S1",2002,"D","P52","_T","E",-1,"Ventilation en activité",355
"S1",2002,"D","P52","_T","F",-1,"Ventilation en activité",355
"S1",2002,"D","P52","_T","G",-1,"Ventilation en activité",355
"S1",2002,"D","P52","_T","H",-1,"Ventilation en activité",355
"S1",2002,"D","P52","_T","I",-1,"Ventilation en activité",355
"S1",2002,"D","P52","_T","J",-1,"Ventilation en activité",355
"S1",2002,"D","P52","_T","K",-1,"Ventilation en activité",355
"S1",2002,"D","P52","_T","L",-1,"Ventilation en activité",355
"S1",2002,"D","P52","_T","M",-1,"Ventilation en activité",355
"S1",2002,"D","P52","_T","N",-1,"Ventilation en activité",355
"S1",2002,"D","P52","_T","O",-1,"Ventilation en activité",355
"S1",2002,"D","P52","_T","P",-1,"Ventilation en activité",355
"S1",2002,"D","P52","_T","Q",-1,"Ventilation en activité",355
"S1",2002,"D","P52","_T","R",-1,"Ventilation en activité",355
"S1",2002,"D","P52","_T","S",-1,"Ventilation en activité",355
"S1",2002,"D","P52","_T","T",-1,"Ventilation en activité",355
"S1",2002,"D","P52","_T","U",-1,"Ventilation en activité",355
"S1",2023,"C","P1","_T","_T",1,"Ventilation en activité",356
"S1",2023,"C","P1","_T","A",-1,"Ventilation en activité",356
"S1",2023,"C","P1","_T","B",-1,"Ventilation en activité",356
"S1",2023,"C","P1","_T","C",-1,"Ventilation en activité",356
"S1",2023,"C","P1","_T","D",-1,"Ventilation en activité",356
"S1",2023,"C","P1","_T","E",-1,"Ventilation en activité",356
"S1",2023,"C","P1","_T","F",-1,"Ventilation en activité",356
"S1",2023,"C","P1","_T","G",-1,"Ventilation en activité",356
"S1",2023,"C","P1","_T","H",-1,"Ventilation en activité",356
"S1",2023,"C","P1","_T","I",-1,"Ventilation en activité",356
"S1",2023,"C","P1","_T","J",-1,"Ventilation en activité",356
"S1",2023,"C","P1","_T","K",-1,"Ventilation en activité",356
"S1",2023,"C","P1","_T","L",-1,"Ventilation en activité",356
"S1",2023,"C","P1","_T","M",-1,"Ventilation en activité",356
"S1",2023,"C","P1","_T","N",-1,"Ventilation en activité",356
"S1",2023,"C","P1","_T","O",-1,"Ventilation en activité",356
"S1",2023,"C","P1","_T","P",-1,"Ventilation en activité",356
"S1",2023,"C","P1","_T","Q",-1,"Ventilation en activité",356
"S1",2023,"C","P1","_T","R",-1,"Ventilation en activité",356
"S1",2023,"C","P1","_T","S",-1,"Ventilation en activité",356
"S1",2023,"C","P1","_T","T",-1,"Ventilation en activité",356
"S1",2024,"C","P1","_T","_T",1,"Ventilation en activité",357
"S1",2024,"C","P1","_T","A",-1,"Ventilation en activité",357
"S1",2024,"C","P1","_T","B",-1,"Ventilation en activité",357
"S1",2024,"C","P1","_T","C",-1,"Ventilation en activité",357
"S1",2024,"C","P1","_T","D",-1,"Ventilation en activité",357
"S1",2024,"C","P1","_T","E",-1,"Ventilation en activité",357
"S1",2024,"C","P1","_T","F",-1,"Ventilation en activité",357
"S1",2024,"C","P1","_T","G",-1,"Ventilation en activité",357
"S1",2024,"C","P1","_T","H",-1,"Ventilation en activité",357
"S1",2024,"C","P1","_T","I",-1,"Ventilation en activité",357
"S1",2024,"C","P1","_T","J",-1,"Ventilation en activité",357
"S1",2024,"C","P1","_T","K",-1,"Ventilation en activité",357
"S1",2024,"C","P1","_T","L",-1,"Ventilation en activité",357
"S1",2024,"C","P1","_T","M",-1,"Ventilation en activité",357
"S1",2024,"C","P1","_T","N",-1,"Ventilation en activité",357
"S1",2024,"C","P1","_T","O",-1,"Ventilation en activité",357
"S1",2024,"C","P1","_T","P",-1,"Ventilation en activité",357
"S1",2024,"C","P1","_T","Q",-1,"Ventilation en activité",357
"S1",2024,"C","P1","_T","R",-1,"Ventilation en activité",357
"S1",2024,"C","P1","_T","S",-1,"Ventilation en activité",357
"S1",2024,"C","P1","_T","T",-1,"Ventilation en activité",357
"S1",2024,"D","P2","_T","_T",1,"Ventilation en activité",358
"S1",2024,"D","P2","_T","A",-1,"Ventilation en activité",358
"S1",2024,"D","P2","_T","B",-1,"Ventilation en activité",358
"S1",2024,"D","P2","_T","C",-1,"Ventilation en activité",358
"S1",2024,"D","P2","_T","D",-1,"Ventilation en activité",358
"S1",2024,"D","P2","_T","E",-1,"Ventilation en activité",358
"S1",2024,"D","P2","_T","F",-1,"Ventilation en activité",358
"S1",2024,"D","P2","_T","G",-1,"Ventilation en activité",358
"S1",2024,"D","P2","_T","H",-1,"Ventilation en activité",358
"S1",2024,"D","P2","_T","I",-1,"Ventilation en activité",358
"S1",2024,"D","P2","_T","J",-1,"Ventilation en activité",358
"S1",2024,"D","P2","_T","K",-1,"Ventilation en activité",358
"S1",2024,"D","P2","_T","L",-1,"Ventilation en activité",358
"S1",2024,"D","P2","_T","M",-1,"Ventilation en activité",358
"S1",2024,"D","P2","_T","N",-1,"Ventilation en activité",358
"S1",2024,"D","P2","_T","O",-1,"Ventilation en activité",358
"S1",2024,"D","P2","_T","P",-1,"Ventilation en activité",358
"S1",2024,"D","P2","_T","Q",-1,"Ventilation en activité",358
"S1",2024,"D","P2","_T","R",-1,"Ventilation en activité",358
"S1",2024,"D","P2","_T","S",-1,"Ventilation en activité",358
"S1",2025,"C","P1","_T","_T",1,"Ventilation en activité",359
"S1",2025,"C","P1","_T","A",-1,"Ventilation en activité",359
"S1",2025,"C","P1","_T","B",-1,"Ventilation en activité",359
"S1",2025,"C","P1","_T","C",-1,"Ventilation en activité",359
"S1",2025,"C","P1","_T","D",-1,"Ventilation en activité",359
"S1",2025,"C","P1","_T","E",-1,"Ventilation en activité",359
"S1",2025,"C","P1","_T","F",-1,"Ventilation en activité",359
"S1",2025,"C","P1","_T","G",-1,"Ventilation en activité",359
"S1",2025,"C","P1","_T","H",-1,"Ventilation en activité",359
"S1",2025,"C","P1","_T","I",-1,"Ventilation en activité",359
"S1",2025,"C","P1","_T","J",-1,"Ventilation en activité",359
"S1",2025,"C","P1","_T","K",-1,"Ventilation en activité",359
"S1",2025,"C","P1","_T","L",-1,"Ventilation en activité",359
"S1",2025,"C","P1","_T","M",-1,"Ventilation en activité",359
"S1",2025,"C","P1","_T","N",-1,"Ventilation en activité",359
"S1",2025,"C","P1","_T","O",-1,"Ventilation en activité",359
"S1",2025,"C","P1","_T","P",-1,"Ventilation en activité",359
"S1",2025,"C","P1","_T","Q",-1,"Ventilation en activité",359
"S1",2025,"C","P1","_T","R",-1,"Ventilation en activité",359
"S1",2025,"C","P1","_T","S",-1,"Ventilation en activité",359
"S1",2025,"C","P1","_T","T",-1,"Ventilation en activité",359
"S1",2025,"D","P2","_T","_T",1,"Ventilation en activité",360
"S1",2025,"D","P2","_T","A",-1,"Ventilation en activité",360
"S1",2025,"D","P2","_T","B",-1,"Ventilation en activité",360
"S1",2025,"D","P2","_T","C",-1,"Ventilation en activité",360
"S1",2025,"D","P2","_T","D",-1,"Ventilation en activité",360
"S1",2025,"D","P2","_T","E",-1,"Ventilation en activité",360
"S1",2025,"D","P2","_T","F",-1,"Ventilation en activité",360
"S1",2025,"D","P2","_T","G",-1,"Ventilation en activité",360
"S1",2025,"D","P2","_T","H",-1,"Ventilation en activité",360
"S1",2025,"D","P2","_T","I",-1,"Ventilation en activité",360
"S1",2025,"D","P2","_T","J",-1,"Ventilation en activité",360
"S1",2025,"D","P2","_T","K",-1,"Ventilation en activité",360
"S1",2025,"D","P2","_T","L",-1,"Ventilation en activité",360
"S1",2025,"D","P2","_T","M",-1,"Ventilation en activité",360
"S1",2025,"D","P2","_T","N",-1,"Ventilation en activité",360
"S1",2025,"D","P2","_T","O",-1,"Ventilation en activité",360
"S1",2025,"D","P2","_T","P",-1,"Ventilation en activité",360
"S1",2025,"D","P2","_T","Q",-1,"Ventilation en activité",360
"S1",2025,"D","P2","_T","R",-1,"Ventilation en activité",360
"S1",2025,"D","P2","_T","S",-1,"Ventilation en activité",360
"S1",2025,"D","D1","_T","_T",1,"Ventilation en activité",361
"S1",2025,"D","D1","_T","A",-1,"Ventilation en activité",361
"S1",2025,"D","D1","_T","B",-1,"Ventilation en activité",361
"S1",2025,"D","D1","_T","C",-1,"Ventilation en activité",361
"S1",2025,"D","D1","_T","D",-1,"Ventilation en activité",361
"S1",2025,"D","D1","_T","E",-1,"Ventilation en activité",361
"S1",2025,"D","D1","_T","F",-1,"Ventilation en activité",361
"S1",2025,"D","D1","_T","G",-1,"Ventilation en activité",361
"S1",2025,"D","D1","_T","H",-1,"Ventilation en activité",361
"S1",2025,"D","D1","_T","I",-1,"Ventilation en activité",361
"S1",2025,"D","D1","_T","J",-1,"Ventilation en activité",361
"S1",2025,"D","D1","_T","K",-1,"Ventilation en activité",361
"S1",2025,"D","D1","_T","L",-1,"Ventilation en activité",361
"S1",2025,"D","D1","_T","M",-1,"Ventilation en activité",361
"S1",2025,"D","D1","_T","N",-1,"Ventilation en activité",361
"S1",2025,"D","D1","_T","O",-1,"Ventilation en activité",361
"S1",2025,"D","D1","_T","P",-1,"Ventilation en activité",361
"S1",2025,"D","D1","_T","Q",-1,"Ventilation en activité",361
"S1",2025,"D","D1","_T","R",-1,"Ventilation en activité",361
"S1",2025,"D","D1","_T","S",-1,"Ventilation en activité",361
"S1",2025,"D","D1","_T","T",-1,"Ventilation en activité",361
"S1",2024,"D","D11","_T","_T",1,"Ventilation en activité",362
"S1",2024,"D","D11","_T","A",-1,"Ventilation en activité",362
"S1",2024,"D","D11","_T","B",-1,"Ventilation en activité",362
"S1",2024,"D","D11","_T","C",-1,"Ventilation en activité",362
"S1",2024,"D","D11","_T","D",-1,"Ventilation en activité",362
"S1",2024,"D","D11","_T","E",-1,"Ventilation en activité",362
"S1",2024,"D","D11","_T","F",-1,"Ventilation en activité",362
"S1",2024,"D","D11","_T","G",-1,"Ventilation en activité",362
"S1",2024,"D","D11","_T","H",-1,"Ventilation en activité",362
"S1",2024,"D","D11","_T","I",-1,"Ventilation en activité",362
"S1",2024,"D","D11","_T","J",-1,"Ventilation en activité",362
"S1",2024,"D","D11","_T","K",-1,"Ventilation en activité",362
"S1",2024,"D","D11","_T","L",-1,"Ventilation en activité",362
"S1",2024,"D","D11","_T","M",-1,"Ventilation en activité",362
"S1",2024,"D","D11","_T","N",-1,"Ventilation en activité",362
"S1",2024,"D","D11","_T","O",-1,"Ventilation en activité",362
"S1",2024,"D","D11","_T","P",-1,"Ventilation en activité",362
"S1",2024,"D","D11","_T","Q",-1,"Ventilation en activité",362
"S1",2024,"D","D11","_T","R",-1,"Ventilation en activité",362
"S1",2024,"D","D11","_T","S",-1,"Ventilation en activité",362
"S1",2024,"D","D11","_T","T",-1,"Ventilation en activité",362
"S1",2025,"D","D11","_T","_T",1,"Ventilation en activité",363
"S1",2025,"D","D11","_T","A",-1,"Ventilation en activité",363
"S1",2025,"D","D11","_T","B",-1,"Ventilation en activité",363
"S1",2025,"D","D11","_T","C",-1,"Ventilation en activité",363
"S1",2025,"D","D11","_T","D",-1,"Ventilation en activité",363
"S1",2025,"D","D11","_T","E",-1,"Ventilation en activité",363
"S1",2025,"D","D11","_T","F",-1,"Ventilation en activité",363
"S1",2025,"D","D11","_T","G",-1,"Ventilation en activité",363
"S1",2025,"D","D11","_T","H",-1,"Ventilation en activité",363
"S1",2025,"D","D11","_T","I",-1,"Ventilation en activité",363
"S1",2025,"D","D11","_T","J",-1,"Ventilation en activité",363
"S1",2025,"D","D11","_T","K",-1,"Ventilation en activité",363
"S1",2025,"D","D11","_T","L",-1,"Ventilation en activité",363
"S1",2025,"D","D11","_T","M",-1,"Ventilation en activité",363
"S1",2025,"D","D11","_T","N",-1,"Ventilation en activité",363
"S1",2025,"D","D11","_T","O",-1,"Ventilation en activité",363
"S1",2025,"D","D11","_T","P",-1,"Ventilation en activité",363
"S1",2025,"D","D11","_T","Q",-1,"Ventilation en activité",363
"S1",2025,"D","D11","_T","R",-1,"Ventilation en activité",363
"S1",2025,"D","D11","_T","S",-1,"Ventilation en activité",363
"S1",2025,"D","D11","_T","T",-1,"Ventilation en activité",363
"S1",2025,"B","B1G","_T","_T",1,"Ventilation en activité",364
"S1",2025,"B","B1G","_T","A",-1,"Ventilation en activité",364
"S1",2025,"B","B1G","_T","B",-1,"Ventilation en activité",364
"S1",2025,"B","B1G","_T","C",-1,"Ventilation en activité",364
"S1",2025,"B","B1G","_T","D",-1,"Ventilation en activité",364
"S1",2025,"B","B1G","_T","E",-1,"Ventilation en activité",364
"S1",2025,"B","B1G","_T","F",-1,"Ventilation en activité",364
"S1",2025,"B","B1G","_T","G",-1,"Ventilation en activité",364
"S1",2025,"B","B1G","_T","H",-1,"Ventilation en activité",364
"S1",2025,"B","B1G","_T","I",-1,"Ventilation en activité",364
"S1",2025,"B","B1G","_T","J",-1,"Ventilation en activité",364
"S1",2025,"B","B1G","_T","K",-1,"Ventilation en activité",364
"S1",2025,"B","B1G","_T","L",-1,"Ventilation en activité",364
"S1",2025,"B","B1G","_T","M",-1,"Ventilation en activité",364
"S1",2025,"B","B1G","_T","N",-1,"Ventilation en activité",364
"S1",2025,"B","B1G","_T","O",-1,"Ventilation en activité",364
"S1",2025,"B","B1G","_T","P",-1,"Ventilation en activité",364
"S1",2025,"B","B1G","_T","Q",-1,"Ventilation en activité",364
"S1",2025,"B","B1G","_T","R",-1,"Ventilation en activité",364
"S1",2025,"B","B1G","_T","S",-1,"Ventilation en activité",364
"S1",2025,"B","B1G","_T","T",-1,"Ventilation en activité",364
"S1",2025,"D","P51C","_T","_T",1,"Ventilation en activité",365
"S1",2025,"D","P51C","_T","A",-1,"Ventilation en activité",365
"S1",2025,"D","P51C","_T","B",-1,"Ventilation en activité",365
"S1",2025,"D","P51C","_T","C",-1,"Ventilation en activité",365
"S1",2025,"D","P51C","_T","D",-1,"Ventilation en activité",365
"S1",2025,"D","P51C","_T","E",-1,"Ventilation en activité",365
"S1",2025,"D","P51C","_T","F",-1,"Ventilation en activité",365
"S1",2025,"D","P51C","_T","G",-1,"Ventilation en activité",365
"S1",2025,"D","P51C","_T","H",-1,"Ventilation en activité",365
"S1",2025,"D","P51C","_T","I",-1,"Ventilation en activité",365
"S1",2025,"D","P51C","_T","J",-1,"Ventilation en activité",365
"S1",2025,"D","P51C","_T","K",-1,"Ventilation en activité",365
"S1",2025,"D","P51C","_T","L",-1,"Ventilation en activité",365
"S1",2025,"D","P51C","_T","M",-1,"Ventilation en activité",365
"S1",2025,"D","P51C","_T","N",-1,"Ventilation en activité",365
"S1",2025,"D","P51C","_T","O",-1,"Ventilation en activité",365
"S1",2025,"D","P51C","_T","P",-1,"Ventilation en activité",365
"S1",2025,"D","P51C","_T","Q",-1,"Ventilation en activité",365
"S1",2025,"D","P51C","_T","R",-1,"Ventilation en activité",365
"S1",2025,"D","P51C","_T","S",-1,"Ventilation en activité",365
